date,Event_type,MDA8O3,DOW,DOY,YEAR,Tmax,RH,DewP
2006-05-01,no-smoke day,50,2,121,2006,70,38,30
2006-05-02,no-smoke day,65,3,122,2006,64,37,28
2006-05-03,no-smoke day,56,4,123,2006,65,59,39
2006-05-04,no-smoke day,42,5,124,2006,64,71,44
2006-05-05,no-smoke day,47,6,125,2006,62,65,41
2006-05-06,no-smoke day,59,7,126,2006,68,51,39
2006-05-07,no-smoke day,52,1,127,2006,72,45,38
2006-05-08,no-smoke day,44,2,128,2006,64,65,42
2006-05-09,no-smoke day,60,3,129,2006,59,38,26
2006-05-10,no-smoke day,63,4,130,2006,63,37,25
2006-05-11,no-smoke day,58,5,131,2006,75,33,29
2006-05-12,no-smoke day,57,6,132,2006,81,30,33
2006-05-13,no-smoke day,59,7,133,2006,83,44,43
2006-05-14,no-smoke day,60,1,134,2006,86,32,39
2006-05-15,no-smoke day,56,2,135,2006,88,26,35
2006-05-16,no-smoke day,55,3,136,2006,90,25,34
2006-05-17,no-smoke day,66,4,137,2006,88,30,39
2006-05-18,no-smoke day,64,5,138,2006,92,30,40
2006-05-19,no-smoke day,52,6,139,2006,85,38,47
2006-05-20,no-smoke day,51,7,140,2006,89,25,37
2006-05-21,no-smoke day,38,1,141,2006,88,22,34
2006-05-22,no-smoke day,45,2,142,2006,82,25,34
2006-05-23,no-smoke day,43,3,143,2006,74,39,38
2006-05-24,no-smoke day,59,4,144,2006,85,32,37
2006-05-25,no-smoke day,64,5,145,2006,87,31,39
2006-05-26,no-smoke day,60,6,146,2006,88,30,37
2006-05-27,no-smoke day,49,7,147,2006,64,73,41
2006-05-28,no-smoke day,40,1,148,2006,54,71,37
2006-05-29,no-smoke day,46,2,149,2006,65,48,33
2006-05-30,no-smoke day,53,3,150,2006,69,39,31
2006-05-31,no-smoke day,57,4,151,2006,77,35,32
2006-06-01,no-smoke day,66,5,152,2006,87,34,39
2006-06-02,no-smoke day,70,6,153,2006,91,27,37
2006-06-03,no-smoke day,61,7,154,2006,82,45,47
2006-06-04,no-smoke day,64,1,155,2006,90,38,47
2006-06-05,no-smoke day,56,2,156,2006,88,39,47
2006-06-06,no-smoke day,74,3,157,2006,95,30,44
2006-06-07,no-smoke day,49,4,158,2006,99,24,41
2006-06-08,no-smoke day,53,5,159,2006,84,50,50
2006-06-09,no-smoke day,56,6,160,2006,73,72,52
2006-06-10,no-smoke day,67,7,161,2006,78,57,48
2006-06-11,no-smoke day,67,1,162,2006,90,37,42
2006-06-12,no-smoke day,67,2,163,2006,94,21,33
2006-06-13,no-smoke day,47,3,164,2006,92,31,37
2006-06-14,no-smoke day,55,4,165,2006,70,53,44
2006-06-15,no-smoke day,51,5,166,2006,73,44,39
2006-06-16,no-smoke day,45,6,167,2006,74,42,39
2006-06-17,no-smoke day,54,7,168,2006,86,33,39
2006-06-18,no-smoke day,83,1,169,2006,90,41,48
2006-06-19,no-smoke day,60,2,170,2006,92,21,36
2006-06-20,no-smoke day,59,3,171,2006,82,28,34
2006-06-21,no-smoke day,57,4,172,2006,86,32,38
2006-06-22,no-smoke day,61,5,173,2006,85,26,32
2006-06-23,no-smoke day,64,6,174,2006,92,22,31
2006-06-24,no-smoke day,61,7,175,2006,94,24,36
2006-06-25,no-smoke day,70,1,176,2006,92,29,40
2006-06-26,no-smoke day,66,2,177,2006,93,26,40
2006-06-27,no-smoke day,62,3,178,2006,94,23,36
2006-06-28,no-smoke day,64,4,179,2006,97,24,40
2006-06-29,smoke day,62,5,180,2006,92,28,44
2006-06-30,no-smoke day,80,6,181,2006,91,37,50
2006-07-01,no-smoke day,71,7,182,2006,92,34,48
2006-07-02,no-smoke day,67,1,183,2006,95,30,47
2006-07-03,no-smoke day,72,2,184,2006,94,32,49
2006-07-04,no-smoke day,61,3,185,2006,93,45,52
2006-07-05,no-smoke day,60,4,186,2006,88,53,56
2006-07-06,no-smoke day,44,5,187,2006,87,49,54
2006-07-07,no-smoke day,67,6,188,2006,90,40,49
2006-07-08,no-smoke day,63,7,189,2006,92,34,45
2006-07-09,no-smoke day,73,1,190,2006,93,28,43
2006-07-10,no-smoke day,65,2,191,2006,95,27,42
2006-07-11,no-smoke day,52,3,192,2006,94,29,44
2006-07-12,smoke day,61,4,193,2006,98,26,41
2006-07-13,no-smoke day,75,5,194,2006,95,27,40
2006-07-14,no-smoke day,83,6,195,2006,102,23,40
2006-07-15,no-smoke day,63,7,196,2006,104,19,40
2006-07-16,smoke day,80,1,197,2006,102,24,43
2006-07-17,smoke day,79,2,198,2006,103,22,41
2006-07-18,no-smoke day,65,3,199,2006,101,25,46
2006-07-19,no-smoke day,64,4,200,2006,98,35,52
2006-07-20,no-smoke day,71,5,201,2006,95,40,54
2006-07-21,no-smoke day,72,6,202,2006,102,31,51
2006-07-22,no-smoke day,82,7,203,2006,104,24,46
2006-07-23,no-smoke day,87,1,204,2006,102,29,51
2006-07-24,no-smoke day,64,2,205,2006,98,35,54
2006-07-25,no-smoke day,70,3,206,2006,97,34,53
2006-07-26,no-smoke day,77,4,207,2006,97,32,51
2006-07-27,no-smoke day,63,5,208,2006,98,25,42
2006-07-28,smoke day,72,6,209,2006,102,27,45
2006-07-29,smoke day,71,7,210,2006,98,27,48
2006-07-30,no-smoke day,60,1,211,2006,96,26,44
2006-07-31,no-smoke day,50,2,212,2006,88,47,51
2006-08-01,no-smoke day,44,3,213,2006,76,65,54
2006-08-02,no-smoke day,62,4,214,2006,87,43,48
2006-08-03,no-smoke day,56,5,215,2006,86,40,49
2006-08-04,no-smoke day,44,6,216,2006,92,40,50
2006-08-05,no-smoke day,55,7,217,2006,93,38,51
2006-08-06,no-smoke day,59,1,218,2006,92,35,48
2006-08-07,no-smoke day,50,2,219,2006,94,34,46
2006-08-08,no-smoke day,50,3,220,2006,96,26,40
2006-08-09,no-smoke day,62,4,221,2006,89,22,35
2006-08-10,no-smoke day,50,5,222,2006,94,25,39
2006-08-11,no-smoke day,61,6,223,2006,92,28,46
2006-08-12,no-smoke day,52,7,224,2006,88,42,51
2006-08-13,no-smoke day,67,1,225,2006,87,39,46
2006-08-14,no-smoke day,58,2,226,2006,93,29,42
2006-08-15,no-smoke day,47,3,227,2006,94,31,45
2006-08-16,no-smoke day,46,4,228,2006,95,27,43
2006-08-17,no-smoke day,65,5,229,2006,88,25,38
2006-08-18,no-smoke day,71,6,230,2006,86,33,39
2006-08-19,no-smoke day,72,7,231,2006,92,28,37
2006-08-20,no-smoke day,72,1,232,2006,94,24,37
2006-08-21,no-smoke day,57,2,233,2006,97,21,36
2006-08-22,no-smoke day,62,3,234,2006,98,19,37
2006-08-23,no-smoke day,45,4,235,2006,94,26,44
2006-08-24,no-smoke day,68,5,236,2006,88,31,41
2006-08-25,no-smoke day,53,6,237,2006,84,45,49
2006-08-26,no-smoke day,53,7,238,2006,77,48,45
2006-08-27,no-smoke day,60,1,239,2006,81,44,44
2006-08-28,no-smoke day,68,2,240,2006,88,35,43
2006-08-29,no-smoke day,50,3,241,2006,96,21,34
2006-08-30,no-smoke day,52,4,242,2006,92,20,33
2006-08-31,no-smoke day,48,5,243,2006,76,33,33
2006-09-01,no-smoke day,54,6,244,2006,82,36,37
2006-09-02,no-smoke day,66,7,245,2006,87,33,37
2006-09-03,no-smoke day,63,1,246,2006,89,25,32
2006-09-04,no-smoke day,63,2,247,2006,93,25,35
2006-09-05,no-smoke day,49,3,248,2006,91,28,41
2006-09-06,no-smoke day,43,4,249,2006,88,33,43
2006-09-07,smoke day,40,5,250,2006,80,38,43
2006-09-08,no-smoke day,53,6,251,2006,80,44,46
2006-09-09,no-smoke day,53,7,252,2006,82,44,44
2006-09-10,no-smoke day,54,1,253,2006,81,45,44
2006-09-11,no-smoke day,52,2,254,2006,85,38,41
2006-09-12,smoke day,58,3,255,2006,87,34,40
2006-09-13,no-smoke day,61,4,256,2006,90,30,38
2006-09-14,no-smoke day,43,5,257,2006,84,46,44
2006-09-15,no-smoke day,40,6,258,2006,73,76,47
2006-09-16,no-smoke day,28,7,259,2006,53,62,35
2006-09-17,no-smoke day,38,1,260,2006,58,51,31
2006-09-18,no-smoke day,37,2,261,2006,67,44,30
2006-09-19,no-smoke day,46,3,262,2006,80,32,30
2006-09-20,no-smoke day,33,4,263,2006,66,77,42
2006-09-21,no-smoke day,30,5,264,2006,59,63,40
2006-09-22,no-smoke day,21,6,265,2006,55,74,38
2006-09-23,no-smoke day,31,7,266,2006,59,63,37
2006-09-24,no-smoke day,38,1,267,2006,66,56,36
2006-09-25,no-smoke day,36,2,268,2006,67,56,39
2006-09-26,no-smoke day,37,3,269,2006,73,48,37
2006-09-27,no-smoke day,37,4,270,2006,75,42,35
2006-09-28,no-smoke day,38,5,271,2006,79,38,34
2006-09-29,no-smoke day,38,6,272,2006,78,37,35
2006-09-30,no-smoke day,36,7,273,2006,82,33,33
2007-05-01,no-smoke day,57,3,121,2007,87,26,30
2007-05-02,no-smoke day,58,4,122,2007,82,24,32
2007-05-03,no-smoke day,42,5,123,2007,57,72,37
2007-05-04,no-smoke day,38,6,124,2007,52,72,36
2007-05-05,no-smoke day,36,7,125,2007,48,64,31
2007-05-06,no-smoke day,45,1,126,2007,62,55,34
2007-05-07,no-smoke day,53,2,127,2007,68,43,32
2007-05-08,no-smoke day,66,3,128,2007,76,40,35
2007-05-09,no-smoke day,54,4,129,2007,82,32,33
2007-05-10,no-smoke day,57,5,130,2007,88,19,26
2007-05-11,no-smoke day,62,6,131,2007,91,16,24
2007-05-12,no-smoke day,54,7,132,2007,90,17,27
2007-05-13,no-smoke day,61,1,133,2007,84,23,30
2007-05-14,no-smoke day,60,2,134,2007,73,29,28
2007-05-15,no-smoke day,66,3,135,2007,79,35,34
2007-05-16,no-smoke day,64,4,136,2007,86,28,32
2007-05-17,no-smoke day,56,5,137,2007,87,23,33
2007-05-18,no-smoke day,60,6,138,2007,89,20,30
2007-05-19,no-smoke day,59,7,139,2007,90,20,29
2007-05-20,no-smoke day,60,1,140,2007,88,23,29
2007-05-21,no-smoke day,28,2,141,2007,67,66,42
2007-05-22,no-smoke day,40,3,142,2007,57,52,30
2007-05-23,no-smoke day,45,4,143,2007,63,48,31
2007-05-24,no-smoke day,46,5,144,2007,72,27,24
2007-05-25,no-smoke day,45,6,145,2007,80,27,30
2007-05-26,no-smoke day,62,7,146,2007,85,28,34
2007-05-27,no-smoke day,66,1,147,2007,90,20,30
2007-05-28,no-smoke day,44,2,148,2007,79,32,35
2007-05-29,no-smoke day,53,3,149,2007,69,30,25
2007-05-30,no-smoke day,51,4,150,2007,76,26,25
2007-05-31,no-smoke day,56,5,151,2007,80,23,26
2007-06-01,no-smoke day,58,6,152,2007,84,25,31
2007-06-02,no-smoke day,62,7,153,2007,89,23,32
2007-06-03,no-smoke day,58,1,154,2007,92,22,34
2007-06-04,no-smoke day,56,2,155,2007,92,24,37
2007-06-05,no-smoke day,42,3,156,2007,89,19,28
2007-06-06,no-smoke day,32,4,157,2007,61,74,40
2007-06-07,no-smoke day,24,5,158,2007,54,68,37
2007-06-08,no-smoke day,41,6,159,2007,71,54,40
2007-06-09,no-smoke day,60,7,160,2007,81,39,38
2007-06-10,no-smoke day,52,1,161,2007,92,28,32
2007-06-11,no-smoke day,53,2,162,2007,84,46,46
2007-06-12,no-smoke day,60,3,163,2007,81,34,39
2007-06-13,no-smoke day,62,4,164,2007,88,27,35
2007-06-14,no-smoke day,52,5,165,2007,90,26,37
2007-06-15,no-smoke day,72,6,166,2007,93,32,44
2007-06-16,no-smoke day,66,7,167,2007,100,19,33
2007-06-17,no-smoke day,58,1,168,2007,83,22,27
2007-06-18,no-smoke day,56,2,169,2007,80,22,26
2007-06-19,no-smoke day,74,3,170,2007,93,23,34
2007-06-20,no-smoke day,65.66666667,4,171,2007,98,14,28
2007-06-21,no-smoke day,69,5,172,2007,95,17,31
2007-06-22,no-smoke day,71,6,173,2007,98,16,29
2007-06-23,no-smoke day,66,7,174,2007,94,18,33
2007-06-24,no-smoke day,68,1,175,2007,93,21,36
2007-06-25,no-smoke day,53,2,176,2007,86,27,35
2007-06-26,no-smoke day,70,3,177,2007,89,28,38
2007-06-27,no-smoke day,64,4,178,2007,97,18,28
2007-06-28,no-smoke day,61,5,179,2007,99,11,20
2007-06-29,no-smoke day,64,6,180,2007,100,12,24
2007-06-30,no-smoke day,67,7,181,2007,95,17,33
2007-07-01,no-smoke day,79,1,182,2007,98,23,36
2007-07-02,no-smoke day,70,2,183,2007,99,20,35
2007-07-03,no-smoke day,59,3,184,2007,94,22,35
2007-07-04,no-smoke day,66,4,185,2007,97,25,38
2007-07-05,no-smoke day,72,5,186,2007,101,22,42
2007-07-06,no-smoke day,70,6,187,2007,103,16,37
2007-07-07,smoke day,69,7,188,2007,101,21,40
2007-07-08,smoke day,65,1,189,2007,96,25,40
2007-07-09,smoke day,78,2,190,2007,99,22,39
2007-07-10,smoke day,86,3,191,2007,100,22,39
2007-07-11,smoke day,83,4,192,2007,99,24,42
2007-07-12,no-smoke day,54,5,193,2007,91,33,49
2007-07-13,no-smoke day,76,6,194,2007,98,24,44
2007-07-14,no-smoke day,71,7,195,2007,104,17,38
2007-07-15,no-smoke day,62,1,196,2007,105,20,42
2007-07-16,no-smoke day,49,2,197,2007,95,28,47
2007-07-17,no-smoke day,62,3,198,2007,94,41,53
2007-07-18,no-smoke day,53,4,199,2007,101,27,47
2007-07-19,no-smoke day,53,5,200,2007,102,17,35
2007-07-20,no-smoke day,57,6,201,2007,100,17,36
2007-07-21,no-smoke day,69,7,202,2007,100,18,37
2007-07-22,smoke day,79,1,203,2007,99,23,45
2007-07-23,no-smoke day,56,2,204,2007,99,31,52
2007-07-24,no-smoke day,51,3,205,2007,91,48,58
2007-07-25,no-smoke day,50,4,206,2007,87,61,61
2007-07-26,no-smoke day,67,5,207,2007,89,62,61
2007-07-27,no-smoke day,62,6,208,2007,90,51,57
2007-07-28,no-smoke day,63,7,209,2007,96,37,51
2007-07-29,no-smoke day,78,1,210,2007,99,29,47
2007-07-30,no-smoke day,71,2,211,2007,102,25,45
2007-07-31,no-smoke day,67,3,212,2007,97,29,50
2007-08-01,no-smoke day,68,4,213,2007,93,36,53
2007-08-02,no-smoke day,62,5,214,2007,84,58,59
2007-08-03,no-smoke day,55,6,215,2007,89,52,58
2007-08-04,smoke day,66,7,216,2007,94,38,51
2007-08-05,no-smoke day,58,1,217,2007,95,35,49
2007-08-06,no-smoke day,56,2,218,2007,94,24,40
2007-08-07,no-smoke day,54,3,219,2007,93,19,34
2007-08-08,no-smoke day,64,4,220,2007,92,25,37
2007-08-09,no-smoke day,44,5,221,2007,96,18,33
2007-08-10,no-smoke day,46,6,222,2007,96,15,30
2007-08-11,no-smoke day,48,7,223,2007,98,18,33
2007-08-12,no-smoke day,52,1,224,2007,100,23,42
2007-08-13,no-smoke day,56,2,225,2007,102,25,46
2007-08-14,no-smoke day,58,3,226,2007,100,27,48
2007-08-15,no-smoke day,67,4,227,2007,96,30,49
2007-08-16,no-smoke day,62,5,228,2007,100,27,48
2007-08-17,no-smoke day,54,6,229,2007,95,36,52
2007-08-18,no-smoke day,58.16666667,7,230,2007,89,43,54
2007-08-19,no-smoke day,54.33333333,1,231,2007,98,26,42
2007-08-20,no-smoke day,54,2,232,2007,88,31,40
2007-08-21,no-smoke day,45,3,233,2007,89,33,44
2007-08-22,no-smoke day,49,4,234,2007,88,46,51
2007-08-23,no-smoke day,50,5,235,2007,84,40,44
2007-08-24,no-smoke day,56,6,236,2007,86,29,36
2007-08-25,no-smoke day,72,7,237,2007,96,24,36
2007-08-26,no-smoke day,55,1,238,2007,97,27,45
2007-08-27,no-smoke day,53,2,239,2007,89,43,52
2007-08-28,no-smoke day,50,3,240,2007,92,32,45
2007-08-29,no-smoke day,67,4,241,2007,95,31,45
2007-08-30,no-smoke day,63,5,242,2007,98,29,46
2007-08-31,no-smoke day,54,6,243,2007,91,34,50
2007-09-01,no-smoke day,60,7,244,2007,94,30,44
2007-09-02,no-smoke day,57,1,245,2007,95,30,47
2007-09-03,no-smoke day,59,2,246,2007,96,33,45
2007-09-04,no-smoke day,53,3,247,2007,93,47,51
2007-09-05,no-smoke day,45,4,248,2007,75,64,53
2007-09-06,no-smoke day,48,5,249,2007,76,51,46
2007-09-07,smoke day,54,6,250,2007,85,40,42
2007-09-08,no-smoke day,48,7,251,2007,83,39,43
2007-09-09,smoke day,49,1,252,2007,77,39,38
2007-09-10,smoke day,56,2,253,2007,76,40,35
2007-09-11,smoke day,61,3,254,2007,82,35,37
2007-09-12,no-smoke day,51,4,255,2007,90,30,35
2007-09-13,no-smoke day,50.16666667,5,256,2007,90,26,35
2007-09-14,no-smoke day,42,6,257,2007,91,22,36
2007-09-15,smoke day,42,7,258,2007,89,23,32
2007-09-16,smoke day,52,1,259,2007,85,19,24
2007-09-17,no-smoke day,44,2,260,2007,76,35,33
2007-09-18,no-smoke day,43,3,261,2007,76,44,39
2007-09-19,no-smoke day,49,4,262,2007,83,28,30
2007-09-20,no-smoke day,56,5,263,2007,86,21,26
2007-09-21,no-smoke day,43,6,264,2007,84,29,33
2007-09-22,no-smoke day,27,7,265,2007,79,58,47
2007-09-23,no-smoke day,46,1,266,2007,67,61,43
2007-09-24,no-smoke day,36.5,2,267,2007,56,65,36
2007-09-25,no-smoke day,36,3,268,2007,62,53,33
2007-09-26,no-smoke day,39,4,269,2007,69,46,32
2007-09-27,no-smoke day,32,5,270,2007,76,43,35
2007-09-28,no-smoke day,38,6,271,2007,80,24,30
2007-09-29,no-smoke day,28,7,272,2007,68,75,35
2007-09-30,no-smoke day,38,1,273,2007,62,63,35
2008-05-01,no-smoke day,45,5,122,2008,48,57,24
2008-05-02,no-smoke day,53,6,123,2008,56,40,20
2008-05-03,no-smoke day,57,7,124,2008,65,33,20
2008-05-04,no-smoke day,58,1,125,2008,72,32,27
2008-05-05,no-smoke day,53,2,126,2008,77,37,32
2008-05-06,no-smoke day,50,3,127,2008,76,33,31
2008-05-07,no-smoke day,31,4,128,2008,62,67,42
2008-05-08,no-smoke day,47,5,129,2008,63,49,34
2008-05-09,no-smoke day,48,6,130,2008,62,44,32
2008-05-10,no-smoke day,56,7,131,2008,63,45,27
2008-05-11,no-smoke day,53,1,132,2008,77,27,25
2008-05-12,no-smoke day,55,2,133,2008,55,59,32
2008-05-13,no-smoke day,55,3,134,2008,62,42,27
2008-05-14,no-smoke day,31,4,135,2008,67,44,36
2008-05-15,no-smoke day,50,5,136,2008,74,40,36
2008-05-16,no-smoke day,54,6,137,2008,78,36,35
2008-05-17,no-smoke day,48,7,138,2008,84,31,35
2008-05-18,no-smoke day,44,1,139,2008,90,27,35
2008-05-19,no-smoke day,33,2,140,2008,89,30,38
2008-05-20,no-smoke day,39,3,141,2008,93,27,37
2008-05-21,no-smoke day,41,4,142,2008,62,62,37
2008-05-22,no-smoke day,29,5,143,2008,53,71,37
2008-05-23,no-smoke day,42,6,144,2008,62,59,37
2008-05-24,no-smoke day,48,7,145,2008,67,46,34
2008-05-25,no-smoke day,62,1,146,2008,69,42,35
2008-05-26,no-smoke day,47,2,147,2008,60,73,44
2008-05-27,no-smoke day,57,3,148,2008,73,46,38
2008-05-28,no-smoke day,58,4,149,2008,77,33,31
2008-05-29,no-smoke day,51,5,150,2008,69,52,39
2008-05-30,no-smoke day,52,6,151,2008,74,47,38
2008-05-31,no-smoke day,64,7,152,2008,82,34,35
2008-06-01,no-smoke day,64,1,153,2008,87,29,34
2008-06-02,no-smoke day,51,2,154,2008,79,45,42
2008-06-03,no-smoke day,47,3,155,2008,74,50,42
2008-06-04,no-smoke day,31,4,156,2008,57,75,45
2008-06-05,no-smoke day,35,5,157,2008,66,62,42
2008-06-06,no-smoke day,40,6,158,2008,66,51,40
2008-06-07,no-smoke day,45,7,159,2008,64,49,34
2008-06-08,no-smoke day,40,1,160,2008,68,36,27
2008-06-09,no-smoke day,50,2,161,2008,81,27,28
2008-06-10,no-smoke day,38,3,162,2008,70,38,34
2008-06-11,no-smoke day,36,4,163,2008,64,42,30
2008-06-12,no-smoke day,40,5,164,2008,69,40,30
2008-06-13,no-smoke day,51,6,165,2008,80,31,32
2008-06-14,no-smoke day,62,7,166,2008,90,22,28
2008-06-15,no-smoke day,65,1,167,2008,89,28,37
2008-06-16,no-smoke day,69,2,168,2008,92,28,39
2008-06-17,smoke day,59,3,169,2008,96,25,38
2008-06-18,no-smoke day,52,4,170,2008,90,28,37
2008-06-19,no-smoke day,46,5,171,2008,87,27,33
2008-06-20,no-smoke day,52,6,172,2008,91,19,28
2008-06-21,no-smoke day,50,7,173,2008,98,15,29
2008-06-22,no-smoke day,46,1,174,2008,91,25,40
2008-06-23,no-smoke day,60,2,175,2008,92,25,41
2008-06-24,no-smoke day,62,3,176,2008,94,26,42
2008-06-25,smoke day,50,4,177,2008,97,17,30
2008-06-26,no-smoke day,54,5,178,2008,95,15,28
2008-06-27,smoke day,42,6,179,2008,88,28,39
2008-06-28,no-smoke day,51,7,180,2008,94,26,39
2008-06-29,no-smoke day,57,1,181,2008,99,22,38
2008-06-30,no-smoke day,56,2,182,2008,97,22,39
2008-07-01,no-smoke day,48,3,183,2008,98,22,41
2008-07-02,smoke day,54,4,184,2008,94,26,41
2008-07-03,smoke day,56,5,185,2008,101,18,34
2008-07-04,no-smoke day,52,6,186,2008,102,16,35
2008-07-05,no-smoke day,64,7,187,2008,96,22,38
2008-07-06,no-smoke day,53,1,188,2008,89,30,44
2008-07-07,smoke day,53,2,189,2008,91,27,39
2008-07-08,smoke day,79,3,190,2008,91,23,33
2008-07-09,no-smoke day,75,4,191,2008,94,21,32
2008-07-10,smoke day,60,5,192,2008,98,17,30
2008-07-11,smoke day,54,6,193,2008,89,21,33
2008-07-12,smoke day,64,7,194,2008,92,24,32
2008-07-13,smoke day,69,1,195,2008,94,19,30
2008-07-14,no-smoke day,51,2,196,2008,93,19,29
2008-07-15,no-smoke day,61,3,197,2008,97,19,33
2008-07-16,no-smoke day,51,4,198,2008,91,31,47
2008-07-17,no-smoke day,70,5,199,2008,95,30,43
2008-07-18,no-smoke day,59,6,200,2008,97,20,34
2008-07-19,smoke day,79,7,201,2008,97,26,40
2008-07-20,no-smoke day,53,1,202,2008,98,24,43
2008-07-21,no-smoke day,70,2,203,2008,88,44,54
2008-07-22,no-smoke day,59,3,204,2008,93,46,57
2008-07-23,no-smoke day,70,4,205,2008,94,44,54
2008-07-24,no-smoke day,72,5,206,2008,99,27,43
2008-07-25,no-smoke day,67,6,207,2008,102,19,38
2008-07-26,no-smoke day,61,7,208,2008,101,24,45
2008-07-27,no-smoke day,66,1,209,2008,97,34,49
2008-07-28,no-smoke day,67,2,210,2008,94,33,46
2008-07-29,smoke day,60,3,211,2008,98,23,37
2008-07-30,no-smoke day,55,4,212,2008,95,24,41
2008-07-31,no-smoke day,77,5,213,2008,96,27,43
2008-08-01,no-smoke day,58,6,214,2008,103,17,37
2008-08-02,no-smoke day,67,7,215,2008,98,23,40
2008-08-03,no-smoke day,68,1,216,2008,97,25,40
2008-08-04,no-smoke day,61,2,217,2008,98,22,37
2008-08-05,no-smoke day,38,3,218,2008,88,31,45
2008-08-06,no-smoke day,64,4,219,2008,94,37,51
2008-08-07,no-smoke day,61,5,220,2008,92,38,53
2008-08-08,no-smoke day,50,6,221,2008,89,46,55
2008-08-09,no-smoke day,56,7,222,2008,92,37,52
2008-08-10,no-smoke day,60,1,223,2008,92,35,48
2008-08-11,no-smoke day,42,2,224,2008,85,25,34
2008-08-12,no-smoke day,55,3,225,2008,92,23,34
2008-08-13,no-smoke day,51,4,226,2008,95,22,35
2008-08-14,no-smoke day,42,5,227,2008,92,26,38
2008-08-15,no-smoke day,53,6,228,2008,85,28,38
2008-08-16,no-smoke day,53,7,229,2008,82,27,35
2008-08-17,no-smoke day,57,1,230,2008,88,28,37
2008-08-18,no-smoke day,64,2,231,2008,96,22,35
2008-08-19,no-smoke day,49,3,232,2008,96,20,35
2008-08-20,no-smoke day,55,4,233,2008,90,24,37
2008-08-21,no-smoke day,47,5,234,2008,96,21,35
2008-08-22,no-smoke day,49,6,235,2008,86,28,37
2008-08-23,no-smoke day,74,7,236,2008,95,29,42
2008-08-24,no-smoke day,55,1,237,2008,99,22,38
2008-08-25,no-smoke day,50,2,238,2008,98,20,38
2008-08-26,no-smoke day,35,3,239,2008,84,28,39
2008-08-27,no-smoke day,43,4,240,2008,85,21,27
2008-08-28,no-smoke day,44,5,241,2008,84,29,35
2008-08-29,no-smoke day,43,6,242,2008,89,29,35
2008-08-30,no-smoke day,41,7,243,2008,99,21,33
2008-08-31,no-smoke day,39,1,244,2008,89,51,48
2008-09-01,no-smoke day,38,2,245,2008,63,58,40
2008-09-02,no-smoke day,46,3,246,2008,70,44,35
2008-09-03,no-smoke day,41,4,247,2008,75,40,35
2008-09-04,no-smoke day,40,5,248,2008,81,34,32
2008-09-05,no-smoke day,40,6,249,2008,75,34,34
2008-09-06,no-smoke day,35,7,250,2008,79,30,33
2008-09-07,no-smoke day,37,1,251,2008,84,31,35
2008-09-08,no-smoke day,41,2,252,2008,85,34,39
2008-09-09,no-smoke day,34,3,253,2008,83,35,41
2008-09-10,no-smoke day,27,4,254,2008,73,60,50
2008-09-11,no-smoke day,47,5,255,2008,71,43,38
2008-09-12,no-smoke day,42,6,256,2008,76,35,32
2008-09-13,no-smoke day,40,7,257,2008,81,33,32
2008-09-14,no-smoke day,47,1,258,2008,83,29,31
2008-09-15,no-smoke day,43.83333333,2,259,2008,84,33,35
2008-09-16,no-smoke day,47,3,260,2008,88,29,35
2008-09-17,no-smoke day,41,4,261,2008,86,26,34
2008-09-18,no-smoke day,50,5,262,2008,84,34,38
2008-09-19,no-smoke day,41,6,263,2008,84,32,39
2008-09-20,no-smoke day,37,7,264,2008,82,44,45
2008-09-21,no-smoke day,47,1,265,2008,75,51,44
2008-09-22,no-smoke day,44,2,266,2008,66,53,40
2008-09-23,no-smoke day,36,3,267,2008,72,42,33
2008-09-24,no-smoke day,40,4,268,2008,83,35,34
2008-09-25,no-smoke day,44,5,269,2008,88,22,29
2008-09-26,no-smoke day,43,6,270,2008,83,33,37
2008-09-27,no-smoke day,44,7,271,2008,86,34,38
2008-09-28,no-smoke day,61,1,272,2008,84,37,40
2008-09-29,no-smoke day,48,2,273,2008,86,38,41
2008-09-30,no-smoke day,46,3,274,2008,86,34,40
2009-05-01,no-smoke day,44,6,121,2009,63,63,41
2009-05-02,no-smoke day,28,7,122,2009,55,76,44
2009-05-03,no-smoke day,47,1,123,2009,66,67,42
2009-05-04,no-smoke day,51,2,124,2009,61,57,39
2009-05-05,no-smoke day,40,3,125,2009,73,44,38
2009-05-06,no-smoke day,46,4,126,2009,75,43,37
2009-05-07,no-smoke day,44,5,127,2009,67,53,40
2009-05-08,no-smoke day,50,6,128,2009,58,37,23
2009-05-09,no-smoke day,53,7,129,2009,66,41,28
2009-05-10,no-smoke day,58,1,130,2009,68,37,29
2009-05-11,no-smoke day,54,2,131,2009,74,37,34
2009-05-12,no-smoke day,57,3,132,2009,73,31,29
2009-05-13,no-smoke day,54,4,133,2009,57,31,18
2009-05-14,no-smoke day,46,5,134,2009,71,38,30
2009-05-15,no-smoke day,51,6,135,2009,69,45,36
2009-05-16,no-smoke day,63,7,136,2009,74,34,28
2009-05-17,no-smoke day,70,1,137,2009,82,27,29
2009-05-18,no-smoke day,61,2,138,2009,91,27,36
2009-05-19,no-smoke day,51,3,139,2009,87,29,38
2009-05-20,no-smoke day,52,4,140,2009,78,37,40
2009-05-21,no-smoke day,59,5,141,2009,79,38,38
2009-05-22,no-smoke day,61,6,142,2009,85,35,39
2009-05-23,no-smoke day,54,7,143,2009,78,43,43
2009-05-24,no-smoke day,43,1,144,2009,69,74,50
2009-05-25,no-smoke day,55,2,145,2009,73,56,45
2009-05-26,no-smoke day,54,3,146,2009,77,44,41
2009-05-27,no-smoke day,55,4,147,2009,79,37,38
2009-05-28,no-smoke day,60,5,148,2009,84,31,36
2009-05-29,no-smoke day,63,6,149,2009,88,30,37
2009-05-30,no-smoke day,58,7,150,2009,84,32,39
2009-05-31,no-smoke day,60,1,151,2009,84,40,44
2009-06-01,no-smoke day,61,2,152,2009,81,50,46
2009-06-02,no-smoke day,52,3,153,2009,80,56,49
2009-06-03,no-smoke day,43,4,154,2009,82,47,45
2009-06-04,no-smoke day,37,5,155,2009,85,26,34
2009-06-05,no-smoke day,48,6,156,2009,81,36,37
2009-06-06,no-smoke day,47,7,157,2009,75,36,35
2009-06-07,no-smoke day,37,1,158,2009,66,60,44
2009-06-08,no-smoke day,33,2,159,2009,73,54,45
2009-06-09,no-smoke day,46,3,160,2009,74,59,46
2009-06-10,no-smoke day,32,4,161,2009,66,72,48
2009-06-11,no-smoke day,39.66666667,5,162,2009,61,79,49
2009-06-12,no-smoke day,52,6,163,2009,73,55,44
2009-06-13,no-smoke day,38,7,164,2009,70,64,48
2009-06-14,no-smoke day,48,1,165,2009,72,64,45
2009-06-15,no-smoke day,57,2,166,2009,74,53,44
2009-06-16,no-smoke day,48,3,167,2009,75,48,44
2009-06-17,no-smoke day,37,4,168,2009,68,71,52
2009-06-18,no-smoke day,51,5,169,2009,73,54,45
2009-06-19,no-smoke day,58,6,170,2009,83,34,38
2009-06-20,no-smoke day,39,7,171,2009,72,65,48
2009-06-21,no-smoke day,53,1,172,2009,79,57,46
2009-06-22,no-smoke day,53,2,173,2009,72,54,44
2009-06-23,no-smoke day,67,3,174,2009,79,50,47
2009-06-24,no-smoke day,74,4,175,2009,92,34,43
2009-06-25,no-smoke day,49,5,176,2009,92,31,43
2009-06-26,no-smoke day,47,6,177,2009,82,62,53
2009-06-27,no-smoke day,61,7,178,2009,82,47,46
2009-06-28,no-smoke day,75,1,179,2009,88,35,40
2009-06-29,no-smoke day,63,2,180,2009,95,27,39
2009-06-30,no-smoke day,59,3,181,2009,97,26,42
2009-07-01,no-smoke day,73,4,182,2009,92,35,49
2009-07-02,no-smoke day,44,5,183,2009,87,60,55
2009-07-03,no-smoke day,60,6,184,2009,85,54,55
2009-07-04,no-smoke day,65,7,185,2009,86,44,50
2009-07-05,no-smoke day,66,1,186,2009,92,35,47
2009-07-06,no-smoke day,51,2,187,2009,95,27,42
2009-07-07,no-smoke day,57,3,188,2009,94,33,43
2009-07-08,no-smoke day,51,4,189,2009,84,29,39
2009-07-09,no-smoke day,57,5,190,2009,89,36,42
2009-07-10,no-smoke day,72,6,191,2009,93,31,43
2009-07-11,no-smoke day,43,7,192,2009,91,27,43
2009-07-12,no-smoke day,49,1,193,2009,95,35,50
2009-07-13,no-smoke day,44,2,194,2009,87,33,45
2009-07-14,no-smoke day,59,3,195,2009,82,35,40
2009-07-15,no-smoke day,74,4,196,2009,91,29,39
2009-07-16,no-smoke day,61,5,197,2009,98,23,38
2009-07-17,no-smoke day,69,6,198,2009,100,22,39
2009-07-18,no-smoke day,81,7,199,2009,102,25,44
2009-07-19,no-smoke day,60,1,200,2009,98,26,46
2009-07-20,no-smoke day,58,2,201,2009,94,28,44
2009-07-21,no-smoke day,63,3,202,2009,96,21,37
2009-07-22,no-smoke day,62,4,203,2009,99,26,44
2009-07-23,no-smoke day,71,5,204,2009,102,26,44
2009-07-24,no-smoke day,76,6,205,2009,96,31,49
2009-07-25,no-smoke day,68,7,206,2009,93,47,56
2009-07-26,no-smoke day,68,1,207,2009,95,35,51
2009-07-27,no-smoke day,61,2,208,2009,95,33,49
2009-07-28,no-smoke day,58,3,209,2009,90,38,48
2009-07-29,no-smoke day,52,4,210,2009,89,37,48
2009-07-30,no-smoke day,53,5,211,2009,89,33,45
2009-07-31,no-smoke day,46,6,212,2009,91,28,42
2009-08-01,no-smoke day,55,7,213,2009,95,25,39
2009-08-02,no-smoke day,63,1,214,2009,98,23,40
2009-08-03,no-smoke day,68,2,215,2009,98,19,37
2009-08-04,no-smoke day,67,3,216,2009,96,16,32
2009-08-05,no-smoke day,51,4,217,2009,99,27,43
2009-08-06,no-smoke day,53,5,218,2009,98,28,42
2009-08-07,smoke day,47,6,219,2009,77,43,41
2009-08-08,no-smoke day,39,7,220,2009,71,55,44
2009-08-09,no-smoke day,54,1,221,2009,78,42,41
2009-08-10,no-smoke day,61,2,222,2009,85,35,40
2009-08-11,no-smoke day,70,3,223,2009,94,29,40
2009-08-12,no-smoke day,57,4,224,2009,97,22,36
2009-08-13,no-smoke day,52,5,225,2009,96,29,45
2009-08-14,no-smoke day,53,6,226,2009,91,36,47
2009-08-15,no-smoke day,45,7,227,2009,73,47,40
2009-08-16,no-smoke day,44,1,228,2009,77,33,32
2009-08-17,no-smoke day,51,2,229,2009,83,33,36
2009-08-18,no-smoke day,47,3,230,2009,83,31,36
2009-08-19,no-smoke day,53,4,231,2009,87,31,38
2009-08-20,no-smoke day,69,5,232,2009,94,33,44
2009-08-21,no-smoke day,70,6,233,2009,100,28,42
2009-08-22,no-smoke day,53,7,234,2009,101,23,41
2009-08-23,no-smoke day,45,1,235,2009,89,57,56
2009-08-24,no-smoke day,47,2,236,2009,80,58,54
2009-08-25,no-smoke day,54,3,237,2009,85,44,48
2009-08-26,no-smoke day,59,4,238,2009,91,35,44
2009-08-27,no-smoke day,70,5,239,2009,93,32,43
2009-08-28,no-smoke day,66,6,240,2009,93,29,42
2009-08-29,no-smoke day,70,7,241,2009,93,29,42
2009-08-30,smoke day,62,1,242,2009,96,23,37
2009-08-31,smoke day,49,2,243,2009,88,36,43
2009-09-01,no-smoke day,62,3,244,2009,93,25,38
2009-09-02,smoke day,61,4,245,2009,93,28,41
2009-09-03,smoke day,69,5,246,2009,91,33,45
2009-09-04,no-smoke day,66,6,247,2009,93,31,43
2009-09-05,no-smoke day,47,7,248,2009,87,34,46
2009-09-06,no-smoke day,53,1,249,2009,91,30,45
2009-09-07,no-smoke day,48,2,250,2009,85,37,46
2009-09-08,no-smoke day,45,3,251,2009,79,34,36
2009-09-09,no-smoke day,58,4,252,2009,88,35,41
2009-09-10,no-smoke day,58,5,253,2009,90,34,43
2009-09-11,no-smoke day,46,6,254,2009,88,32,40
2009-09-12,no-smoke day,55,7,255,2009,87,29,37
2009-09-13,no-smoke day,44,1,256,2009,82,36,44
2009-09-14,no-smoke day,24,2,257,2009,83,63,51
2009-09-15,no-smoke day,46.83333333,3,258,2009,75,65,51
2009-09-16,no-smoke day,53,4,259,2009,81,52,49
2009-09-17,no-smoke day,57,5,260,2009,84,47,49
2009-09-18,no-smoke day,53,6,261,2009,88,39,45
2009-09-19,no-smoke day,50,7,262,2009,89,35,44
2009-09-20,no-smoke day,44,1,263,2009,79,37,41
2009-09-21,no-smoke day,40,2,264,2009,67,34,27
2009-09-22,no-smoke day,43,3,265,2009,71,39,32
2009-09-23,no-smoke day,45,4,266,2009,79,38,36
2009-09-24,no-smoke day,42,5,267,2009,82,37,39
2009-09-25,smoke day,43,6,268,2009,83,37,39
2009-09-26,smoke day,44,7,269,2009,87,30,35
2009-09-27,no-smoke day,45,1,270,2009,82,29,33
2009-09-28,no-smoke day,41.66666667,2,271,2009,89,26,32
2009-09-29,no-smoke day,49,3,272,2009,87,15,26
2009-09-30,no-smoke day,31,4,273,2009,64,63,33
2010-05-01,no-smoke day,39,7,121,2010,52,74,34
2010-05-02,no-smoke day,44,1,122,2010,53,61,30
2010-05-03,no-smoke day,47,2,123,2010,66,39,29
2010-05-04,no-smoke day,49,3,124,2010,63,39,22
2010-05-05,no-smoke day,43,4,125,2010,63,44,26
2010-05-06,no-smoke day,38,5,126,2010,48,44,20
2010-05-07,no-smoke day,49,6,127,2010,56,42,22
2010-05-08,no-smoke day,50,7,128,2010,67,39,28
2010-05-09,no-smoke day,58,1,129,2010,70,44,34
2010-05-10,no-smoke day,50,2,130,2010,59,71,40
2010-05-11,no-smoke day,46,3,131,2010,51,80,41
2010-05-12,no-smoke day,41,4,132,2010,57,64,36
2010-05-13,no-smoke day,47,5,133,2010,61,53,34
2010-05-14,no-smoke day,42,6,134,2010,64,59,37
2010-05-15,no-smoke day,59,7,135,2010,69,51,38
2010-05-16,no-smoke day,61,1,136,2010,76,38,35
2010-05-17,no-smoke day,54,2,137,2010,82,26,32
2010-05-18,no-smoke day,41,3,138,2010,68,67,43
2010-05-19,no-smoke day,39,4,139,2010,67,57,40
2010-05-20,no-smoke day,45,5,140,2010,65,53,40
2010-05-21,no-smoke day,49,6,141,2010,71,62,41
2010-05-22,no-smoke day,48,7,142,2010,55,58,31
2010-05-23,no-smoke day,48,1,143,2010,60,63,35
2010-05-24,no-smoke day,42,2,144,2010,56,70,35
2010-05-25,no-smoke day,47,3,145,2010,69,50,35
2010-05-26,no-smoke day,46,4,146,2010,71,42,37
2010-05-27,no-smoke day,37,5,147,2010,76,40,39
2010-05-28,no-smoke day,44,6,148,2010,74,61,43
2010-05-29,no-smoke day,42,7,149,2010,61,50,34
2010-05-30,no-smoke day,48,1,150,2010,66,46,34
2010-05-31,no-smoke day,52,2,151,2010,77,47,41
2010-06-01,no-smoke day,34,3,152,2010,68,71,49
2010-06-02,no-smoke day,46,4,153,2010,77,57,49
2010-06-03,no-smoke day,36,5,154,2010,77,51,50
2010-06-04,no-smoke day,28,6,155,2010,83,57,53
2010-06-05,no-smoke day,42,7,156,2010,79,58,53
2010-06-06,no-smoke day,45.33333333,1,157,2010,89,52,54
2010-06-07,no-smoke day,46,2,158,2010,80,59,53
2010-06-08,no-smoke day,63,3,159,2010,79,45,44
2010-06-09,no-smoke day,53,4,160,2010,83,49,49
2010-06-10,no-smoke day,45,5,161,2010,74,60,48
2010-06-11,no-smoke day,37,6,162,2010,58,74,43
2010-06-12,no-smoke day,28,7,163,2010,60,75,45
2010-06-13,no-smoke day,33,1,164,2010,63,71,46
2010-06-14,no-smoke day,49,2,165,2010,75,51,42
2010-06-15,no-smoke day,49,3,166,2010,86,36,41
2010-06-16,no-smoke day,50,4,167,2010,83,54,42
2010-06-17,no-smoke day,46,5,168,2010,69,44,32
2010-06-18,no-smoke day,63,6,169,2010,80,45,41
2010-06-19,no-smoke day,55,7,170,2010,90,22,28
2010-06-20,no-smoke day,65,1,171,2010,88,15,23
2010-06-21,no-smoke day,59,2,172,2010,78,48,46
2010-06-22,no-smoke day,54,3,173,2010,80,40,41
2010-06-23,no-smoke day,65,4,174,2010,89,35,41
2010-06-24,no-smoke day,59,5,175,2010,97,27,37
2010-06-25,no-smoke day,60,6,176,2010,95,22,36
2010-06-26,no-smoke day,58,7,177,2010,85,41,48
2010-06-27,no-smoke day,57,1,178,2010,86,32,40
2010-06-28,no-smoke day,75,2,179,2010,93,27,40
2010-06-29,no-smoke day,59,3,180,2010,98,24,41
2010-06-30,no-smoke day,58,4,181,2010,96,24,43
2010-07-01,smoke day,58,5,182,2010,98,19,33
2010-07-02,no-smoke day,54,6,183,2010,97,20,33
2010-07-03,no-smoke day,48,7,184,2010,77,36,40
2010-07-04,no-smoke day,44,1,185,2010,78,32,34
2010-07-05,no-smoke day,53,2,186,2010,88,25,33
2010-07-06,no-smoke day,47,3,187,2010,82,34,40
2010-07-07,no-smoke day,59,4,188,2010,85,38,44
2010-07-08,no-smoke day,61,5,189,2010,92,29,41
2010-07-09,no-smoke day,58,6,190,2010,91,26,41
2010-07-10,no-smoke day,59,7,191,2010,93,30,44
2010-07-11,no-smoke day,57,1,192,2010,90,28,42
2010-07-12,no-smoke day,51,2,193,2010,96,28,43
2010-07-13,no-smoke day,55,3,194,2010,92,29,44
2010-07-14,no-smoke day,51,4,195,2010,87,24,36
2010-07-15,no-smoke day,55,5,196,2010,92,28,38
2010-07-16,no-smoke day,73,6,197,2010,103,19,34
2010-07-17,no-smoke day,54,7,198,2010,97,23,44
2010-07-18,no-smoke day,63,1,199,2010,100,25,44
2010-07-19,no-smoke day,46,2,200,2010,94,25,41
2010-07-20,no-smoke day,78,3,201,2010,94,29,44
2010-07-21,no-smoke day,44,4,202,2010,97,33,52
2010-07-22,no-smoke day,60,5,203,2010,94,22,38
2010-07-23,no-smoke day,52,6,204,2010,93,24,38
2010-07-24,no-smoke day,53,7,205,2010,95,25,38
2010-07-25,no-smoke day,63,1,206,2010,99,22,37
2010-07-26,no-smoke day,55,2,207,2010,96,36,46
2010-07-27,no-smoke day,64,3,208,2010,94,42,52
2010-07-28,no-smoke day,68,4,209,2010,94,47,56
2010-07-29,no-smoke day,48,5,210,2010,91,50,57
2010-07-30,no-smoke day,78,6,211,2010,95,39,53
2010-07-31,no-smoke day,62.66666667,7,212,2010,97,42,55
2010-08-01,no-smoke day,NA,1,213,2010,93,52,60
2010-08-02,no-smoke day,NA,2,214,2010,95,39,55
2010-08-03,no-smoke day,NA,3,215,2010,97,27,46
2010-08-04,no-smoke day,NA,4,216,2010,92,38,51
2010-08-05,no-smoke day,NA,5,217,2010,93,35,49
2010-08-06,no-smoke day,NA,6,218,2010,96,33,47
2010-08-07,no-smoke day,NA,7,219,2010,92,35,47
2010-08-08,no-smoke day,NA,1,220,2010,89,36,47
2010-08-09,no-smoke day,NA,2,221,2010,87,31,41
2010-08-10,no-smoke day,NA,3,222,2010,92,21,33
2010-08-11,no-smoke day,NA,4,223,2010,94,14,26
2010-08-12,no-smoke day,NA,5,224,2010,81,32,38
2010-08-13,no-smoke day,NA,6,225,2010,88,32,39
2010-08-14,no-smoke day,NA,7,226,2010,87,39,45
2010-08-15,no-smoke day,NA,1,227,2010,96,31,42
2010-08-16,no-smoke day,NA,2,228,2010,95,22,37
2010-08-17,no-smoke day,NA,3,229,2010,96,24,39
2010-08-18,no-smoke day,NA,4,230,2010,96,29,46
2010-08-19,no-smoke day,NA,5,231,2010,75,55,51
2010-08-20,no-smoke day,NA,6,232,2010,93,38,46
2010-08-21,no-smoke day,NA,7,233,2010,98,24,40
2010-08-22,no-smoke day,NA,1,234,2010,96,38,48
2010-08-23,no-smoke day,NA,2,235,2010,76,43,39
2010-08-24,no-smoke day,NA,3,236,2010,83,37,39
2010-08-25,no-smoke day,NA,4,237,2010,93,30,38
2010-08-26,no-smoke day,NA,5,238,2010,99,24,38
2010-08-27,no-smoke day,NA,6,239,2010,92,38,49
2010-08-28,no-smoke day,NA,7,240,2010,90,31,43
2010-08-29,no-smoke day,NA,1,241,2010,77,38,39
2010-08-30,no-smoke day,NA,2,242,2010,66,64,44
2010-08-31,no-smoke day,NA,3,243,2010,75,46,40
2010-09-01,no-smoke day,48.28571429,4,244,2010,78,39,38
2010-09-02,no-smoke day,48.28571429,5,245,2010,80,47,44
2010-09-03,no-smoke day,48.28571429,6,246,2010,89,38,42
2010-09-04,no-smoke day,48.28571429,7,247,2010,95,26,36
2010-09-05,no-smoke day,48.28571429,1,248,2010,82,24,29
2010-09-06,no-smoke day,48.28571429,2,249,2010,70,28,23
2010-09-07,no-smoke day,48.28571429,3,250,2010,89,28,32
2010-09-08,no-smoke day,48.28571429,4,251,2010,87,25,33
2010-09-09,no-smoke day,48.28571429,5,252,2010,73,47,37
2010-09-10,no-smoke day,48.28571429,6,253,2010,65,49,37
2010-09-11,no-smoke day,48.28571429,7,254,2010,79,37,31
2010-09-12,no-smoke day,48.28571429,1,255,2010,87,31,33
2010-09-13,no-smoke day,48.28571429,2,256,2010,88,23,30
2010-09-14,no-smoke day,48.28571429,3,257,2010,89,29,34
2010-09-15,no-smoke day,48.28571429,4,258,2010,83,36,36
2010-09-16,no-smoke day,48.28571429,5,259,2010,89,28,33
2010-09-17,no-smoke day,48.28571429,6,260,2010,91,23,29
2010-09-18,no-smoke day,48.28571429,7,261,2010,91,17,26
2010-09-19,smoke day,49.5,1,262,2010,95,14,20
2010-09-20,no-smoke day,49.5,2,263,2010,76,36,35
2010-09-21,no-smoke day,49.5,3,264,2010,86,33,35
2010-09-22,no-smoke day,49.5,4,265,2010,78,42,43
2010-09-23,no-smoke day,49.5,5,266,2010,75,38,34
2010-09-24,no-smoke day,47,6,267,2010,82,30,32
2010-09-25,no-smoke day,52,7,268,2010,83,30,34
2010-09-26,no-smoke day,61,1,269,2010,87,32,38
2010-09-27,no-smoke day,55,2,270,2010,86,35,39
2010-09-28,no-smoke day,53,3,271,2010,90,27,32
2010-09-29,no-smoke day,27,4,272,2010,86,29,32
2010-09-30,smoke day,43,5,273,2010,88,25,28
2011-05-01,no-smoke day,50,1,121,2011,55,49,24
2011-05-02,no-smoke day,49.8,2,122,2011,61,41,25
2011-05-03,no-smoke day,47,3,123,2011,62,47,32
2011-05-04,no-smoke day,49.8,4,124,2011,56,46,28
2011-05-05,no-smoke day,50,5,125,2011,74,38,27
2011-05-06,no-smoke day,49,6,126,2011,72,42,37
2011-05-07,no-smoke day,53,7,127,2011,74,45,41
2011-05-08,no-smoke day,41,1,128,2011,66,80,43
2011-05-09,no-smoke day,38,2,129,2011,45,89,40
2011-05-10,no-smoke day,34,3,130,2011,54,77,40
2011-05-11,no-smoke day,44,4,131,2011,61,66,40
2011-05-12,no-smoke day,51,5,132,2011,71,50,38
2011-05-13,no-smoke day,57,6,133,2011,78,44,41
2011-05-14,no-smoke day,46,7,134,2011,75,48,41
2011-05-15,no-smoke day,48,1,135,2011,80,35,34
2011-05-16,no-smoke day,43.66666667,2,136,2011,55,53,32
2011-05-17,no-smoke day,46,3,137,2011,52,80,39
2011-05-18,no-smoke day,37,4,138,2011,48,85,41
2011-05-19,no-smoke day,34,5,139,2011,56,86,44
2011-05-20,no-smoke day,43,6,140,2011,61,72,42
2011-05-21,no-smoke day,54,7,141,2011,69,52,41
2011-05-22,no-smoke day,53,1,142,2011,68,74,48
2011-05-23,no-smoke day,53.83333333,2,143,2011,68,74,46
2011-05-24,no-smoke day,48,3,144,2011,62,66,40
2011-05-25,no-smoke day,61,4,145,2011,69,47,37
2011-05-26,no-smoke day,59,5,146,2011,64,49,34
2011-05-27,no-smoke day,51,6,147,2011,64,52,35
2011-05-28,no-smoke day,51,7,148,2011,64,67,40
2011-05-29,no-smoke day,56,1,149,2011,50,83,39
2011-05-30,no-smoke day,44,2,150,2011,57,70,37
2011-05-31,no-smoke day,55,3,151,2011,74,37,33
2011-06-01,no-smoke day,63,4,152,2011,78,21,26
2011-06-02,no-smoke day,50,5,153,2011,65,47,32
2011-06-03,no-smoke day,56,6,154,2011,64,50,35
2011-06-04,no-smoke day,68,7,155,2011,77,51,41
2011-06-05,no-smoke day,48,1,156,2011,87,31,35
2011-06-06,no-smoke day,53,2,157,2011,83,32,35
2011-06-07,no-smoke day,47,3,158,2011,72,51,41
2011-06-08,no-smoke day,50,4,159,2011,73,63,46
2011-06-09,no-smoke day,47,5,160,2011,66,55,41
2011-06-10,no-smoke day,63,6,161,2011,76,44,38
2011-06-11,no-smoke day,58,7,162,2011,76,50,47
2011-06-12,no-smoke day,64,1,163,2011,76,57,49
2011-06-13,no-smoke day,56.83333333,2,164,2011,77,53,47
2011-06-14,no-smoke day,53,3,165,2011,77,54,47
2011-06-15,no-smoke day,63,4,166,2011,85,42,45
2011-06-16,no-smoke day,51,5,167,2011,72,46,39
2011-06-17,no-smoke day,52,6,168,2011,72,34,30
2011-06-18,no-smoke day,58,7,169,2011,81,35,36
2011-06-19,no-smoke day,32,1,170,2011,62,87,50
2011-06-20,no-smoke day,42,2,171,2011,72,59,46
2011-06-21,no-smoke day,60,3,172,2011,80,43,42
2011-06-22,no-smoke day,71,4,173,2011,90,38,45
2011-06-23,no-smoke day,61,5,174,2011,91,34,48
2011-06-24,no-smoke day,48,6,175,2011,86,43,50
2011-06-25,no-smoke day,66,7,176,2011,84,47,51
2011-06-26,no-smoke day,54,1,177,2011,82,43,46
2011-06-27,no-smoke day,68,2,178,2011,90,38,45
2011-06-28,no-smoke day,59.66666667,3,179,2011,97,20,35
2011-06-29,no-smoke day,44,4,180,2011,94,27,43
2011-06-30,no-smoke day,49,5,181,2011,83,42,48
2011-07-01,no-smoke day,60,6,182,2011,84,47,50
2011-07-02,no-smoke day,83,7,183,2011,93,41,53
2011-07-03,no-smoke day,58,1,184,2011,101,22,41
2011-07-04,no-smoke day,44,2,185,2011,88,33,49
2011-07-05,no-smoke day,48,3,186,2011,87,44,54
2011-07-06,no-smoke day,67,4,187,2011,88,50,56
2011-07-07,no-smoke day,60,5,188,2011,85,50,55
2011-07-08,no-smoke day,59,6,189,2011,86,55,57
2011-07-09,no-smoke day,51,7,190,2011,91,44,51
2011-07-10,no-smoke day,50,1,191,2011,90,52,53
2011-07-11,no-smoke day,52,2,192,2011,90,47,53
2011-07-12,no-smoke day,49,3,193,2011,89,46,53
2011-07-13,no-smoke day,44,4,194,2011,90,38,49
2011-07-14,no-smoke day,45,5,195,2011,89,28,40
2011-07-15,no-smoke day,50,6,196,2011,90,23,35
2011-07-16,no-smoke day,53,7,197,2011,94,23,34
2011-07-17,no-smoke day,52,1,198,2011,98,26,42
2011-07-18,no-smoke day,49,2,199,2011,93,38,55
2011-07-19,no-smoke day,62.66666667,3,200,2011,94,42,54
2011-07-20,no-smoke day,67,4,201,2011,86,42,49
2011-07-21,no-smoke day,71,5,202,2011,90,37,46
2011-07-22,no-smoke day,75,6,203,2011,92,25,38
2011-07-23,no-smoke day,62,7,204,2011,88,38,48
2011-07-24,no-smoke day,71,1,205,2011,96,34,48
2011-07-25,no-smoke day,42,2,206,2011,93,36,49
2011-07-26,no-smoke day,46,3,207,2011,89,46,55
2011-07-27,no-smoke day,57,4,208,2011,87,45,53
2011-07-28,no-smoke day,66,5,209,2011,90,39,50
2011-07-29,no-smoke day,56.16666667,6,210,2011,95,35,49
2011-07-30,no-smoke day,55,7,211,2011,90,37,51
2011-07-31,no-smoke day,56,1,212,2011,89,57,59
2011-08-01,no-smoke day,45,2,213,2011,81,70,61
2011-08-02,no-smoke day,78,3,214,2011,89,54,56
2011-08-03,no-smoke day,57,4,215,2011,85,51,55
2011-08-04,no-smoke day,47,5,216,2011,90,44,52
2011-08-05,no-smoke day,61,6,217,2011,90,34,45
2011-08-06,no-smoke day,60,7,218,2011,94,28,35
2011-08-07,no-smoke day,67,1,219,2011,92,27,38
2011-08-08,no-smoke day,68,2,220,2011,92,26,39
2011-08-09,no-smoke day,54,3,221,2011,90,25,37
2011-08-10,no-smoke day,76,4,222,2011,91,31,41
2011-08-11,no-smoke day,61,5,223,2011,90,28,41
2011-08-12,no-smoke day,69,6,224,2011,89,38,46
2011-08-13,no-smoke day,66,7,225,2011,98,28,43
2011-08-14,no-smoke day,55,1,226,2011,92,40,50
2011-08-15,no-smoke day,50,2,227,2011,87,50,54
2011-08-16,smoke day,73,3,228,2011,86,45,49
2011-08-17,no-smoke day,62,4,229,2011,93,33,43
2011-08-18,no-smoke day,62,5,230,2011,93,28,40
2011-08-19,no-smoke day,61,6,231,2011,93,39,52
2011-08-20,no-smoke day,56,7,232,2011,95,35,50
2011-08-21,no-smoke day,56,1,233,2011,95,30,47
2011-08-22,no-smoke day,62,2,234,2011,95,29,45
2011-08-23,no-smoke day,69,3,235,2011,95,30,46
2011-08-24,no-smoke day,63.5,4,236,2011,98,28,45
2011-08-25,no-smoke day,55,5,237,2011,98,28,48
2011-08-26,no-smoke day,66,6,238,2011,98,30,48
2011-08-27,no-smoke day,73,7,239,2011,96,37,53
2011-08-28,no-smoke day,70,1,240,2011,92,55,58
2011-08-29,no-smoke day,70,2,241,2011,92,49,55
2011-08-30,no-smoke day,59,3,242,2011,94,35,49
2011-08-31,no-smoke day,54,4,243,2011,96,25,41
2011-09-01,no-smoke day,58,5,244,2011,83,38,42
2011-09-02,no-smoke day,55,6,245,2011,80,35,37
2011-09-03,no-smoke day,59,7,246,2011,84,34,35
2011-09-04,no-smoke day,69,1,247,2011,87,34,39
2011-09-05,no-smoke day,54,2,248,2011,82,37,43
2011-09-06,no-smoke day,55,3,249,2011,80,43,46
2011-09-07,smoke day,61,4,250,2011,83,40,45
2011-09-08,smoke day,58,5,251,2011,83,33,41
2011-09-09,no-smoke day,50,6,252,2011,86,37,42
2011-09-10,no-smoke day,52,7,253,2011,83,41,44
2011-09-11,no-smoke day,52,1,254,2011,81,45,46
2011-09-12,no-smoke day,51,2,255,2011,81,47,46
2011-09-13,no-smoke day,51,3,256,2011,81,38,41
2011-09-14,no-smoke day,57,4,257,2011,82,42,44
2011-09-15,no-smoke day,56,5,258,2011,80,44,45
2011-09-16,no-smoke day,39,6,259,2011,74,63,50
2011-09-17,no-smoke day,55,7,260,2011,73,60,46
2011-09-18,no-smoke day,55,1,261,2011,77,44,39
2011-09-19,no-smoke day,46,2,262,2011,83,38,38
2011-09-20,no-smoke day,45,3,263,2011,79,38,39
2011-09-21,no-smoke day,45,4,264,2011,81,40,40
2011-09-22,no-smoke day,46,5,265,2011,83,33,34
2011-09-23,no-smoke day,47,6,266,2011,86,30,33
2011-09-24,no-smoke day,55,7,267,2011,86,29,33
2011-09-25,no-smoke day,53,1,268,2011,87,31,36
2011-09-26,no-smoke day,49,2,269,2011,81,40,43
2011-09-27,no-smoke day,49,3,270,2011,85,36,39
2011-09-28,no-smoke day,48,4,271,2011,87,37,41
2011-09-29,no-smoke day,54,5,272,2011,85,38,42
2011-09-30,no-smoke day,45,6,273,2011,91,32,39
2012-05-01,no-smoke day,57,3,122,2012,68,69,47
2012-05-02,no-smoke day,59,4,123,2012,67,51,40
2012-05-03,no-smoke day,51,5,124,2012,75,53,43
2012-05-04,no-smoke day,54,6,125,2012,69,65,46
2012-05-05,no-smoke day,56,7,126,2012,58,48,30
2012-05-06,no-smoke day,61,1,127,2012,60,47,29
2012-05-07,no-smoke day,55,2,128,2012,70,43,32
2012-05-08,no-smoke day,62,3,129,2012,74,41,32
2012-05-09,no-smoke day,68,4,130,2012,80,34,34
2012-05-10,no-smoke day,60,5,131,2012,71,35,33
2012-05-11,no-smoke day,62,6,132,2012,69,44,32
2012-05-12,no-smoke day,55,7,133,2012,72,37,30
2012-05-13,no-smoke day,62,1,134,2012,76,43,37
2012-05-14,no-smoke day,73,2,135,2012,84,34,34
2012-05-15,no-smoke day,62,3,136,2012,90,14,20
2012-05-16,no-smoke day,62,4,137,2012,85,23,32
2012-05-17,no-smoke day,57,5,138,2012,83,28,34
2012-05-18,no-smoke day,50,6,139,2012,64,65,44
2012-05-19,no-smoke day,60,7,140,2012,71,48,38
2012-05-20,no-smoke day,62,1,141,2012,84,36,36
2012-05-21,no-smoke day,50,2,142,2012,94,25,33
2012-05-22,no-smoke day,52,3,143,2012,85,28,37
2012-05-23,no-smoke day,51,4,144,2012,65,38,32
2012-05-24,no-smoke day,57,5,145,2012,67,34,27
2012-05-25,no-smoke day,59,6,146,2012,71,35,33
2012-05-26,no-smoke day,56,7,147,2012,62,51,37
2012-05-27,no-smoke day,49,1,148,2012,63,49,34
2012-05-28,no-smoke day,63,2,149,2012,72,40,32
2012-05-29,no-smoke day,65,3,150,2012,82,27,31
2012-05-30,no-smoke day,63,4,151,2012,80,29,34
2012-05-31,no-smoke day,44,5,152,2012,81,34,39
2012-06-01,no-smoke day,49,6,153,2012,88,34,41
2012-06-02,no-smoke day,50,7,154,2012,95,26,40
2012-06-03,no-smoke day,61,1,155,2012,92,29,43
2012-06-04,no-smoke day,63,2,156,2012,98,15,31
2012-06-05,no-smoke day,59,3,157,2012,80,42,35
2012-06-06,no-smoke day,50,4,158,2012,63,39,29
2012-06-07,no-smoke day,68,5,159,2012,76,32,30
2012-06-08,no-smoke day,61,6,160,2012,90,22,31
2012-06-09,no-smoke day,52,7,161,2012,71,35,32
2012-06-10,no-smoke day,42,1,162,2012,68,32,27
2012-06-11,no-smoke day,58,2,163,2012,78,27,28
2012-06-12,no-smoke day,65,3,164,2012,86,23,29
2012-06-13,no-smoke day,52,4,165,2012,87,26,36
2012-06-14,no-smoke day,67,5,166,2012,85,28,36
2012-06-15,no-smoke day,64,6,167,2012,87,31,40
2012-06-16,no-smoke day,64,7,168,2012,87,33,39
2012-06-17,no-smoke day,67,1,169,2012,97,21,33
2012-06-18,no-smoke day,56,2,170,2012,98,26,39
2012-06-19,no-smoke day,54,3,171,2012,78,27,31
2012-06-20,no-smoke day,60,4,172,2012,76,26,28
2012-06-21,no-smoke day,86,5,173,2012,93,27,37
2012-06-22,smoke day,67,6,174,2012,98,11,25
2012-06-23,no-smoke day,70,7,175,2012,101,8,15
2012-06-24,no-smoke day,57,1,176,2012,100,10,25
2012-06-25,no-smoke day,51,2,177,2012,99,17,36
2012-06-26,no-smoke day,52,3,178,2012,92,17,29
2012-06-27,no-smoke day,64,4,179,2012,89,28,36
2012-06-28,no-smoke day,49,5,180,2012,101,19,36
2012-06-29,no-smoke day,58,6,181,2012,98,18,36
2012-06-30,no-smoke day,70,7,182,2012,99,19,34
2012-07-01,smoke day,66,1,183,2012,100,14,30
2012-07-02,smoke day,78,2,184,2012,96,30,45
2012-07-03,no-smoke day,56,3,185,2012,100,16,32
2012-07-04,no-smoke day,69,4,186,2012,94,27,42
2012-07-05,no-smoke day,44,5,187,2012,84,62,56
2012-07-06,no-smoke day,74,6,188,2012,87,57,57
2012-07-07,no-smoke day,61,7,189,2012,93,36,51
2012-07-08,no-smoke day,70,1,190,2012,97,32,49
2012-07-09,no-smoke day,76,2,191,2012,100,24,43
2012-07-10,no-smoke day,80,3,192,2012,102,22,42
2012-07-11,no-smoke day,53,4,193,2012,103,20,41
2012-07-12,no-smoke day,63,5,194,2012,103,21,43
2012-07-13,smoke day,55,6,195,2012,93,39,51
2012-07-14,no-smoke day,49,7,196,2012,83,53,57
2012-07-15,no-smoke day,51,1,197,2012,84,50,55
2012-07-16,no-smoke day,60,2,198,2012,90,55,54
2012-07-17,no-smoke day,53,3,199,2012,92,37,47
2012-07-18,no-smoke day,60,4,200,2012,96,28,42
2012-07-19,no-smoke day,56,5,201,2012,95,26,40
2012-07-20,no-smoke day,65,6,202,2012,95,32,48
2012-07-21,no-smoke day,67,7,203,2012,99,34,51
2012-07-22,no-smoke day,61,1,204,2012,95,39,53
2012-07-23,no-smoke day,53,2,205,2012,91,43,54
2012-07-24,no-smoke day,53,3,206,2012,88,44,55
2012-07-25,no-smoke day,61,4,207,2012,93,36,50
2012-07-26,no-smoke day,62,5,208,2012,100,24,43
2012-07-27,no-smoke day,54,6,209,2012,97,29,48
2012-07-28,no-smoke day,57,7,210,2012,98,29,48
2012-07-29,no-smoke day,64,1,211,2012,98,27,46
2012-07-30,no-smoke day,67,2,212,2012,99,31,49
2012-07-31,no-smoke day,59,3,213,2012,96,32,50
2012-08-01,no-smoke day,62,4,214,2012,96,28,46
2012-08-02,no-smoke day,55,5,215,2012,95,23,40
2012-08-03,no-smoke day,57,6,216,2012,93,21,35
2012-08-04,no-smoke day,62,7,217,2012,94,26,40
2012-08-05,no-smoke day,64,1,218,2012,98,27,44
2012-08-06,no-smoke day,65,2,219,2012,95,28,43
2012-08-07,no-smoke day,74,3,220,2012,99,22,39
2012-08-08,smoke day,73,4,221,2012,103,23,42
2012-08-09,smoke day,71,5,222,2012,97,29,49
2012-08-10,no-smoke day,54,6,223,2012,96,36,51
2012-08-11,no-smoke day,73,7,224,2012,91,44,54
2012-08-12,smoke day,82,1,225,2012,98,27,43
2012-08-13,no-smoke day,64,2,226,2012,94,31,49
2012-08-14,smoke day,68,3,227,2012,92,34,48
2012-08-15,smoke day,68,4,228,2012,97,29,46
2012-08-16,smoke day,71,5,229,2012,97,27,44
2012-08-17,smoke day,70,6,230,2012,94,27,45
2012-08-18,no-smoke day,76,7,231,2012,95,24,40
2012-08-19,smoke day,78,1,232,2012,91,28,43
2012-08-20,smoke day,58,2,233,2012,90,32,46
2012-08-21,no-smoke day,56,3,234,2012,95,32,45
2012-08-22,no-smoke day,41,4,235,2012,89,38,51
2012-08-23,no-smoke day,55,5,236,2012,90,36,49
2012-08-24,smoke day,53,6,237,2012,92,34,46
2012-08-25,no-smoke day,67,7,238,2012,91,31,43
2012-08-26,no-smoke day,57,1,239,2012,96,34,49
2012-08-27,no-smoke day,47,2,240,2012,95,32,49
2012-08-28,no-smoke day,49,3,241,2012,98,28,49
2012-08-29,no-smoke day,55,4,242,2012,95,27,45
2012-08-30,no-smoke day,55,5,243,2012,90,32,47
2012-08-31,no-smoke day,43,6,244,2012,86,51,54
2012-09-01,no-smoke day,46,7,245,2012,81,72,58
2012-09-02,no-smoke day,58,1,246,2012,84,59,55
2012-09-03,no-smoke day,61,2,247,2012,88,41,47
2012-09-04,no-smoke day,53,3,248,2012,91,27,36
2012-09-05,no-smoke day,59,4,249,2012,89,28,36
2012-09-06,no-smoke day,58.5,5,250,2012,88,33,42
2012-09-07,no-smoke day,53,6,251,2012,83,41,43
2012-09-08,no-smoke day,67,7,252,2012,87,32,38
2012-09-09,no-smoke day,56,1,253,2012,93,30,39
2012-09-10,no-smoke day,35,2,254,2012,83,37,47
2012-09-11,no-smoke day,36,3,255,2012,79,49,50
2012-09-12,no-smoke day,54,4,256,2012,77,33,31
2012-09-13,no-smoke day,59,5,257,2012,80,31,31
2012-09-14,no-smoke day,59,6,258,2012,85,31,35
2012-09-15,no-smoke day,52,7,259,2012,89,24,31
2012-09-16,no-smoke day,51,1,260,2012,89,25,33
2012-09-17,smoke day,55,2,261,2012,80,33,37
2012-09-18,no-smoke day,61,3,262,2012,84,29,32
2012-09-19,no-smoke day,57,4,263,2012,85,26,31
2012-09-20,smoke day,48,5,264,2012,84,28,32
2012-09-21,smoke day,55,6,265,2012,84,31,34
2012-09-22,no-smoke day,55,7,266,2012,89,31,35
2012-09-23,no-smoke day,43,1,267,2012,85,26,37
2012-09-24,no-smoke day,41,2,268,2012,71,54,47
2012-09-25,no-smoke day,30,3,269,2012,63,74,50
2012-09-26,no-smoke day,43,4,270,2012,74,62,49
2012-09-27,no-smoke day,48,5,271,2012,78,53,47
2012-09-28,no-smoke day,51,6,272,2012,83,42,41
2012-09-29,no-smoke day,50,7,273,2012,82,38,39
2012-09-30,no-smoke day,51,1,274,2012,81,37,39
2013-05-01,no-smoke day,49,4,121,2013,54,37,19
2013-05-02,no-smoke day,55,5,122,2013,63,33,21
2013-05-03,no-smoke day,55,6,123,2013,71,33,25
2013-05-04,no-smoke day,52,7,124,2013,74,36,30
2013-05-05,no-smoke day,57,1,125,2013,78,33,33
2013-05-06,no-smoke day,60,2,126,2013,76,36,35
2013-05-07,no-smoke day,52,3,127,2013,71,56,41
2013-05-08,no-smoke day,46,4,128,2013,65,66,44
2013-05-09,no-smoke day,54,5,129,2013,78,46,40
2013-05-10,no-smoke day,59,6,130,2013,80,37,39
2013-05-11,no-smoke day,61,7,131,2013,84,29,34
2013-05-12,no-smoke day,60,1,132,2013,88,26,34
2013-05-13,no-smoke day,54,2,133,2013,93,24,36
2013-05-14,no-smoke day,54,3,134,2013,89,29,40
2013-05-15,no-smoke day,55,4,135,2013,87,33,41
2013-05-16,no-smoke day,49,5,136,2013,81,37,43
2013-05-17,no-smoke day,44,6,137,2013,66,61,46
2013-05-18,no-smoke day,45,7,138,2013,65,68,44
2013-05-19,no-smoke day,48,1,139,2013,65,61,42
2013-05-20,no-smoke day,36,2,140,2013,68,63,45
2013-05-21,no-smoke day,48,3,141,2013,78,39,38
2013-05-22,no-smoke day,56,4,142,2013,87,30,33
2013-05-23,no-smoke day,50,5,143,2013,71,43,34
2013-05-24,no-smoke day,60,6,144,2013,77,35,33
2013-05-25,no-smoke day,64,7,145,2013,86,23,29
2013-05-26,no-smoke day,66,1,146,2013,86,18,26
2013-05-27,no-smoke day,52,2,147,2013,74,36,36
2013-05-28,no-smoke day,37,3,148,2013,64,70,46
2013-05-29,no-smoke day,49,4,149,2013,68,59,42
2013-05-30,no-smoke day,45,5,150,2013,69,49,39
2013-05-31,no-smoke day,55,6,151,2013,69,34,30
2013-06-01,no-smoke day,64,7,152,2013,78,33,33
2013-06-02,no-smoke day,59,1,153,2013,93,26,34
2013-06-03,no-smoke day,54,2,154,2013,76,22,27
2013-06-04,no-smoke day,49,3,155,2013,82,30,34
2013-06-05,no-smoke day,62,4,156,2013,83,31,36
2013-06-06,no-smoke day,51,5,157,2013,88,27,36
2013-06-07,no-smoke day,41,6,158,2013,92,26,39
2013-06-08,no-smoke day,55,7,159,2013,87,29,40
2013-06-09,no-smoke day,70,1,160,2013,97,23,38
2013-06-10,no-smoke day,42,2,161,2013,100,14,27
2013-06-11,no-smoke day,63,3,162,2013,92,14,26
2013-06-12,no-smoke day,47,4,163,2013,97,18,32
2013-06-13,no-smoke day,51,5,164,2013,94,28,38
2013-06-14,no-smoke day,45,6,165,2013,75,33,34
2013-06-15,no-smoke day,68,7,166,2013,84,29,35
2013-06-16,no-smoke day,61,1,167,2013,94,20,29
2013-06-17,no-smoke day,68,2,168,2013,96,16,26
2013-06-18,no-smoke day,68,3,169,2013,98,12,21
2013-06-19,no-smoke day,48,4,170,2013,83,21,28
2013-06-20,no-smoke day,46,5,171,2013,76,34,33
2013-06-21,no-smoke day,45,6,172,2013,78,31,35
2013-06-22,no-smoke day,45,7,173,2013,78,29,34
2013-06-23,no-smoke day,60,1,174,2013,87,27,35
2013-06-24,no-smoke day,51,2,175,2013,91,20,33
2013-06-25,no-smoke day,51,3,176,2013,89,36,46
2013-06-26,no-smoke day,58,4,177,2013,94,35,50
2013-06-27,no-smoke day,72,5,178,2013,101,29,49
2013-06-28,no-smoke day,75,6,179,2013,105,27,49
2013-06-29,no-smoke day,65,7,180,2013,105,21,44
2013-06-30,no-smoke day,67,1,181,2013,103,20,44
2013-07-01,no-smoke day,71,2,182,2013,104,23,45
2013-07-02,no-smoke day,66,3,183,2013,102,27,50
2013-07-03,smoke day,70,4,184,2013,100,32,53
2013-07-04,no-smoke day,67,5,185,2013,93,45,56
2013-07-05,smoke day,68,6,186,2013,93,55,59
2013-07-06,no-smoke day,52,7,187,2013,94,48,55
2013-07-07,no-smoke day,48,1,188,2013,95,39,52
2013-07-08,no-smoke day,60,2,189,2013,95,32,49
2013-07-09,smoke day,81,3,190,2013,99,26,46
2013-07-10,smoke day,73,4,191,2013,104,20,36
2013-07-11,no-smoke day,51,5,192,2013,94,31,45
2013-07-12,no-smoke day,57,6,193,2013,89,45,54
2013-07-13,no-smoke day,51,7,194,2013,92,41,53
2013-07-14,no-smoke day,67,1,195,2013,97,36,50
2013-07-15,no-smoke day,84,2,196,2013,100,34,50
2013-07-16,no-smoke day,63,3,197,2013,98,47,57
2013-07-17,no-smoke day,57,4,198,2013,97,42,56
2013-07-18,no-smoke day,71,5,199,2013,100,34,53
2013-07-19,no-smoke day,77,6,200,2013,102,27,45
2013-07-20,smoke day,75,7,201,2013,102,20,37
2013-07-21,smoke day,80,1,202,2013,101,18,36
2013-07-22,no-smoke day,63,2,203,2013,102,18,38
2013-07-23,no-smoke day,65,3,204,2013,100,16,33
2013-07-24,no-smoke day,58,4,205,2013,97,23,42
2013-07-25,no-smoke day,59,5,206,2013,98,25,44
2013-07-26,no-smoke day,60,6,207,2013,101,20,38
2013-07-27,no-smoke day,40,7,208,2013,86,41,52
2013-07-28,no-smoke day,55,1,209,2013,89,43,52
2013-07-29,no-smoke day,53,2,210,2013,89,36,49
2013-07-30,no-smoke day,63,3,211,2013,95,27,44
2013-07-31,no-smoke day,43,4,212,2013,101,18,38
2013-08-01,no-smoke day,46,5,213,2013,101,22,44
2013-08-02,no-smoke day,62,6,214,2013,94,20,34
2013-08-03,no-smoke day,54,7,215,2013,96,20,36
2013-08-04,no-smoke day,58,1,216,2013,99,18,35
2013-08-05,no-smoke day,55,2,217,2013,98,19,38
2013-08-06,no-smoke day,58,3,218,2013,98,19,37
2013-08-07,no-smoke day,62,4,219,2013,96,22,38
2013-08-08,no-smoke day,54,5,220,2013,94,25,41
2013-08-09,no-smoke day,46,6,221,2013,95,23,37
2013-08-10,no-smoke day,51,7,222,2013,95,22,37
2013-08-11,no-smoke day,48,1,223,2013,95,21,37
2013-08-12,no-smoke day,51,2,224,2013,95,20,37
2013-08-13,no-smoke day,53,3,225,2013,95,21,35
2013-08-14,no-smoke day,59,4,226,2013,99,16,30
2013-08-15,smoke day,61,5,227,2013,100,17,30
2013-08-16,smoke day,61,6,228,2013,99,17,33
2013-08-17,no-smoke day,49,7,229,2013,97,24,43
2013-08-18,no-smoke day,65,1,230,2013,98,29,47
2013-08-19,no-smoke day,58,2,231,2013,96,28,47
2013-08-20,no-smoke day,53,3,232,2013,95,36,51
2013-08-21,no-smoke day,64,4,233,2013,94,34,50
2013-08-22,no-smoke day,56,5,234,2013,95,33,49
2013-08-23,no-smoke day,35,6,235,2013,82,51,55
2013-08-24,no-smoke day,49,7,236,2013,90,45,52
2013-08-25,no-smoke day,51,1,237,2013,89,37,50
2013-08-26,no-smoke day,39,2,238,2013,84,40,51
2013-08-27,no-smoke day,29,3,239,2013,84,52,56
2013-08-28,no-smoke day,44,4,240,2013,93,44,54
2013-08-29,no-smoke day,58,5,241,2013,97,35,51
2013-08-30,no-smoke day,63,6,242,2013,97,32,51
2013-08-31,no-smoke day,52,7,243,2013,93,34,51
2013-09-01,no-smoke day,45,1,244,2013,90,42,55
2013-09-02,no-smoke day,45,2,245,2013,88,47,58
2013-09-03,no-smoke day,41,3,246,2013,91,59,59
2013-09-04,no-smoke day,57,4,247,2013,92,52,58
2013-09-05,no-smoke day,54,5,248,2013,97,33,51
2013-09-06,no-smoke day,52,6,249,2013,98,36,50
2013-09-07,no-smoke day,50,7,250,2013,87,54,55
2013-09-08,no-smoke day,45,1,251,2013,77,65,57
2013-09-09,no-smoke day,51,2,252,2013,83,51,52
2013-09-10,no-smoke day,43,3,253,2013,82,48,51
2013-09-11,no-smoke day,45,4,254,2013,85,54,55
2013-09-12,no-smoke day,49,5,255,2013,82,48,51
2013-09-13,no-smoke day,30,6,256,2013,74,69,56
2013-09-14,no-smoke day,34,7,257,2013,73,71,56
2013-09-15,no-smoke day,49,1,258,2013,82,57,53
2013-09-16,no-smoke day,47,2,259,2013,89,42,50
2013-09-17,no-smoke day,50,3,260,2013,92,30,44
2013-09-18,no-smoke day,46,4,261,2013,78,40,38
2013-09-19,no-smoke day,48,5,262,2013,72,40,33
2013-09-20,no-smoke day,55,6,263,2013,82,39,37
2013-09-21,no-smoke day,45,7,264,2013,90,21,32
2013-09-22,no-smoke day,44,1,265,2013,78,31,36
2013-09-23,no-smoke day,41,2,266,2013,72,40,37
2013-09-24,no-smoke day,50,3,267,2013,86,23,28
2013-09-25,no-smoke day,37,4,268,2013,68,56,38
2013-09-26,no-smoke day,37,5,269,2013,58,57,36
2013-09-27,no-smoke day,25,6,270,2013,52,65,35
2013-09-28,no-smoke day,37,7,271,2013,68,41,29
2013-09-29,no-smoke day,41,1,272,2013,75,24,27
2013-09-30,no-smoke day,38,2,273,2013,84,22,29
2014-05-01,no-smoke day,54,5,121,2014,69,38,27
2014-05-02,no-smoke day,51,6,122,2014,78,30,28
2014-05-03,no-smoke day,52,7,123,2014,83,23,27
2014-05-04,no-smoke day,54,1,124,2014,76,19,23
2014-05-05,no-smoke day,46,2,125,2014,71,32,32
2014-05-06,no-smoke day,43,3,126,2014,62,73,43
2014-05-07,no-smoke day,50,4,127,2014,52,86,41
2014-05-08,no-smoke day,48,5,128,2014,61,63,37
2014-05-09,no-smoke day,40,6,129,2014,60,67,41
2014-05-10,no-smoke day,49,7,130,2014,58,66,38
2014-05-11,no-smoke day,41,1,131,2014,52,57,32
2014-05-12,no-smoke day,45,2,132,2014,57,51,29
2014-05-13,no-smoke day,49,3,133,2014,62,44,28
2014-05-14,no-smoke day,51,4,134,2014,70,32,25
2014-05-15,no-smoke day,47,5,135,2014,77,34,33
2014-05-16,no-smoke day,44,6,136,2014,79,30,34
2014-05-17,no-smoke day,54,7,137,2014,80,34,37
2014-05-18,no-smoke day,54,1,138,2014,74,31,33
2014-05-19,no-smoke day,51,2,139,2014,71,41,36
2014-05-20,no-smoke day,55,3,140,2014,81,29,28
2014-05-21,no-smoke day,55,4,141,2014,80,31,28
2014-05-22,no-smoke day,60,5,142,2014,84,29,30
2014-05-23,no-smoke day,38,6,143,2014,74,41,39
2014-05-24,no-smoke day,50,7,144,2014,72,66,48
2014-05-25,no-smoke day,52,1,145,2014,78,46,43
2014-05-26,no-smoke day,55,2,146,2014,86,34,39
2014-05-27,no-smoke day,58,3,147,2014,90,23,34
2014-05-28,no-smoke day,55,4,148,2014,93,17,32
2014-05-29,no-smoke day,53,5,149,2014,77,35,37
2014-05-30,no-smoke day,59,6,150,2014,86,35,41
2014-05-31,no-smoke day,54,7,151,2014,89,24,33
2014-06-01,no-smoke day,57,1,152,2014,76,29,31
2014-06-02,no-smoke day,65,2,153,2014,90,21,27
2014-06-03,no-smoke day,57,3,154,2014,85,17,27
2014-06-04,no-smoke day,61,4,155,2014,85,31,37
2014-06-05,no-smoke day,61,5,156,2014,84,23,27
2014-06-06,no-smoke day,52,6,157,2014,88,20,26
2014-06-07,no-smoke day,50,7,158,2014,83,28,31
2014-06-08,no-smoke day,42,1,159,2014,78,28,34
2014-06-09,no-smoke day,62,2,160,2014,85,24,31
2014-06-10,no-smoke day,54,3,161,2014,91,20,32
2014-06-11,no-smoke day,56,4,162,2014,83,22,29
2014-06-12,no-smoke day,56,5,163,2014,93,22,34
2014-06-13,no-smoke day,55,6,164,2014,81,19,27
2014-06-14,no-smoke day,36,7,165,2014,68,33,31
2014-06-15,no-smoke day,47,1,166,2014,81,27,31
2014-06-16,no-smoke day,39,2,167,2014,73,39,38
2014-06-17,no-smoke day,34,3,168,2014,53,88,45
2014-06-18,no-smoke day,43,4,169,2014,65,57,37
2014-06-19,no-smoke day,59,5,170,2014,78,39,36
2014-06-20,no-smoke day,56,6,171,2014,92,28,35
2014-06-21,no-smoke day,54,7,172,2014,87,26,36
2014-06-22,no-smoke day,52,1,173,2014,89,24,33
2014-06-23,no-smoke day,59,2,174,2014,88,33,42
2014-06-24,no-smoke day,64,3,175,2014,95,29,39
2014-06-25,no-smoke day,68,4,176,2014,93,26,40
2014-06-26,no-smoke day,36,5,177,2014,84,48,46
2014-06-27,no-smoke day,36,6,178,2014,76,57,50
2014-06-28,no-smoke day,51,7,179,2014,84,38,43
2014-06-29,no-smoke day,60,1,180,2014,88,35,42
2014-06-30,no-smoke day,61,2,181,2014,83,28,36
2014-07-01,no-smoke day,70,3,182,2014,89,29,37
2014-07-02,no-smoke day,72,4,183,2014,97,20,35
2014-07-03,no-smoke day,46,5,184,2014,98,21,40
2014-07-04,no-smoke day,51,6,185,2014,98,20,39
2014-07-05,no-smoke day,52,7,186,2014,97,22,42
2014-07-06,no-smoke day,65,1,187,2014,99,23,41
2014-07-07,no-smoke day,72,2,188,2014,99,21,38
2014-07-08,no-smoke day,74,3,189,2014,99,22,40
2014-07-09,no-smoke day,55,4,190,2014,95,32,48
2014-07-10,no-smoke day,57,5,191,2014,94,50,56
2014-07-11,no-smoke day,54,6,192,2014,87,53,57
2014-07-12,no-smoke day,63,7,193,2014,94,41,53
2014-07-13,no-smoke day,61,1,194,2014,98,30,48
2014-07-14,no-smoke day,65,2,195,2014,103,20,42
2014-07-15,no-smoke day,46,3,196,2014,98,23,44
2014-07-16,smoke day,54,4,197,2014,90,33,48
2014-07-17,smoke day,62,5,198,2014,93,25,39
2014-07-18,smoke day,62,6,199,2014,96,20,36
2014-07-19,no-smoke day,65,7,200,2014,96,21,37
2014-07-20,no-smoke day,53,1,201,2014,94,31,45
2014-07-21,no-smoke day,43,2,202,2014,96,23,37
2014-07-22,no-smoke day,55,3,203,2014,98,25,39
2014-07-23,no-smoke day,49,4,204,2014,103,18,38
2014-07-24,smoke day,49,5,205,2014,93,24,42
2014-07-25,smoke day,59,6,206,2014,92,29,43
2014-07-26,smoke day,59,7,207,2014,94,27,42
2014-07-27,no-smoke day,69,1,208,2014,99,22,40
2014-07-28,no-smoke day,54,2,209,2014,92,47,53
2014-07-29,no-smoke day,42,3,210,2014,76,77,62
2014-07-30,no-smoke day,43,4,211,2014,82,66,59
2014-07-31,no-smoke day,61,5,212,2014,85,48,53
2014-08-01,no-smoke day,71,6,213,2014,91,40,49
2014-08-02,no-smoke day,77,7,214,2014,94,32,48
2014-08-03,no-smoke day,56,1,215,2014,93,39,50
2014-08-04,no-smoke day,52,2,216,2014,86,66,58
2014-08-05,no-smoke day,45,3,217,2014,83,60,57
2014-08-06,no-smoke day,42,4,218,2014,85,52,53
2014-08-07,no-smoke day,50,5,219,2014,81,56,53
2014-08-08,no-smoke day,59,6,220,2014,88,42,49
2014-08-09,no-smoke day,67,7,221,2014,89,35,46
2014-08-10,no-smoke day,64,1,222,2014,92,38,48
2014-08-11,no-smoke day,66,2,223,2014,95,29,44
2014-08-12,no-smoke day,52,3,224,2014,93,45,51
2014-08-13,no-smoke day,43,4,225,2014,85,56,56
2014-08-14,no-smoke day,58,5,226,2014,89,49,55
2014-08-15,no-smoke day,56,6,227,2014,93,30,46
2014-08-16,no-smoke day,55,7,228,2014,91,28,41
2014-08-17,no-smoke day,69,1,229,2014,94,27,40
2014-08-18,no-smoke day,65,2,230,2014,94,24,39
2014-08-19,no-smoke day,35,3,231,2014,80,59,54
2014-08-20,no-smoke day,47,4,232,2014,81,59,54
2014-08-21,no-smoke day,46,5,233,2014,82,45,49
2014-08-22,no-smoke day,40,6,234,2014,83,61,51
2014-08-23,no-smoke day,58,7,235,2014,73,57,46
2014-08-24,no-smoke day,66,1,236,2014,79,43,42
2014-08-25,no-smoke day,49,2,237,2014,82,55,51
2014-08-26,no-smoke day,46,3,238,2014,80,56,50
2014-08-27,no-smoke day,47,4,239,2014,76,60,52
2014-08-28,no-smoke day,56,5,240,2014,85,45,46
2014-08-29,no-smoke day,50,6,241,2014,89,34,43
2014-08-30,no-smoke day,36,7,242,2014,85,31,42
2014-08-31,smoke day,42,1,243,2014,76,37,40
2014-09-01,no-smoke day,47,2,244,2014,80,35,37
2014-09-02,no-smoke day,59,3,245,2014,89,33,41
2014-09-03,smoke day,48,4,246,2014,87,22,36
2014-09-04,no-smoke day,49,5,247,2014,76,28,29
2014-09-05,no-smoke day,51,6,248,2014,84,38,42
2014-09-06,no-smoke day,45,7,249,2014,87,38,45
2014-09-07,no-smoke day,50,1,250,2014,92,28,40
2014-09-08,no-smoke day,36,2,251,2014,87,52,52
2014-09-09,no-smoke day,32,3,252,2014,73,71,54
2014-09-10,no-smoke day,44,4,253,2014,78,47,42
2014-09-11,no-smoke day,43,5,254,2014,74,43,37
2014-09-12,no-smoke day,45,6,255,2014,73,43,35
2014-09-13,no-smoke day,53,7,256,2014,85,37,37
2014-09-14,no-smoke day,54,1,257,2014,88,28,37
2014-09-15,no-smoke day,55,2,258,2014,89,30,41
2014-09-16,no-smoke day,53,3,259,2014,93,30,41
2014-09-17,no-smoke day,49,4,260,2014,94,25,41
2014-09-18,no-smoke day,42,5,261,2014,92,35,46
2014-09-19,smoke day,50,6,262,2014,82,58,54
2014-09-20,no-smoke day,56,7,263,2014,84,50,50
2014-09-21,no-smoke day,32,1,264,2014,71,70,55
2014-09-22,no-smoke day,35,2,265,2014,77,61,53
2014-09-23,no-smoke day,36.16666667,3,266,2014,85,51,50
2014-09-24,no-smoke day,42,4,267,2014,89,37,44
2014-09-25,no-smoke day,41,5,268,2014,91,28,41
2014-09-26,no-smoke day,33,6,269,2014,88,38,46
2014-09-27,no-smoke day,34,7,270,2014,65,82,54
2014-09-28,no-smoke day,42,1,271,2014,69,63,47
2014-09-29,no-smoke day,44,2,272,2014,65,60,45
2014-09-30,no-smoke day,30,3,273,2014,63,72,47
2015-05-01,no-smoke day,61,6,121,2015,75,43,39
2015-05-02,no-smoke day,62,7,122,2015,82,32,37
2015-05-03,no-smoke day,59,1,123,2015,79,35,38
2015-05-04,no-smoke day,56,2,124,2015,76,44,43
2015-05-05,no-smoke day,49,3,125,2015,69,59,46
2015-05-06,no-smoke day,46,4,126,2015,65,75,47
2015-05-07,no-smoke day,52,5,127,2015,67,71,46
2015-05-08,no-smoke day,51,6,128,2015,65,64,43
2015-05-09,no-smoke day,48,7,129,2015,51,89,43
2015-05-10,no-smoke day,48,1,130,2015,61,61,37
2015-05-11,no-smoke day,55,2,131,2015,73,38,33
2015-05-12,no-smoke day,61,3,132,2015,78,25,30
2015-05-13,no-smoke day,60,4,133,2015,76,30,31
2015-05-14,no-smoke day,45,5,134,2015,72,47,38
2015-05-15,no-smoke day,54,6,135,2015,58,61,38
2015-05-16,no-smoke day,39,7,136,2015,52,80,42
2015-05-17,no-smoke day,41,1,137,2015,63,75,46
2015-05-18,no-smoke day,37,2,138,2015,67,77,47
2015-05-19,no-smoke day,52,3,139,2015,61,75,45
2015-05-20,no-smoke day,56,4,140,2015,68,59,43
2015-05-21,no-smoke day,51,5,141,2015,68,64,45
2015-05-22,no-smoke day,48,6,142,2015,64,59,43
2015-05-23,no-smoke day,55,7,143,2015,60,73,45
2015-05-24,no-smoke day,48,1,144,2015,66,67,45
2015-05-25,no-smoke day,52,2,145,2015,71,60,46
2015-05-26,no-smoke day,43,3,146,2015,62,70,49
2015-05-27,no-smoke day,49,4,147,2015,71,69,48
2015-05-28,no-smoke day,50,5,148,2015,71,59,46
2015-05-29,no-smoke day,58,6,149,2015,76,47,42
2015-05-30,no-smoke day,56,7,150,2015,85,38,44
2015-05-31,no-smoke day,57,1,151,2015,91,33,42
2015-06-01,no-smoke day,48,2,152,2015,92,30,40
2015-06-02,no-smoke day,52,3,153,2015,80,45,47
2015-06-03,no-smoke day,58,4,154,2015,80,46,46
2015-06-04,no-smoke day,72,5,155,2015,81,46,46
2015-06-05,no-smoke day,65,6,156,2015,80,41,43
2015-06-06,no-smoke day,66,7,157,2015,79,53,47
2015-06-07,no-smoke day,77,1,158,2015,78,56,49
2015-06-08,no-smoke day,79,2,159,2015,86,42,48
2015-06-09,no-smoke day,78,3,160,2015,89,33,44
2015-06-10,no-smoke day,61,4,161,2015,84,37,48
2015-06-11,no-smoke day,50,5,162,2015,78,59,54
2015-06-12,no-smoke day,60,6,163,2015,87,47,51
2015-06-13,no-smoke day,59,7,164,2015,88,34,43
2015-06-14,no-smoke day,60,1,165,2015,89,35,46
2015-06-15,no-smoke day,49,2,166,2015,91,37,49
2015-06-16,no-smoke day,68,3,167,2015,91,42,51
2015-06-17,no-smoke day,75,4,168,2015,94,33,46
2015-06-18,no-smoke day,77,5,169,2015,98,24,40
2015-06-19,no-smoke day,66,6,170,2015,94,19,35
2015-06-20,no-smoke day,81,7,171,2015,93,30,44
2015-06-21,no-smoke day,59,1,172,2015,96,27,41
2015-06-22,no-smoke day,69,2,173,2015,91,27,41
2015-06-23,no-smoke day,83,3,174,2015,94,29,44
2015-06-24,no-smoke day,76,4,175,2015,97,25,43
2015-06-25,smoke day,73,5,176,2015,96,28,45
2015-06-26,no-smoke day,73,6,177,2015,99,28,46
2015-06-27,no-smoke day,82,7,178,2015,101,27,48
2015-06-28,no-smoke day,81,1,179,2015,102,28,50
2015-06-29,no-smoke day,76,2,180,2015,104,24,49
2015-06-30,no-smoke day,72,3,181,2015,101,31,53
2015-07-01,no-smoke day,66,4,182,2015,98,33,53
2015-07-02,no-smoke day,56,5,183,2015,98,28,48
2015-07-03,no-smoke day,69,6,184,2015,99,25,46
2015-07-04,no-smoke day,64,7,185,2015,99,30,51
2015-07-05,no-smoke day,59,1,186,2015,89,53,60
2015-07-06,no-smoke day,52,2,187,2015,89,50,57
2015-07-07,no-smoke day,51,3,188,2015,86,50,55
2015-07-08,no-smoke day,52,4,189,2015,83,55,53
2015-07-09,no-smoke day,49,5,190,2015,85,49,50
2015-07-10,no-smoke day,47,6,191,2015,79,41,46
2015-07-11,no-smoke day,41,7,192,2015,88,33,44
2015-07-12,no-smoke day,51,1,193,2015,91,20,34
2015-07-13,no-smoke day,52,2,194,2015,91,21,36
2015-07-14,no-smoke day,64,3,195,2015,90,37,48
2015-07-15,no-smoke day,56,4,196,2015,90,32,45
2015-07-16,no-smoke day,61,5,197,2015,94,29,42
2015-07-17,no-smoke day,59,6,198,2015,88,32,45
2015-07-18,no-smoke day,59,7,199,2015,83,38,45
2015-07-19,no-smoke day,57,1,200,2015,86,36,43
2015-07-20,no-smoke day,59,2,201,2015,83,43,46
2015-07-21,no-smoke day,65,3,202,2015,88,39,48
2015-07-22,no-smoke day,48,4,203,2015,86,47,52
2015-07-23,no-smoke day,62,5,204,2015,89,47,52
2015-07-24,no-smoke day,52,6,205,2015,92,33,44
2015-07-25,no-smoke day,62,7,206,2015,90,31,44
2015-07-26,no-smoke day,55,1,207,2015,98,16,30
2015-07-27,no-smoke day,50,2,208,2015,84,31,39
2015-07-28,no-smoke day,51,3,209,2015,78,29,31
2015-07-29,no-smoke day,61,4,210,2015,86,27,33
2015-07-30,no-smoke day,61,5,211,2015,93,23,33
2015-07-31,no-smoke day,64,6,212,2015,95,20,31
2015-08-01,no-smoke day,67,7,213,2015,95,22,36
2015-08-02,no-smoke day,61,1,214,2015,92,31,44
2015-08-03,no-smoke day,42,2,215,2015,75,79,58
2015-08-04,no-smoke day,63,3,216,2015,92,47,51
2015-08-05,no-smoke day,35,4,217,2015,90,32,44
2015-08-06,no-smoke day,52,5,218,2015,88,38,45
2015-08-07,no-smoke day,41,6,219,2015,84,55,52
2015-08-08,no-smoke day,47,7,220,2015,79,62,53
2015-08-09,no-smoke day,57,1,221,2015,87,42,46
2015-08-10,no-smoke day,49,2,222,2015,94,30,44
2015-08-11,no-smoke day,56,3,223,2015,94,45,52
2015-08-12,no-smoke day,55,4,224,2015,90,44,55
2015-08-13,no-smoke day,76,5,225,2015,95,39,54
2015-08-14,no-smoke day,56,6,226,2015,98,31,51
2015-08-15,no-smoke day,60,7,227,2015,93,41,55
2015-08-16,no-smoke day,63,1,228,2015,90,27,40
2015-08-17,smoke day,61,2,229,2015,91,26,37
2015-08-18,smoke day,63,3,230,2015,83,25,33
2015-08-19,smoke day,66,4,231,2015,86,25,36
2015-08-20,no-smoke day,66,5,232,2015,90,25,36
2015-08-21,smoke day,71,6,233,2015,95,23,36
2015-08-22,smoke day,56,7,234,2015,85,25,35
2015-08-23,smoke day,72,1,235,2015,92,27,39
2015-08-24,no-smoke day,63,2,236,2015,98,26,43
2015-08-25,no-smoke day,52,3,237,2015,98,23,42
2015-08-26,no-smoke day,46,4,238,2015,84,50,54
2015-08-27,no-smoke day,55,5,239,2015,88,45,52
2015-08-28,no-smoke day,58,6,240,2015,94,29,42
2015-08-29,no-smoke day,49,7,241,2015,96,22,41
2015-08-30,no-smoke day,43,1,242,2015,88,30,46
2015-08-31,no-smoke day,41,2,243,2015,87,30,41
2015-09-01,no-smoke day,41,3,244,2015,92,26,42
2015-09-02,no-smoke day,41,4,245,2015,92,23,41
2015-09-03,no-smoke day,37,5,246,2015,89,21,36
2015-09-04,no-smoke day,40,6,247,2015,88,20,35
2015-09-05,no-smoke day,44,7,248,2015,79,29,35
2015-09-06,no-smoke day,48,1,249,2015,72,37,32
2015-09-07,no-smoke day,52,2,250,2015,79,30,30
2015-09-08,no-smoke day,52,3,251,2015,82,27,28
2015-09-09,no-smoke day,55,4,252,2015,87,22,27
2015-09-10,no-smoke day,51,5,253,2015,89,22,29
2015-09-11,no-smoke day,52,6,254,2015,90,23,31
2015-09-12,no-smoke day,57,7,255,2015,92,22,31
2015-09-13,no-smoke day,60,1,256,2015,91,24,34
2015-09-14,no-smoke day,37,2,257,2015,80,48,49
2015-09-15,no-smoke day,26,3,258,2015,72,66,52
2015-09-16,no-smoke day,31,4,259,2015,66,77,48
2015-09-17,no-smoke day,42,5,260,2015,66,75,49
2015-09-18,no-smoke day,45,6,261,2015,66,59,40
2015-09-19,no-smoke day,52,7,262,2015,73,51,39
2015-09-20,no-smoke day,57,1,263,2015,81,42,38
2015-09-21,no-smoke day,54,2,264,2015,84,40,41
2015-09-22,no-smoke day,51,3,265,2015,86,35,40
2015-09-23,no-smoke day,50,4,266,2015,87,36,42
2015-09-24,no-smoke day,56,5,267,2015,87,39,44
2015-09-25,no-smoke day,48,6,268,2015,93,28,38
2015-09-26,no-smoke day,50,7,269,2015,90,25,39
2015-09-27,no-smoke day,50,1,270,2015,88,27,41
2015-09-28,no-smoke day,46,2,271,2015,84,44,49
2015-09-29,no-smoke day,42,3,272,2015,84,40,46
2015-09-30,no-smoke day,25,4,273,2015,86,33,44
2016-05-01,no-smoke day,48,1,122,2016,65,31,25
2016-05-02,no-smoke day,52,2,123,2016,69,39,31
2016-05-03,no-smoke day,59,3,124,2016,75,38,34
2016-05-04,no-smoke day,53,4,125,2016,82,30,33
2016-05-05,no-smoke day,58,5,126,2016,84,24,33
2016-05-06,no-smoke day,52,6,127,2016,73,51,43
2016-05-07,no-smoke day,45,7,128,2016,62,71,43
2016-05-08,no-smoke day,40,1,129,2016,55,78,45
2016-05-09,no-smoke day,46,2,130,2016,69,60,43
2016-05-10,no-smoke day,45,3,131,2016,60,46,30
2016-05-11,no-smoke day,45,4,132,2016,62,47,31
2016-05-12,no-smoke day,51,5,133,2016,78,36,33
2016-05-13,no-smoke day,54,6,134,2016,85,29,34
2016-05-14,no-smoke day,54,7,135,2016,88,23,33
2016-05-15,no-smoke day,47,1,136,2016,74,52,43
2016-05-16,no-smoke day,41,2,137,2016,66,56,42
2016-05-17,no-smoke day,35,3,138,2016,70,41,38
2016-05-18,no-smoke day,55,4,139,2016,76,41,39
2016-05-19,no-smoke day,47,5,140,2016,82,47,42
2016-05-20,no-smoke day,51,6,141,2016,80,41,40
2016-05-21,no-smoke day,51,7,142,2016,71,55,39
2016-05-22,no-smoke day,51,1,143,2016,61,56,37
2016-05-23,no-smoke day,50,2,144,2016,70,50,36
2016-05-24,no-smoke day,54,3,145,2016,72,46,39
2016-05-25,no-smoke day,54,4,146,2016,68,50,40
2016-05-26,no-smoke day,50,5,147,2016,72,50,40
2016-05-27,no-smoke day,47,6,148,2016,74,45,40
2016-05-28,no-smoke day,50,7,149,2016,76,45,42
2016-05-29,no-smoke day,49.46428571,1,150,2016,80,39,41
2016-05-30,no-smoke day,49.46428571,2,151,2016,79,40,41
2016-05-31,no-smoke day,49.46428571,3,152,2016,78,33,35
2016-06-01,no-smoke day,60.875,4,153,2016,84,27,33
2016-06-02,no-smoke day,60.875,5,154,2016,89,26,36
2016-06-03,no-smoke day,60.875,6,155,2016,86,34,42
2016-06-04,no-smoke day,60.875,7,156,2016,91,33,44
2016-06-05,no-smoke day,60.875,1,157,2016,96,30,44
2016-06-06,no-smoke day,60.875,2,158,2016,97,22,41
2016-06-07,no-smoke day,60.875,3,159,2016,91,30,45
2016-06-08,no-smoke day,60.875,4,160,2016,95,27,44
2016-06-09,no-smoke day,60.875,5,161,2016,94,23,42
2016-06-10,no-smoke day,60.875,6,162,2016,94,17,34
2016-06-11,no-smoke day,60.875,7,163,2016,79,61,50
2016-06-12,no-smoke day,60.875,1,164,2016,78,65,54
2016-06-13,no-smoke day,60.875,2,165,2016,74,65,52
2016-06-14,no-smoke day,60.875,3,166,2016,87,40,42
2016-06-15,no-smoke day,60.875,4,167,2016,92,27,32
2016-06-16,no-smoke day,60.875,5,168,2016,78,40,41
2016-06-17,no-smoke day,60.875,6,169,2016,90,32,40
2016-06-18,no-smoke day,60.875,7,170,2016,95,14,27
2016-06-19,no-smoke day,55,1,171,2016,88,34,44
2016-06-20,no-smoke day,55,2,172,2016,100,27,43
2016-06-21,no-smoke day,55,3,173,2016,96,23,39
2016-06-22,no-smoke day,55,4,174,2016,98,28,45
2016-06-23,no-smoke day,61,5,175,2016,98,21,38
2016-06-24,no-smoke day,49,6,176,2016,91,23,36
2016-06-25,no-smoke day,55,7,177,2016,81,22,29
2016-06-26,no-smoke day,78,1,178,2016,92,21,32
2016-06-27,no-smoke day,81,2,179,2016,101,21,37
2016-06-28,no-smoke day,58,3,180,2016,103,18,38
2016-06-29,no-smoke day,51,4,181,2016,98,25,44
2016-06-30,no-smoke day,54,5,182,2016,92,35,50
2016-07-01,no-smoke day,62,6,183,2016,90,36,49
2016-07-02,no-smoke day,65,7,184,2016,93,30,46
2016-07-03,no-smoke day,61,1,185,2016,95,27,45
2016-07-04,smoke day,55,2,186,2016,98,23,42
2016-07-05,no-smoke day,51,3,187,2016,94,26,43
2016-07-06,no-smoke day,50,4,188,2016,89,28,41
2016-07-07,no-smoke day,70,5,189,2016,92,27,40
2016-07-08,no-smoke day,57,6,190,2016,99,15,32
2016-07-09,no-smoke day,50,7,191,2016,100,11,27
2016-07-10,no-smoke day,37,1,192,2016,86,27,38
2016-07-11,no-smoke day,41,2,193,2016,76,32,33
2016-07-12,no-smoke day,58,3,194,2016,89,23,31
2016-07-13,no-smoke day,54,4,195,2016,90,22,34
2016-07-14,no-smoke day,67,5,196,2016,95,22,35
2016-07-15,no-smoke day,66,6,197,2016,98,18,33
2016-07-16,no-smoke day,59,7,198,2016,95,20,37
2016-07-17,no-smoke day,58,1,199,2016,99,21,35
2016-07-18,no-smoke day,44,2,200,2016,98,20,42
2016-07-19,no-smoke day,43,3,201,2016,99,24,46
2016-07-20,no-smoke day,50,4,202,2016,101,20,41
2016-07-21,no-smoke day,61,5,203,2016,102,19,41
2016-07-22,no-smoke day,50,6,204,2016,102,22,44
2016-07-23,smoke day,65,7,205,2016,95,18,32
2016-07-24,no-smoke day,69,1,206,2016,97,23,37
2016-07-25,smoke day,71,2,207,2016,101,19,39
2016-07-26,no-smoke day,58,3,208,2016,104,16,36
2016-07-27,no-smoke day,58,4,209,2016,101,17,34
2016-07-28,no-smoke day,62,5,210,2016,102,18,38
2016-07-29,smoke day,56,6,211,2016,102,19,39
2016-07-30,no-smoke day,53,7,212,2016,100,23,44
2016-07-31,no-smoke day,63,1,213,2016,100,27,48
2016-08-01,smoke day,74,2,214,2016,100,23,43
2016-08-02,smoke day,72,3,215,2016,101,21,42
2016-08-03,no-smoke day,59,4,216,2016,95,21,41
2016-08-04,no-smoke day,81,5,217,2016,93,18,30
2016-08-05,no-smoke day,60,6,218,2016,92,27,43
2016-08-06,no-smoke day,57,7,219,2016,94,36,51
2016-08-07,no-smoke day,45,1,220,2016,98,32,50
2016-08-08,no-smoke day,57,2,221,2016,97,24,38
2016-08-09,no-smoke day,57,3,222,2016,98,16,32
2016-08-10,no-smoke day,47,4,223,2016,90,33,44
2016-08-11,no-smoke day,51,5,224,2016,88,34,43
2016-08-12,no-smoke day,51,6,225,2016,92,23,33
2016-08-13,smoke day,53,7,226,2016,95,20,32
2016-08-14,no-smoke day,59,1,227,2016,98,17,30
2016-08-15,no-smoke day,45,2,228,2016,94,19,35
2016-08-16,no-smoke day,62,3,229,2016,98,23,40
2016-08-17,no-smoke day,53,4,230,2016,94,20,38
2016-08-18,no-smoke day,58,5,231,2016,93,25,40
2016-08-19,smoke day,54,6,232,2016,91,25,40
2016-08-20,no-smoke day,59,7,233,2016,90,25,37
2016-08-21,no-smoke day,61,1,234,2016,95,21,34
2016-08-22,no-smoke day,48,2,235,2016,94,18,33
2016-08-23,no-smoke day,50,3,236,2016,90,23,36
2016-08-24,no-smoke day,45,4,237,2016,84,20,26
2016-08-25,no-smoke day,54,5,238,2016,84,24,30
2016-08-26,no-smoke day,54,6,239,2016,88,24,35
2016-08-27,no-smoke day,57,7,240,2016,89,24,34
2016-08-28,no-smoke day,52,1,241,2016,92,24,37
2016-08-29,no-smoke day,47,2,242,2016,95,23,36
2016-08-30,no-smoke day,53,3,243,2016,98,21,36
2016-08-31,no-smoke day,47,4,244,2016,97,17,36
2016-09-01,no-smoke day,48,5,245,2016,93,26,42
2016-09-02,no-smoke day,45,6,246,2016,92,31,46
2016-09-03,smoke day,47,7,247,2016,87,30,40
2016-09-04,no-smoke day,42,1,248,2016,80,35,40
2016-09-05,no-smoke day,47,2,249,2016,75,41,39
2016-09-06,no-smoke day,51,3,250,2016,80,36,37
2016-09-07,no-smoke day,48,4,251,2016,84,27,33
2016-09-08,no-smoke day,35,5,252,2016,83,30,36
2016-09-09,no-smoke day,44,6,253,2016,77,29,29
2016-09-10,no-smoke day,59,7,254,2016,83,24,25
2016-09-11,no-smoke day,50,1,255,2016,91,21,30
2016-09-12,no-smoke day,45,2,256,2016,83,28,37
2016-09-13,no-smoke day,43,3,257,2016,82,60,47
2016-09-14,no-smoke day,42,4,258,2016,70,64,47
2016-09-15,no-smoke day,44,5,259,2016,68,57,44
2016-09-16,no-smoke day,51,6,260,2016,73,51,41
2016-09-17,no-smoke day,52,7,261,2016,80,37,36
2016-09-18,no-smoke day,50,1,262,2016,88,26,34
2016-09-19,no-smoke day,45,2,263,2016,92,22,32
2016-09-20,no-smoke day,43,3,264,2016,89,23,35
2016-09-21,no-smoke day,38,4,265,2016,84,45,49
2016-09-22,no-smoke day,35,5,266,2016,79,78,52
2016-09-23,no-smoke day,27,6,267,2016,51,86,45
2016-09-24,no-smoke day,31,7,268,2016,62,71,44
2016-09-25,no-smoke day,40,1,269,2016,68,63,43
2016-09-26,no-smoke day,40,2,270,2016,72,60,46
2016-09-27,no-smoke day,51,3,271,2016,77,60,49
2016-09-28,no-smoke day,58,4,272,2016,81,56,50
2016-09-29,no-smoke day,40,5,273,2016,78,53,50
2016-09-30,no-smoke day,39,6,274,2016,78,49,49
2017-05-01,no-smoke day,50,2,121,2017,64,47,35
2017-05-02,no-smoke day,45,3,122,2017,66,50,38
2017-05-03,no-smoke day,51,4,123,2017,69,45,35
2017-05-04,no-smoke day,62,5,124,2017,77,43,38
2017-05-05,no-smoke day,49,6,125,2017,88,32,38
2017-05-06,no-smoke day,52,7,126,2017,85,31,39
2017-05-07,no-smoke day,54,1,127,2017,78,45,44
2017-05-08,no-smoke day,44,2,128,2017,72,58,47
2017-05-09,no-smoke day,54,3,129,2017,76,52,46
2017-05-10,no-smoke day,59,4,130,2017,77,44,43
2017-05-11,no-smoke day,61,5,131,2017,84,35,39
2017-05-12,no-smoke day,55,6,132,2017,87,29,36
2017-05-13,no-smoke day,57,7,133,2017,59,48,32
2017-05-14,no-smoke day,55,1,134,2017,69,45,33
2017-05-15,no-smoke day,50,2,135,2017,70,47,37
2017-05-16,no-smoke day,50,3,136,2017,63,53,40
2017-05-17,no-smoke day,45,4,137,2017,55,70,32
2017-05-18,no-smoke day,45,5,138,2017,51,65,34
2017-05-19,no-smoke day,46,6,139,2017,60,48,33
2017-05-20,no-smoke day,52,7,140,2017,71,42,35
2017-05-21,no-smoke day,53,1,141,2017,67,65,46
2017-05-22,no-smoke day,53,2,142,2017,76,47,42
2017-05-23,no-smoke day,54,3,143,2017,82,36,40
2017-05-24,no-smoke day,48,4,144,2017,89,32,39
2017-05-25,no-smoke day,56,5,145,2017,71,35,34
2017-05-26,no-smoke day,47,6,146,2017,68,45,38
2017-05-27,no-smoke day,45,7,147,2017,71,47,39
2017-05-28,no-smoke day,55,1,148,2017,79,38,39
2017-05-29,no-smoke day,62,2,149,2017,85,36,41
2017-05-30,no-smoke day,68,3,150,2017,90,25,36
2017-05-31,no-smoke day,62,4,151,2017,92,20,34
2017-06-01,no-smoke day,54,5,152,2017,85,34,43
2017-06-02,no-smoke day,58,6,153,2017,81,40,42
2017-06-03,no-smoke day,74,7,154,2017,91,27,37
2017-06-04,no-smoke day,57,1,155,2017,97,21,36
2017-06-05,no-smoke day,60,2,156,2017,87,37,48
2017-06-06,no-smoke day,73,3,157,2017,94,32,45
2017-06-07,no-smoke day,59,4,158,2017,98,16,32
2017-06-08,no-smoke day,59,5,159,2017,96,12,24
2017-06-09,no-smoke day,55,6,160,2017,88,38,44
2017-06-10,no-smoke day,49,7,161,2017,80,45,45
2017-06-11,no-smoke day,49,1,162,2017,92,28,36
2017-06-12,no-smoke day,54,2,163,2017,77,24,24
2017-06-13,no-smoke day,36,3,164,2017,71,60,44
2017-06-14,no-smoke day,50,4,165,2017,80,42,42
2017-06-15,no-smoke day,61,5,166,2017,89,33,42
2017-06-16,no-smoke day,45,6,167,2017,93,30,44
2017-06-17,no-smoke day,47,7,168,2017,82,39,47
2017-06-18,no-smoke day,50,1,169,2017,86,35,44
2017-06-19,no-smoke day,56,2,170,2017,94,34,48
2017-06-20,no-smoke day,61,3,171,2017,101,24,44
2017-06-21,smoke day,66,4,172,2017,99,29,48
2017-06-22,no-smoke day,58,5,173,2017,88,25,37
2017-06-23,no-smoke day,62,6,174,2017,86,26,35
2017-06-24,no-smoke day,69,7,175,2017,89,25,36
2017-06-25,no-smoke day,70,1,176,2017,94,28,42
2017-06-26,no-smoke day,63,2,177,2017,100,20,37
2017-06-27,no-smoke day,48,3,178,2017,92,23,38
2017-06-28,no-smoke day,49,4,179,2017,91,25,39
2017-06-29,no-smoke day,52,5,180,2017,86,26,34
2017-06-30,no-smoke day,67,6,181,2017,86,30,38
2017-07-01,no-smoke day,83,7,182,2017,94,28,40
2017-07-02,no-smoke day,66,1,183,2017,98,22,39
2017-07-03,no-smoke day,66,2,184,2017,99,18,36
2017-07-04,no-smoke day,71,3,185,2017,102,20,39
2017-07-05,no-smoke day,65,4,186,2017,105,18,39
2017-07-06,smoke day,83,5,187,2017,102,23,43
2017-07-07,smoke day,71,6,188,2017,103,25,46
2017-07-08,no-smoke day,67,7,189,2017,104,22,44
2017-07-09,no-smoke day,64,1,190,2017,101,26,47
2017-07-10,no-smoke day,72,2,191,2017,96,30,51
2017-07-11,no-smoke day,66,3,192,2017,96,29,50
2017-07-12,no-smoke day,70,4,193,2017,96,28,48
2017-07-13,no-smoke day,78,5,194,2017,100,27,46
2017-07-14,smoke day,79,6,195,2017,99,27,48
2017-07-15,no-smoke day,69,7,196,2017,102,25,46
2017-07-16,no-smoke day,69,1,197,2017,99,25,47
2017-07-17,no-smoke day,67,2,198,2017,99,30,50
2017-07-18,no-smoke day,67,3,199,2017,100,31,52
2017-07-19,no-smoke day,67,4,200,2017,96,35,55
2017-07-20,no-smoke day,56,5,201,2017,96,35,55
2017-07-21,no-smoke day,68,6,202,2017,97,31,52
2017-07-22,no-smoke day,75,7,203,2017,99,29,49
2017-07-23,no-smoke day,81,1,204,2017,99,27,46
2017-07-24,no-smoke day,72,2,205,2017,98,30,49
2017-07-25,no-smoke day,58,3,206,2017,85,57,60
2017-07-26,no-smoke day,69,4,207,2017,89,64,62
2017-07-27,no-smoke day,68,5,208,2017,91,48,56
2017-07-28,no-smoke day,66,6,209,2017,91,45,55
2017-07-29,no-smoke day,67,7,210,2017,95,35,49
2017-07-30,no-smoke day,65,1,211,2017,96,31,48
2017-07-31,no-smoke day,72,2,212,2017,98,30,48
2017-08-01,no-smoke day,71,3,213,2017,101,25,43
2017-08-02,smoke day,69,4,214,2017,100,23,42
2017-08-03,smoke day,64,5,215,2017,99,20,40
2017-08-04,smoke day,65,6,216,2017,98,26,46
2017-08-05,smoke day,61,7,217,2017,96,26,43
2017-08-06,smoke day,59,1,218,2017,92,29,44
2017-08-07,smoke day,68,2,219,2017,88,38,50
2017-08-08,no-smoke day,62,3,220,2017,88,42,52
2017-08-09,no-smoke day,64,4,221,2017,90,41,51
2017-08-10,no-smoke day,68,5,222,2017,90,38,49
2017-08-11,no-smoke day,70,6,223,2017,96,31,47
2017-08-12,no-smoke day,59,7,224,2017,96,29,46
2017-08-13,no-smoke day,51,1,225,2017,92,37,51
2017-08-14,no-smoke day,46,2,226,2017,85,42,49
2017-08-15,no-smoke day,55,3,227,2017,83,43,45
2017-08-16,no-smoke day,64,4,228,2017,90,28,39
2017-08-17,no-smoke day,59,5,229,2017,92,26,41
2017-08-18,no-smoke day,60,6,230,2017,93,27,41
2017-08-19,no-smoke day,62,7,231,2017,96,24,39
2017-08-20,no-smoke day,59,1,232,2017,96,24,41
2017-08-21,no-smoke day,56,2,233,2017,93,29,44
2017-08-22,no-smoke day,53,3,234,2017,91,34,48
2017-08-23,no-smoke day,48,4,235,2017,89,39,50
2017-08-24,no-smoke day,58,5,236,2017,91,32,46
2017-08-25,no-smoke day,53,6,237,2017,95,28,44
2017-08-26,no-smoke day,55,7,238,2017,97,26,44
2017-08-27,no-smoke day,65,1,239,2017,98,26,42
2017-08-28,no-smoke day,62,2,240,2017,98,24,40
2017-08-29,smoke day,68,3,241,2017,99,25,44
2017-08-30,no-smoke day,58,4,242,2017,94,31,47
2017-08-31,no-smoke day,55,5,243,2017,87,42,53
2017-09-01,no-smoke day,63,6,244,2017,92,37,47
2017-09-02,smoke day,83,7,245,2017,94,31,45
2017-09-03,no-smoke day,73,1,246,2017,98,28,44
2017-09-04,smoke day,76,2,247,2017,98,27,43
2017-09-05,smoke day,79,3,248,2017,95,28,43
2017-09-06,smoke day,76,4,249,2017,94,27,41
2017-09-07,smoke day,62,5,250,2017,93,28,43
2017-09-08,no-smoke day,51,6,251,2017,91,34,48
2017-09-09,no-smoke day,49,7,252,2017,82,47,52
2017-09-10,no-smoke day,59,1,253,2017,87,46,52
2017-09-11,no-smoke day,64,2,254,2017,91,40,50
2017-09-12,no-smoke day,55,3,255,2017,92,36,48
2017-09-13,no-smoke day,44,4,256,2017,86,37,48
2017-09-14,no-smoke day,35,5,257,2017,76,50,50
2017-09-15,no-smoke day,46,6,258,2017,66,65,47
2017-09-16,no-smoke day,49,7,259,2017,67,53,39
2017-09-17,no-smoke day,57,1,260,2017,77,43,38
2017-09-18,no-smoke day,55,2,261,2017,85,33,39
2017-09-19,no-smoke day,41,3,262,2017,64,61,42
2017-09-20,no-smoke day,44,4,263,2017,80,43,37
2017-09-21,no-smoke day,45,5,264,2017,58,72,42
2017-09-22,no-smoke day,38,6,265,2017,53,76,40
2017-09-23,no-smoke day,35,7,266,2017,56,75,40
2017-09-24,no-smoke day,21,1,267,2017,48,90,43
2017-09-25,no-smoke day,38,2,268,2017,61,65,38
2017-09-26,no-smoke day,42,3,269,2017,66,57,38
2017-09-27,no-smoke day,44,4,270,2017,69,55,41
2017-09-28,no-smoke day,41,5,271,2017,72,49,41
2017-09-29,no-smoke day,49,6,272,2017,75,49,42
2017-09-30,no-smoke day,42,7,273,2017,69,56,44
2018-05-01,no-smoke day,49,3,121,2018,61,53,34
2018-05-02,no-smoke day,41,4,122,2018,61,73,42
2018-05-03,no-smoke day,47,5,123,2018,68,55,39
2018-05-04,no-smoke day,56,6,124,2018,77,36,34
2018-05-05,no-smoke day,58,7,125,2018,80,35,37
2018-05-06,no-smoke day,61,1,126,2018,86,23,31
2018-05-07,no-smoke day,61,2,127,2018,82,27,35
2018-05-08,no-smoke day,59,3,128,2018,82,33,36
2018-05-09,no-smoke day,48,4,129,2018,85,32,40
2018-05-10,no-smoke day,55,5,130,2018,78,44,45
2018-05-11,no-smoke day,45,6,131,2018,58,76,46
2018-05-12,no-smoke day,56,7,132,2018,57,75,42
2018-05-13,no-smoke day,57,1,133,2018,68,55,37
2018-05-14,no-smoke day,52,2,134,2018,69,69,45
2018-05-15,no-smoke day,55,3,135,2018,72,61,46
2018-05-16,no-smoke day,61,4,136,2018,82,46,42
2018-05-17,no-smoke day,61,5,137,2018,81,43,42
2018-05-18,no-smoke day,63,6,138,2018,73,49,43
2018-05-19,no-smoke day,61,7,139,2018,77,45,43
2018-05-20,no-smoke day,58,1,140,2018,80,48,44
2018-05-21,no-smoke day,65,2,141,2018,81,48,45
2018-05-22,no-smoke day,54,3,142,2018,72,57,47
2018-05-23,no-smoke day,50,4,143,2018,74,56,47
2018-05-24,no-smoke day,60,5,144,2018,86,38,41
2018-05-25,no-smoke day,61,6,145,2018,90,27,36
2018-05-26,no-smoke day,64,7,146,2018,84,23,30
2018-05-27,no-smoke day,56,1,147,2018,68,68,49
2018-05-28,no-smoke day,45,2,148,2018,70,65,49
2018-05-29,no-smoke day,59,3,149,2018,79,50,46
2018-05-30,no-smoke day,52,4,150,2018,85,46,47
2018-05-31,no-smoke day,53,5,151,2018,89,43,41
2018-06-01,no-smoke day,51,6,152,2018,70,46,39
2018-06-02,no-smoke day,63,7,153,2018,79,35,36
2018-06-03,no-smoke day,73,1,154,2018,87,33,40
2018-06-04,no-smoke day,59,2,155,2018,97,21,33
2018-06-05,no-smoke day,60,3,156,2018,92,15,29
2018-06-06,no-smoke day,55,4,157,2018,94,23,36
2018-06-07,no-smoke day,53,5,158,2018,94,14,27
2018-06-08,no-smoke day,66,6,159,2018,92,27,39
2018-06-09,no-smoke day,63,7,160,2018,96,15,26
2018-06-10,no-smoke day,54,1,161,2018,75,31,30
2018-06-11,no-smoke day,64,2,162,2018,83,26,28
2018-06-12,no-smoke day,63,3,163,2018,83,30,36
2018-06-13,no-smoke day,74,4,164,2018,97,24,38
2018-06-14,no-smoke day,55,5,165,2018,94,16,30
2018-06-15,no-smoke day,59,6,166,2018,89,33,43
2018-06-16,no-smoke day,61,7,167,2018,85,36,45
2018-06-17,no-smoke day,43,1,168,2018,92,34,46
2018-06-18,no-smoke day,60,2,169,2018,79,46,45
2018-06-19,no-smoke day,47,3,170,2018,78,37,42
2018-06-20,no-smoke day,53,4,171,2018,84,35,43
2018-06-21,no-smoke day,57,5,172,2018,92,27,40
2018-06-22,no-smoke day,56,6,173,2018,85,29,40
2018-06-23,no-smoke day,55,7,174,2018,87,26,37
2018-06-24,no-smoke day,53,1,175,2018,83,35,41
2018-06-25,no-smoke day,78,2,176,2018,94,24,37
2018-06-26,no-smoke day,60,3,177,2018,96,20,36
2018-06-27,no-smoke day,86,4,178,2018,96,24,41
2018-06-28,no-smoke day,69,5,179,2018,97,13,24
2018-06-29,no-smoke day,50,6,180,2018,78,29,35
2018-06-30,no-smoke day,52,7,181,2018,77,31,36
2018-07-01,no-smoke day,51,1,182,2018,86,27,35
2018-07-02,no-smoke day,53,2,183,2018,92,23,37
2018-07-03,no-smoke day,51,3,184,2018,87,31,43
2018-07-04,no-smoke day,66,4,185,2018,96,26,36
2018-07-05,smoke day,61,5,186,2018,98,18,35
2018-07-06,smoke day,70,6,187,2018,102,21,41
2018-07-07,no-smoke day,65,7,188,2018,98,22,43
2018-07-08,no-smoke day,64,1,189,2018,99,29,48
2018-07-09,no-smoke day,65.83333333,2,190,2018,99,33,52
2018-07-10,no-smoke day,68,3,191,2018,98,36,54
2018-07-11,no-smoke day,69,4,192,2018,92,38,54
2018-07-12,no-smoke day,63,5,193,2018,95,34,52
2018-07-13,no-smoke day,76,6,194,2018,96,32,49
2018-07-14,no-smoke day,55,7,195,2018,90,38,52
2018-07-15,no-smoke day,67,1,196,2018,97,34,49
2018-07-16,no-smoke day,62,2,197,2018,97,32,49
2018-07-17,no-smoke day,65,3,198,2018,95,34,49
2018-07-18,no-smoke day,71,4,199,2018,97,23,39
2018-07-19,no-smoke day,73,5,200,2018,98,20,37
2018-07-20,no-smoke day,55,6,201,2018,93,29,48
2018-07-21,no-smoke day,65,7,202,2018,98,33,50
2018-07-22,no-smoke day,60,1,203,2018,85,46,55
2018-07-23,no-smoke day,59,2,204,2018,94,37,50
2018-07-24,no-smoke day,59,3,205,2018,99,28,45
2018-07-25,no-smoke day,59,4,206,2018,96,27,47
2018-07-26,smoke day,59,5,207,2018,97,23,42
2018-07-27,smoke day,58,6,208,2018,99,21,40
2018-07-28,smoke day,59,7,209,2018,100,21,39
2018-07-29,smoke day,51,1,210,2018,94,21,35
2018-07-30,smoke day,56,2,211,2018,95,20,34
2018-07-31,smoke day,64,3,212,2018,99,19,35
2018-08-01,smoke day,62,4,213,2018,97,25,45
2018-08-02,smoke day,51,5,214,2018,90,39,53
2018-08-03,smoke day,59,6,215,2018,92,35,50
2018-08-04,smoke day,60,7,216,2018,90,29,41
2018-08-05,smoke day,48,1,217,2018,88,26,36
2018-08-06,smoke day,53,2,218,2018,90,24,33
2018-08-07,no-smoke day,50,3,219,2018,92,22,33
2018-08-08,no-smoke day,47,4,220,2018,95,21,33
2018-08-09,smoke day,54,5,221,2018,98,22,38
2018-08-10,smoke day,51.33333333,6,222,2018,99,23,39
2018-08-11,smoke day,56,7,223,2018,98,22,41
2018-08-12,smoke day,49,1,224,2018,96,27,44
2018-08-13,smoke day,56,2,225,2018,95,27,44
2018-08-14,smoke day,56,3,226,2018,95,25,42
2018-08-15,smoke day,49,4,227,2018,91,28,44
2018-08-16,no-smoke day,56,5,228,2018,92,33,48
2018-08-17,no-smoke day,68,6,229,2018,93,35,48
2018-08-18,smoke day,58,7,230,2018,86,42,48
2018-08-19,no-smoke day,71,1,231,2018,88,29,38
2018-08-20,smoke day,56,2,232,2018,92,27,42
2018-08-21,no-smoke day,56,3,233,2018,87,44,50
2018-08-22,no-smoke day,46,4,234,2018,86,64,56
2018-08-23,smoke day,67,5,235,2018,87,43,46
2018-08-24,smoke day,47,6,236,2018,89,36,47
2018-08-25,no-smoke day,65,7,237,2018,88,35,45
2018-08-26,smoke day,60,1,238,2018,86,25,35
2018-08-27,smoke day,56.33333333,2,239,2018,77,38,41
2018-08-28,no-smoke day,50,3,240,2018,76,43,39
2018-08-29,no-smoke day,63,4,241,2018,87,34,40
2018-08-30,no-smoke day,48,5,242,2018,90,18,32
2018-08-31,no-smoke day,60,6,243,2018,86,26,35
2018-09-01,no-smoke day,57,7,244,2018,84,34,37
2018-09-02,no-smoke day,65,1,245,2018,87,30,35
2018-09-03,no-smoke day,67,2,246,2018,88,29,36
2018-09-04,no-smoke day,60,3,247,2018,87,27,35
2018-09-05,no-smoke day,66,4,248,2018,90,28,37
2018-09-06,no-smoke day,64,5,249,2018,89,29,40
2018-09-07,no-smoke day,65,6,250,2018,90,28,40
2018-09-08,no-smoke day,55,7,251,2018,91,28,40
2018-09-09,no-smoke day,64,1,252,2018,87,28,36
2018-09-10,no-smoke day,62,2,253,2018,91,24,34
2018-09-11,no-smoke day,61,3,254,2018,88,26,34
2018-09-12,no-smoke day,48,4,255,2018,83,28,34
2018-09-13,no-smoke day,49,5,256,2018,81,31,34
2018-09-14,no-smoke day,55.5,6,257,2018,89,28,34
2018-09-15,no-smoke day,49,7,258,2018,93,21,34
2018-09-16,no-smoke day,43,1,259,2018,89,32,41
2018-09-17,no-smoke day,52.5,2,260,2018,87,33,41
2018-09-18,no-smoke day,43,3,261,2018,88,24,35
2018-09-19,no-smoke day,59,4,262,2018,83,30,34
2018-09-20,no-smoke day,51,5,263,2018,74,26,27
2018-09-21,no-smoke day,62,6,264,2018,83,26,29
2018-09-22,no-smoke day,57,7,265,2018,87,23,32
2018-09-23,no-smoke day,43,1,266,2018,83,25,35
2018-09-24,no-smoke day,47,2,267,2018,71,34,30
2018-09-25,no-smoke day,52,3,268,2018,71,33,27
2018-09-26,no-smoke day,51,4,269,2018,73,30,26
2018-09-27,no-smoke day,51,5,270,2018,79,29,29
2018-09-28,no-smoke day,43,6,271,2018,86,26,31
2018-09-29,no-smoke day,50,7,272,2018,88,20,34
2018-09-30,no-smoke day,38,1,273,2018,80,30,38
2019-05-01,no-smoke day,52,4,121,2019,53,57,28
2019-05-02,no-smoke day,57,5,122,2019,64,38,26
2019-05-03,no-smoke day,56,6,123,2019,68,34,27
2019-05-04,no-smoke day,59,7,124,2019,74,33,31
2019-05-05,no-smoke day,60,1,125,2019,77,37,36
2019-05-06,no-smoke day,60,2,126,2019,77,43,39
2019-05-07,no-smoke day,52,3,127,2019,64,61,42
2019-05-08,no-smoke day,42,4,128,2019,64,60,40
2019-05-09,no-smoke day,42,5,129,2019,62,45,32
2019-05-10,no-smoke day,56,6,130,2019,67,43,32
2019-05-11,no-smoke day,57,7,131,2019,73,38,33
2019-05-12,no-smoke day,58,1,132,2019,79,33,33
2019-05-13,no-smoke day,63,2,133,2019,85,33,38
2019-05-14,no-smoke day,57,3,134,2019,82,32,40
2019-05-15,no-smoke day,59,4,135,2019,82,29,39
2019-05-16,no-smoke day,55,5,136,2019,78,46,41
2019-05-17,no-smoke day,48,6,137,2019,57,70,39
2019-05-18,no-smoke day,43,7,138,2019,57,69,40
2019-05-19,no-smoke day,56,1,139,2019,63,56,38
2019-05-20,no-smoke day,54,2,140,2019,59,56,37
2019-05-21,no-smoke day,43,3,141,2019,55,79,41
2019-05-22,no-smoke day,40,4,142,2019,55,77,42
2019-05-23,no-smoke day,53,5,143,2019,57,67,38
2019-05-24,no-smoke day,45,6,144,2019,62,69,42
2019-05-25,no-smoke day,51,7,145,2019,73,53,42
2019-05-26,no-smoke day,61,1,146,2019,76,45,38
2019-05-27,no-smoke day,56,2,147,2019,61,68,44
2019-05-28,no-smoke day,50,3,148,2019,63,74,46
2019-05-29,no-smoke day,49,4,149,2019,68,65,47
2019-05-30,no-smoke day,57,5,150,2019,75,54,44
2019-05-31,no-smoke day,62,6,151,2019,76,60,50
2019-06-01,no-smoke day,67,7,152,2019,79,55,48
2019-06-02,no-smoke day,65,1,153,2019,74,57,49
2019-06-03,no-smoke day,66,2,154,2019,79,48,46
2019-06-04,no-smoke day,63,3,155,2019,82,44,47
2019-06-05,no-smoke day,50,4,156,2019,84,41,47
2019-06-06,no-smoke day,54,5,157,2019,88,47,50
2019-06-07,no-smoke day,57,6,158,2019,84,51,48
2019-06-08,no-smoke day,46,7,159,2019,61,45,31
2019-06-09,no-smoke day,47,1,160,2019,69,39,32
2019-06-10,no-smoke day,62,2,161,2019,78,37,37
2019-06-11,no-smoke day,51,3,162,2019,82,36,41
2019-06-12,no-smoke day,54,4,163,2019,86,39,47
2019-06-13,no-smoke day,54,5,164,2019,88,44,50
2019-06-14,no-smoke day,55,6,165,2019,82,48,51
2019-06-15,no-smoke day,59,7,166,2019,88,39,48
2019-06-16,no-smoke day,61,1,167,2019,85,41,48
2019-06-17,no-smoke day,62,2,168,2019,84,48,50
2019-06-18,no-smoke day,57,3,169,2019,84,44,48
2019-06-19,no-smoke day,55,4,170,2019,87,36,46
2019-06-20,no-smoke day,46,5,171,2019,82,38,40
2019-06-21,no-smoke day,47,6,172,2019,67,36,30
2019-06-22,no-smoke day,44,7,173,2019,69,39,34
2019-06-23,no-smoke day,51,1,174,2019,80,34,36
2019-06-24,no-smoke day,55,2,175,2019,84,33,41
2019-06-25,no-smoke day,63,3,176,2019,89,33,44
2019-06-26,no-smoke day,64,4,177,2019,91,21,36
2019-06-27,no-smoke day,55,5,178,2019,93,18,35
2019-06-28,no-smoke day,59,6,179,2019,95,18,35
2019-06-29,no-smoke day,71,7,180,2019,92,31,43
2019-06-30,no-smoke day,41,1,181,2019,86,41,52
2019-07-01,no-smoke day,52,2,182,2019,93,36,48
2019-07-02,no-smoke day,52,3,183,2019,96,26,44
2019-07-03,no-smoke day,71,4,184,2019,90,40,50
2019-07-04,no-smoke day,52,5,185,2019,83,56,51
2019-07-05,no-smoke day,66,6,186,2019,86,43,47
2019-07-06,no-smoke day,66,7,187,2019,93,31,44
2019-07-07,no-smoke day,47,1,188,2019,94,22,39
2019-07-08,no-smoke day,51,2,189,2019,89,37,46
2019-07-09,no-smoke day,60,3,190,2019,88,38,47
2019-07-10,no-smoke day,52,4,191,2019,99,27,45
2019-07-11,no-smoke day,46,5,192,2019,101,24,45
2019-07-12,no-smoke day,55,6,193,2019,100,25,47
2019-07-13,no-smoke day,48,7,194,2019,94,33,50
2019-07-14,no-smoke day,52,1,195,2019,99,31,50
2019-07-15,no-smoke day,55,2,196,2019,99,31,49
2019-07-16,no-smoke day,59,3,197,2019,99,29,46
2019-07-17,no-smoke day,68,4,198,2019,94,33,49
2019-07-18,no-smoke day,57,5,199,2019,99,19,41
2019-07-19,no-smoke day,59,6,200,2019,98,22,43
2019-07-20,no-smoke day,69,7,201,2019,95,34,49
2019-07-21,no-smoke day,66,1,202,2019,100,30,50
2019-07-22,no-smoke day,78,2,203,2019,103,26,48
2019-07-23,no-smoke day,59,3,204,2019,101,23,45
2019-07-24,no-smoke day,58,4,205,2019,95,33,53
2019-07-25,no-smoke day,68,5,206,2019,94,33,51
2019-07-26,no-smoke day,58,6,207,2019,89,49,56
2019-07-27,no-smoke day,57,7,208,2019,88,48,55
2019-07-28,no-smoke day,61,1,209,2019,95,32,47
2019-07-29,no-smoke day,53,2,210,2019,101,23,43
2019-07-30,no-smoke day,57,3,211,2019,101,22,41
2019-07-31,no-smoke day,40,4,212,2019,92,44,52
2019-08-01,no-smoke day,66,5,213,2019,93,46,54
2019-08-02,no-smoke day,72,6,214,2019,99,31,49
2019-08-03,no-smoke day,62,7,215,2019,98,29,48
2019-08-04,no-smoke day,63,1,216,2019,98,31,49
2019-08-05,no-smoke day,73,2,217,2019,100,26,47
2019-08-06,no-smoke day,69,3,218,2019,102,21,43
2019-08-07,no-smoke day,51,4,219,2019,89,32,49
2019-08-08,no-smoke day,48,5,220,2019,79,66,58
2019-08-09,no-smoke day,58,6,221,2019,90,51,53
2019-08-10,no-smoke day,50,7,222,2019,94,28,45
2019-08-11,no-smoke day,55,1,223,2019,87,26,41
2019-08-12,no-smoke day,58,2,224,2019,85,33,43
2019-08-13,no-smoke day,73,3,225,2019,93,27,40
2019-08-14,no-smoke day,62,4,226,2019,95,24,38
2019-08-15,no-smoke day,64,5,227,2019,96,22,37
2019-08-16,no-smoke day,46,6,228,2019,91,26,40
2019-08-17,no-smoke day,48,7,229,2019,91,27,40
2019-08-18,no-smoke day,66,1,230,2019,96,25,39
2019-08-19,no-smoke day,49,2,231,2019,97,14,28
2019-08-20,no-smoke day,55,3,232,2019,98,16,31
2019-08-21,no-smoke day,74,4,233,2019,99,20,35
2019-08-22,no-smoke day,54,5,234,2019,93,23,37
2019-08-23,no-smoke day,51,6,235,2019,86,27,39
2019-08-24,no-smoke day,56,7,236,2019,94,25,38
2019-08-25,no-smoke day,49,1,237,2019,94,22,39
2019-08-26,no-smoke day,55,2,238,2019,82,24,33
2019-08-27,no-smoke day,67,3,239,2019,88,23,31
2019-08-28,no-smoke day,73,4,240,2019,96,22,34
2019-08-29,no-smoke day,59,5,241,2019,96,26,44
2019-08-30,no-smoke day,62,6,242,2019,97,27,46
2019-08-31,no-smoke day,68,7,243,2019,95,30,46
2019-09-01,no-smoke day,60,1,244,2019,100,23,38
2019-09-02,no-smoke day,59,2,245,2019,98,16,31
2019-09-03,no-smoke day,47,3,246,2019,94,27,44
2019-09-04,no-smoke day,67,4,247,2019,98,30,47
2019-09-05,no-smoke day,63,5,248,2019,95,37,51
2019-09-06,no-smoke day,56,6,249,2019,85,55,57
2019-09-07,no-smoke day,63,7,250,2019,88,39,48
2019-09-08,no-smoke day,53,1,251,2019,79,54,51
2019-09-09,no-smoke day,62,2,252,2019,80,45,43
2019-09-10,no-smoke day,46,3,253,2019,79,51,47
2019-09-11,no-smoke day,41,4,254,2019,63,77,48
2019-09-12,no-smoke day,50,5,255,2019,73,50,41
2019-09-13,no-smoke day,54,6,256,2019,81,43,41
2019-09-14,no-smoke day,58,7,257,2019,90,33,39
2019-09-15,no-smoke day,54,1,258,2019,92,21,33
2019-09-16,no-smoke day,50,2,259,2019,87,23,38
2019-09-17,no-smoke day,47,3,260,2019,78,44,38
2019-09-18,no-smoke day,52,4,261,2019,83,30,30
2019-09-19,no-smoke day,45,5,262,2019,76,45,38
2019-09-20,no-smoke day,39,6,263,2019,59,66,42
2019-09-21,no-smoke day,39,7,264,2019,65,55,38
2019-09-22,no-smoke day,43,1,265,2019,74,42,35
2019-09-23,no-smoke day,45,2,266,2019,78,33,35
2019-09-24,no-smoke day,43,3,267,2019,75,43,40
2019-09-25,no-smoke day,42,4,268,2019,77,47,43
2019-09-26,no-smoke day,47,5,269,2019,82,43,42
2019-09-27,no-smoke day,32,6,270,2019,73,47,44
2019-09-28,no-smoke day,38,7,271,2019,63,71,47
2019-09-29,no-smoke day,42,1,272,2019,51,79,40
2019-09-30,no-smoke day,43,2,273,2019,58,63,35
2020-05-01,no-smoke day,39,6,122,2020,66,58,44
2020-05-02,no-smoke day,51,7,123,2020,75,41,39
2020-05-03,no-smoke day,48,1,124,2020,70,37,35
2020-05-04,no-smoke day,56,2,125,2020,65,35,26
2020-05-05,no-smoke day,58,3,126,2020,75,23,22
2020-05-06,no-smoke day,60,4,127,2020,80,23,25
2020-05-07,no-smoke day,59,5,128,2020,62,28,19
2020-05-08,no-smoke day,64,6,129,2020,72,27,23
2020-05-09,no-smoke day,67,7,130,2020,76,26,24
2020-05-10,no-smoke day,63,1,131,2020,86,23,28
2020-05-11,no-smoke day,57,2,132,2020,86,28,37
2020-05-12,no-smoke day,51,3,133,2020,76,23,28
2020-05-13,no-smoke day,53,4,134,2020,67,42,35
2020-05-14,no-smoke day,53,5,135,2020,69,41,35
2020-05-15,no-smoke day,47,6,136,2020,68,39,34
2020-05-16,no-smoke day,55,7,137,2020,72,36,33
2020-05-17,no-smoke day,49,1,138,2020,88,25,34
2020-05-18,no-smoke day,49,2,139,2020,89,17,29
2020-05-19,no-smoke day,46,3,140,2020,83,30,32
2020-05-20,no-smoke day,46,4,141,2020,62,41,31
2020-05-21,no-smoke day,56,5,142,2020,72,43,36
2020-05-22,no-smoke day,47,6,143,2020,71,55,38
2020-05-23,no-smoke day,46,7,144,2020,57,58,33
2020-05-24,no-smoke day,45,1,145,2020,65,47,34
2020-05-25,no-smoke day,52,2,146,2020,73,39,34
2020-05-26,no-smoke day,60,3,147,2020,83,32,37
2020-05-27,no-smoke day,43,4,148,2020,84,39,46
2020-05-28,no-smoke day,49,5,149,2020,89,37,46
2020-05-29,no-smoke day,51,6,150,2020,96,27,44
2020-05-30,no-smoke day,52,7,151,2020,98,24,42
2020-05-31,no-smoke day,49,1,152,2020,93,21,37
2020-06-01,no-smoke day,52,2,153,2020,94,17,31
2020-06-02,no-smoke day,63,3,154,2020,89,32,42
2020-06-03,no-smoke day,54,4,155,2020,92,27,40
2020-06-04,no-smoke day,54,5,156,2020,91,24,38
2020-06-05,no-smoke day,59,6,157,2020,100,20,38
2020-06-06,no-smoke day,53,7,158,2020,80,53,46
2020-06-07,no-smoke day,43,1,159,2020,60,67,41
2020-06-08,no-smoke day,29,2,160,2020,55,65,36
2020-06-09,no-smoke day,41,3,161,2020,70,45,34
2020-06-10,no-smoke day,48,4,162,2020,81,32,35
2020-06-11,no-smoke day,50,5,163,2020,91,22,33
2020-06-12,no-smoke day,53,6,164,2020,97,18,33
2020-06-13,no-smoke day,54,7,165,2020,85,21,29
2020-06-14,no-smoke day,54,1,166,2020,75,40,38
2020-06-15,no-smoke day,56,2,167,2020,87,31,38
2020-06-16,no-smoke day,52,3,168,2020,77,52,45
2020-06-17,no-smoke day,52,4,169,2020,65,56,38
2020-06-18,no-smoke day,45,5,170,2020,71,52,40
2020-06-19,no-smoke day,51,6,171,2020,78,39,38
2020-06-20,no-smoke day,54,7,172,2020,84,30,38
2020-06-21,no-smoke day,51,1,173,2020,89,30,43
2020-06-22,no-smoke day,53,2,174,2020,87,34,43
2020-06-23,no-smoke day,53,3,175,2020,91,30,42
2020-06-24,no-smoke day,58,4,176,2020,95,26,42
2020-06-25,no-smoke day,52,5,177,2020,88,35,49
2020-06-26,no-smoke day,63,6,178,2020,91,32,43
2020-06-27,no-smoke day,66,7,179,2020,97,22,39
2020-06-28,no-smoke day,51,1,180,2020,89,46,47
2020-06-29,no-smoke day,56,2,181,2020,65,62,40
2020-06-30,no-smoke day,50,3,182,2020,72,59,44
2020-07-01,no-smoke day,63,4,183,2020,88,43,41
2020-07-02,no-smoke day,65,5,184,2020,90,35,44
2020-07-03,no-smoke day,48,6,185,2020,95,22,40
2020-07-04,no-smoke day,53,7,186,2020,97,24,42
2020-07-05,no-smoke day,62.33333333,1,187,2020,94,28,43
2020-07-06,no-smoke day,73,2,188,2020,97,26,42
2020-07-07,smoke day,40,3,189,2020,91,16,31
2020-07-08,smoke day,56,4,190,2020,88,31,42
2020-07-09,smoke day,73,5,191,2020,94,25,38
2020-07-10,no-smoke day,55,6,192,2020,94,14,30
2020-07-11,no-smoke day,77,7,193,2020,98,24,40
2020-07-12,no-smoke day,56,1,194,2020,98,20,40
2020-07-13,no-smoke day,48,2,195,2020,92,27,41
2020-07-14,no-smoke day,55,3,196,2020,89,29,40
2020-07-15,no-smoke day,60,4,197,2020,91,26,40
2020-07-16,no-smoke day,75,5,198,2020,97,25,41
2020-07-17,no-smoke day,58.8,6,199,2020,102,18,39
2020-07-18,no-smoke day,58.8,7,200,2020,96,23,43
2020-07-19,smoke day,59.8,1,201,2020,96,28,45
2020-07-20,no-smoke day,59.8,2,202,2020,95,24,41
2020-07-21,no-smoke day,59.8,3,203,2020,97,22,40
2020-07-22,no-smoke day,59.8,4,204,2020,85,43,50
2020-07-23,no-smoke day,59.8,5,205,2020,93,37,49
2020-07-24,no-smoke day,59.8,6,206,2020,92,31,46
2020-07-25,no-smoke day,59.8,7,207,2020,96,23,41
2020-07-26,no-smoke day,59.8,1,208,2020,97,26,44
2020-07-27,no-smoke day,59.8,2,209,2020,100,30,47
2020-07-28,no-smoke day,59.8,3,210,2020,93,43,52
2020-07-29,no-smoke day,59.8,4,211,2020,94,38,49
2020-07-30,no-smoke day,59.8,5,212,2020,101,25,43
2020-07-31,no-smoke day,59.8,6,213,2020,104,18,40
2020-08-01,no-smoke day,63,7,214,2020,105,19,40
2020-08-02,no-smoke day,63.25,1,215,2020,105,17,38
2020-08-03,no-smoke day,63.25,2,216,2020,100,18,37
2020-08-04,no-smoke day,63.25,3,217,2020,95,26,43
2020-08-05,smoke day,65,4,218,2020,100,21,40
2020-08-06,no-smoke day,60,5,219,2020,98,12,28
2020-08-07,no-smoke day,61,6,220,2020,94,16,32
2020-08-08,no-smoke day,67,7,221,2020,96,20,33
2020-08-09,no-smoke day,64,1,222,2020,96,17,31
2020-08-10,no-smoke day,65,2,223,2020,95,24,39
2020-08-11,no-smoke day,56,3,224,2020,96,21,37
2020-08-12,no-smoke day,54,4,225,2020,93,22,39
2020-08-13,no-smoke day,59,5,226,2020,95,18,33
2020-08-14,no-smoke day,50,6,227,2020,93,22,36
2020-08-15,no-smoke day,54,7,228,2020,96,22,38
2020-08-16,no-smoke day,60,1,229,2020,99,22,40
2020-08-17,no-smoke day,62,2,230,2020,102,22,41
2020-08-18,no-smoke day,62,3,231,2020,101,25,45
2020-08-19,smoke day,68,4,232,2020,100,26,46
2020-08-20,smoke day,59,5,233,2020,98,24,45
2020-08-21,smoke day,85,6,234,2020,98,28,44
2020-08-22,smoke day,84,7,235,2020,100,24,44
2020-08-23,smoke day,61,1,236,2020,97,26,45
2020-08-24,smoke day,71,2,237,2020,99,27,48
2020-08-25,smoke day,70,3,238,2020,96,33,51
2020-08-26,smoke day,75,4,239,2020,97,37,52
2020-08-27,no-smoke day,56,5,240,2020,93,24,42
2020-08-28,smoke day,71,6,241,2020,93,33,47
2020-08-29,smoke day,59,7,242,2020,93,25,42
2020-08-30,smoke day,56,1,243,2020,89,23,37
2020-08-31,no-smoke day,47,2,244,2020,78,29,30
2020-09-01,no-smoke day,40,3,245,2020,74,44,39
2020-09-02,no-smoke day,46,4,246,2020,87,33,39
2020-09-03,no-smoke day,46,5,247,2020,92,25,36
2020-09-04,no-smoke day,65,6,248,2020,94,26,39
2020-09-05,no-smoke day,64,7,249,2020,100,22,37
2020-09-06,smoke day,64,1,250,2020,97,21,36
2020-09-07,smoke day,51.83333333,2,251,2020,93,25,34
2020-09-08,no-smoke day,32,3,252,2020,55,44,26
2020-09-09,no-smoke day,46,4,253,2020,63,33,24
2020-09-10,smoke day,54,5,254,2020,71,26,25
2020-09-11,smoke day,57,6,255,2020,81,30,31
2020-09-12,smoke day,58,7,256,2020,87,26,31
2020-09-13,smoke day,58,1,257,2020,91,25,33
2020-09-14,smoke day,48,2,258,2020,92,18,29
2020-09-15,smoke day,49,3,259,2020,90,23,31
2020-09-16,smoke day,49,4,260,2020,90,24,32
2020-09-17,smoke day,58,5,261,2020,92,25,35
2020-09-18,smoke day,46,6,262,2020,88,18,31
2020-09-19,smoke day,43,7,263,2020,81,52,45
2020-09-20,smoke day,59,1,264,2020,77,52,43
2020-09-21,smoke day,65,2,265,2020,85,39,42
2020-09-22,smoke day,52,3,266,2020,87,27,41
2020-09-23,smoke day,56,4,267,2020,86,30,38
2020-09-24,smoke day,52,5,268,2020,91,24,34
2020-09-25,smoke day,50,6,269,2020,83,32,37
2020-09-26,no-smoke day,34,7,270,2020,74,40,40
2020-09-27,no-smoke day,45,1,271,2020,67,41,34
2020-09-28,no-smoke day,44,2,272,2020,70,37,30
2020-09-29,no-smoke day,48,3,273,2020,75,33,30
2020-09-30,no-smoke day,46,4,274,2020,80,32,32
2021-05-01,no-smoke day,45,7,121,2021,82,29,36
2021-05-02,no-smoke day,44,1,122,2021,65,47,37
2021-05-03,no-smoke day,43,2,123,2021,65,46,36
2021-05-04,no-smoke day,47,3,124,2021,69,37,31
2021-05-05,no-smoke day,53,4,125,2021,72,35,31
2021-05-06,no-smoke day,57,5,126,2021,87,23,27
2021-05-07,no-smoke day,51,6,127,2021,86,29,32
2021-05-08,no-smoke day,47,7,128,2021,59,29,21
2021-05-09,no-smoke day,45,1,129,2021,61,30,21
2021-05-10,no-smoke day,46,2,130,2021,61,47,30
2021-05-11,no-smoke day,48,3,131,2021,64,42,29
2021-05-12,no-smoke day,56,4,132,2021,75,27,25
2021-05-13,no-smoke day,55,5,133,2021,84,21,25
2021-05-14,no-smoke day,54,6,134,2021,85,26,34
2021-05-15,no-smoke day,59,7,135,2021,82,33,40
2021-05-16,no-smoke day,52,1,136,2021,78,48,44
2021-05-17,no-smoke day,49,2,137,2021,74,46,42
2021-05-18,no-smoke day,51,3,138,2021,82,33,37
2021-05-19,no-smoke day,53,4,139,2021,85,25,33
2021-05-20,no-smoke day,47,5,140,2021,74,36,34
2021-05-21,no-smoke day,51,6,141,2021,66,47,35
2021-05-22,no-smoke day,60,7,142,2021,69,23,19
2021-05-23,no-smoke day,46,1,143,2021,62,62,37
2021-05-24,no-smoke day,49,2,144,2021,69,48,35
2021-05-25,no-smoke day,48,3,145,2021,77,35,35
2021-05-26,no-smoke day,47,4,146,2021,72,35,32
2021-05-27,no-smoke day,58,5,147,2021,82,25,27
2021-05-28,no-smoke day,53,6,148,2021,83,26,33
2021-05-29,no-smoke day,60,7,149,2021,79,23,26
2021-05-30,no-smoke day,53,1,150,2021,81,30,35
2021-05-31,no-smoke day,56,2,151,2021,85,28,36
2021-06-01,no-smoke day,56,3,152,2021,88,25,34
2021-06-02,no-smoke day,64,4,153,2021,91,24,37
2021-06-03,no-smoke day,70,5,154,2021,97,26,41
2021-06-04,no-smoke day,67,6,155,2021,100,24,41
2021-06-05,no-smoke day,57,7,156,2021,97,26,44
2021-06-06,no-smoke day,65,1,157,2021,92,22,35
2021-06-07,no-smoke day,56,2,158,2021,94,19,33
2021-06-08,no-smoke day,55,3,159,2021,90,12,24
2021-06-09,no-smoke day,49,4,160,2021,91,12,24
2021-06-10,no-smoke day,49,5,161,2021,79,25,27
2021-06-11,no-smoke day,63,6,162,2021,79,30,29
2021-06-12,no-smoke day,71,7,163,2021,91,21,30
2021-06-13,no-smoke day,57,1,164,2021,102,17,30
2021-06-14,no-smoke day,58.66666667,2,165,2021,103,9,21
2021-06-15,smoke day,30,3,166,2021,107,11,28
2021-06-16,smoke day,67,4,167,2021,97,24,43
2021-06-17,smoke day,71,5,168,2021,96,25,42
2021-06-18,smoke day,66,6,169,2021,101,23,41
2021-06-19,smoke day,61,7,170,2021,100,16,38
2021-06-20,no-smoke day,45,1,171,2021,96,20,36
2021-06-21,no-smoke day,66,2,172,2021,95,22,37
2021-06-22,no-smoke day,61,3,173,2021,100,13,29
2021-06-23,no-smoke day,61,4,174,2021,95,15,32
2021-06-24,no-smoke day,45,5,175,2021,82,52,52
2021-06-25,no-smoke day,52,6,176,2021,87,42,49
2021-06-26,no-smoke day,56,7,177,2021,89,34,46
2021-06-27,no-smoke day,53,1,178,2021,91,27,44
2021-06-28,no-smoke day,45,2,179,2021,93,24,41
2021-06-29,no-smoke day,56,3,180,2021,95,23,39
2021-06-30,no-smoke day,50,4,181,2021,90,31,46
2021-07-01,no-smoke day,62,5,182,2021,94,32,47
2021-07-02,no-smoke day,65,6,183,2021,96,28,47
2021-07-03,no-smoke day,64,7,184,2021,100,26,45
2021-07-04,no-smoke day,65,1,185,2021,100,29,48
2021-07-05,no-smoke day,55,2,186,2021,97,33,51
2021-07-06,no-smoke day,61,3,187,2021,99,25,43
2021-07-07,no-smoke day,62,4,188,2021,104,18,39
2021-07-08,no-smoke day,65,5,189,2021,103,21,43
2021-07-09,smoke day,61,6,190,2021,101,20,38
2021-07-10,smoke day,74,7,191,2021,97,17,31
2021-07-11,smoke day,81,1,192,2021,104,20,39
2021-07-12,smoke day,85,2,193,2021,103,21,42
2021-07-13,smoke day,57,3,194,2021,104,21,44
2021-07-14,smoke day,63,4,195,2021,96,27,48
2021-07-15,smoke day,68,5,196,2021,98,26,46
2021-07-16,smoke day,70,6,197,2021,99,27,45
2021-07-17,no-smoke day,69,7,198,2021,100,24,44
2021-07-18,smoke day,76,1,199,2021,104,22,44
2021-07-19,no-smoke day,58,2,200,2021,97,31,52
2021-07-20,no-smoke day,67,3,201,2021,96,36,54
2021-07-21,no-smoke day,67,4,202,2021,99,34,52
2021-07-22,no-smoke day,68.5,5,203,2021,99,40,56
2021-07-23,no-smoke day,67,6,204,2021,95,41,56
2021-07-24,smoke day,76,7,205,2021,98,33,47
2021-07-25,smoke day,73,1,206,2021,97,23,40
2021-07-26,smoke day,80,2,207,2021,101,25,44
2021-07-27,no-smoke day,62,3,208,2021,94,38,56
2021-07-28,no-smoke day,63,4,209,2021,96,39,56
2021-07-29,no-smoke day,70,5,210,2021,93,48,59
2021-07-30,no-smoke day,74,6,211,2021,89,52,58
2021-07-31,no-smoke day,70,7,212,2021,96,44,57
2021-08-01,no-smoke day,69,1,213,2021,90,54,58
2021-08-02,no-smoke day,54,2,214,2021,82,67,60
2021-08-03,smoke day,67,3,215,2021,88,50,54
2021-08-04,smoke day,86,4,216,2021,94,36,50
2021-08-05,smoke day,65,5,217,2021,101,23,43
2021-08-06,smoke day,54,6,218,2021,90,27,41
2021-08-07,smoke day,76,7,219,2021,87,32,42
2021-08-08,smoke day,81,1,220,2021,97,23,37
2021-08-09,smoke day,55,2,221,2021,87,30,42
2021-08-10,smoke day,60,3,222,2021,90,27,37
2021-08-11,smoke day,52,4,223,2021,93,21,35
2021-08-12,no-smoke day,63.16666667,5,224,2021,97,25,42
2021-08-13,smoke day,68,6,225,2021,101,25,44
2021-08-14,smoke day,63,7,226,2021,100,23,43
2021-08-15,smoke day,70,1,227,2021,94,25,42
2021-08-16,smoke day,77,2,228,2021,98,24,40
2021-08-17,smoke day,55,3,229,2021,97,34,47
2021-08-18,smoke day,63.33333333,4,230,2021,76,76,51
2021-08-19,smoke day,55,5,231,2021,64,64,41
2021-08-20,smoke day,68,6,232,2021,77,52,46
2021-08-21,smoke day,55,7,233,2021,87,50,48
2021-08-22,no-smoke day,63,1,234,2021,82,56,53
2021-08-23,no-smoke day,61,2,235,2021,92,25,37
2021-08-24,no-smoke day,64,3,236,2021,91,17,31
2021-08-25,no-smoke day,53,4,237,2021,94,19,35
2021-08-26,smoke day,68,5,238,2021,88,29,40
2021-08-27,smoke day,64,6,239,2021,86,30,37
2021-08-28,smoke day,60,7,240,2021,83,36,40
2021-08-29,smoke day,80,1,241,2021,87,35,43
2021-08-30,smoke day,62,2,242,2021,91,33,44
2021-08-31,smoke day,62.83333333,3,243,2021,93,30,44
2021-09-01,no-smoke day,58,4,244,2021,85,40,50
2021-09-02,smoke day,54,5,245,2021,87,45,52
2021-09-03,smoke day,58,6,246,2021,82,33,40
2021-09-04,smoke day,65,7,247,2021,88,25,30
2021-09-05,smoke day,67,1,248,2021,91,23,32
2021-09-06,smoke day,63,2,249,2021,93,24,35
2021-09-07,smoke day,68,3,250,2021,93,23,32
2021-09-08,smoke day,80,4,251,2021,93,22,31
2021-09-09,smoke day,61,5,252,2021,97,21,34
2021-09-10,smoke day,52,6,253,2021,94,31,44
2021-09-11,no-smoke day,42,7,254,2021,80,66,56
2021-09-12,no-smoke day,58,1,255,2021,88,47,52
2021-09-13,no-smoke day,54,2,256,2021,85,45,49
2021-09-14,no-smoke day,60,3,257,2021,84,35,40
2021-09-15,no-smoke day,71,4,258,2021,89,31,38
2021-09-16,smoke day,55,5,259,2021,85,29,37
2021-09-17,smoke day,53,6,260,2021,88,31,37
2021-09-18,no-smoke day,46,7,261,2021,78,44,47
2021-09-19,no-smoke day,43,1,262,2021,80,40,41
2021-09-20,no-smoke day,41,2,263,2021,65,41,31
2021-09-21,no-smoke day,51,3,264,2021,73,34,28
2021-09-22,no-smoke day,51,4,265,2021,80,32,32
2021-09-23,no-smoke day,51,5,266,2021,79,39,38
2021-09-24,no-smoke day,52,6,267,2021,80,44,42
2021-09-25,no-smoke day,58,7,268,2021,87,32,37
2021-09-26,no-smoke day,57,1,269,2021,87,28,34
2021-09-27,smoke day,58,2,270,2021,88,27,35
2021-09-28,smoke day,40,3,271,2021,74,35,35
2021-09-29,no-smoke day,42,4,272,2021,61,46,32
2021-09-30,no-smoke day,43,5,273,2021,68,42,32
2022-05-01,no-smoke day,44,1,121,2022,56,63,40
2022-05-02,no-smoke day,51,2,122,2022,73,52,39
2022-05-03,no-smoke day,43,3,123,2022,53,59,32
2022-05-04,no-smoke day,41,4,124,2022,60,65,38
2022-05-05,no-smoke day,47,5,125,2022,76,38,34
2022-05-06,no-smoke day,48,6,126,2022,79,34,38
2022-05-07,no-smoke day,52,7,127,2022,78,32,31
2022-05-08,no-smoke day,48,1,128,2022,65,50,31
2022-05-09,no-smoke day,45,2,129,2022,54,39,20
2022-05-10,no-smoke day,49,3,130,2022,61,37,23
2022-05-11,no-smoke day,55,4,131,2022,70,32,24
2022-05-12,no-smoke day,47,5,132,2022,62,47,27
2022-05-13,no-smoke day,43,6,133,2022,70,34,29
2022-05-14,no-smoke day,52,7,134,2022,80,31,32
2022-05-15,no-smoke day,56,1,135,2022,86,39,42
2022-05-16,no-smoke day,48,2,136,2022,88,32,40
2022-05-17,no-smoke day,45,3,137,2022,79,37,41
2022-05-18,no-smoke day,53,4,138,2022,83,29,34
2022-05-19,no-smoke day,45,5,139,2022,76,34,33
2022-05-20,no-smoke day,41,6,140,2022,55,38,24
2022-05-21,no-smoke day,51,7,141,2022,68,24,19
2022-05-22,no-smoke day,52,1,142,2022,73,28,24
2022-05-23,no-smoke day,48,2,143,2022,66,35,25
2022-05-24,no-smoke day,50,3,144,2022,73,26,25
2022-05-25,no-smoke day,49,4,145,2022,81,24,27
2022-05-26,no-smoke day,43,5,146,2022,94,20,32
2022-05-27,no-smoke day,61,6,147,2022,88,26,39
2022-05-28,no-smoke day,41,7,148,2022,74,53,44
2022-05-29,no-smoke day,41,1,149,2022,59,66,41
2022-05-30,no-smoke day,33,2,150,2022,56,67,38
2022-05-31,no-smoke day,39,3,151,2022,65,56,38.33333333
2022-06-01,no-smoke day,57,4,152,2022,74,44,38
2022-06-02,no-smoke day,64,5,153,2022,85,31,36
2022-06-03,no-smoke day,64,6,154,2022,88,30,39
2022-06-04,no-smoke day,50,7,155,2022,88,29,38
2022-06-05,no-smoke day,39,1,156,2022,80,43,47
2022-06-06,no-smoke day,52,2,157,2022,80,42,43
2022-06-07,no-smoke day,60,3,158,2022,82,34,38
2022-06-08,no-smoke day,68,4,159,2022,91,29,39
2022-06-09,no-smoke day,65,5,160,2022,91,31,44
2022-06-10,no-smoke day,65,6,161,2022,97,28,44
2022-06-11,no-smoke day,48,7,162,2022,97,24,43
2022-06-12,no-smoke day,54,1,163,2022,102,23,38
2022-06-13,no-smoke day,46,2,164,2022,71,61,45
2022-06-14,no-smoke day,49,3,165,2022,69,39,32
2022-06-15,no-smoke day,57,4,166,2022,76,39,36
2022-06-16,no-smoke day,52,5,167,2022,100,21,30
2022-06-17,smoke day,53,6,168,2022,101,11,25
2022-06-18,smoke day,45,7,169,2022,93,15,30
2022-06-19,smoke day,55,1,170,2022,84,23,28
2022-06-20,no-smoke day,45,2,171,2022,72,41,37
2022-06-21,no-smoke day,60,3,172,2022,85,32,35
2022-06-22,no-smoke day,68,4,173,2022,90,27,37
2022-06-23,no-smoke day,54,5,174,2022,92,27,42
2022-06-24,no-smoke day,59,6,175,2022,90,33,45
2022-06-25,no-smoke day,58,7,176,2022,90,24,36
2022-06-26,no-smoke day,58,1,177,2022,93,25,38
2022-06-27,no-smoke day,60,2,178,2022,98,21,38
2022-06-28,no-smoke day,55.16666667,3,179,2022,99,23,42
2022-06-29,no-smoke day,54,4,180,2022,94,25,45
2022-06-30,no-smoke day,70,5,181,2022,95,34,50
2022-07-01,no-smoke day,46,6,182,2022,96,26,45
2022-07-02,no-smoke day,43,7,183,2022,101,20,39
2022-07-03,no-smoke day,42,1,184,2022,99,13,30
2022-07-04,no-smoke day,50,2,185,2022,98,11,25
2022-07-05,no-smoke day,46,3,186,2022,97,15,32
2022-07-06,no-smoke day,49,4,187,2022,98,19,37
2022-07-07,no-smoke day,52,5,188,2022,99,17,34
2022-07-08,no-smoke day,47.8,6,189,2022,101,15,32
2022-07-09,no-smoke day,47.8,7,190,2022,104,15,35
2022-07-10,no-smoke day,54.08333333,1,191,2022,100,21,40
2022-07-11,no-smoke day,54.08333333,2,192,2022,97,24,41
2022-07-12,no-smoke day,54.08333333,3,193,2022,102,25,44
2022-07-13,no-smoke day,54.08333333,4,194,2022,102,30,51
2022-07-14,no-smoke day,54.08333333,5,195,2022,101,30,51
2022-07-15,no-smoke day,54.08333333,6,196,2022,91,47,58
2022-07-16,no-smoke day,54.08333333,7,197,2022,101,31,50
2022-07-17,smoke day,54.08333333,1,198,2022,107,29,50
2022-07-18,no-smoke day,54.08333333,2,199,2022,101,33,53
2022-07-19,smoke day,54.08333333,3,200,2022,96,33,53
2022-07-20,no-smoke day,54.08333333,4,201,2022,99,29,50
2022-07-21,no-smoke day,54.08333333,5,202,2022,102,24,47
2022-07-22,no-smoke day,54.08333333,6,203,2022,104,26,48
2022-07-23,no-smoke day,54.08333333,7,204,2022,102,25,49
2022-07-24,no-smoke day,64.25,1,205,2022,93,32,51
2022-07-25,no-smoke day,64.25,2,206,2022,99,32,50
2022-07-26,no-smoke day,64.25,3,207,2022,100,21,39
2022-07-27,no-smoke day,69,4,208,2022,101,20,40
2022-07-28,no-smoke day,64,5,209,2022,101,23,45
2022-07-29,no-smoke day,62,6,210,2022,99,28,48
2022-07-30,no-smoke day,62,7,211,2022,100,28,49
2022-07-31,no-smoke day,64,1,212,2022,101,27,49
2022-08-01,no-smoke day,58,2,213,2022,94,39,55
2022-08-02,no-smoke day,60,3,214,2022,88,58,61
2022-08-03,no-smoke day,66,4,215,2022,95,39,54
2022-08-04,no-smoke day,76,5,216,2022,99,32,52
2022-08-05,no-smoke day,56,6,217,2022,93,46,59
2022-08-06,no-smoke day,46,7,218,2022,81,70,62
2022-08-07,no-smoke day,59,1,219,2022,89,48,54
2022-08-08,no-smoke day,48,2,220,2022,95,31,44
2022-08-09,no-smoke day,54,3,221,2022,99,26,43
2022-08-10,no-smoke day,63,4,222,2022,96,40,55
2022-08-11,no-smoke day,59,5,223,2022,91,53,60
2022-08-12,no-smoke day,58,6,224,2022,95,46,58
2022-08-13,no-smoke day,54,7,225,2022,93,45,57
2022-08-14,no-smoke day,59,1,226,2022,89,55,59
2022-08-15,no-smoke day,59,2,227,2022,96,34,50
2022-08-16,no-smoke day,54,3,228,2022,100,28,47
2022-08-17,no-smoke day,69,4,229,2022,100,27,48
2022-08-18,no-smoke day,68,5,230,2022,101,25,46
2022-08-19,no-smoke day,47,6,231,2022,86,46,55
2022-08-20,no-smoke day,49,7,232,2022,78,50,54
2022-08-21,no-smoke day,62,1,233,2022,91,41,52
2022-08-22,no-smoke day,60,2,234,2022,95,35,51
2022-08-23,no-smoke day,70,3,235,2022,100,30,47
2022-08-24,no-smoke day,55,4,236,2022,98,32,48
2022-08-25,no-smoke day,64,5,237,2022,95,37,51
2022-08-26,no-smoke day,62,6,238,2022,96,29,46
2022-08-27,no-smoke day,56,7,239,2022,96,26,43
2022-08-28,no-smoke day,53,1,240,2022,92,27,41
2022-08-29,no-smoke day,65,2,241,2022,96,25,41
2022-08-30,no-smoke day,63,3,242,2022,101,23,41
2022-08-31,no-smoke day,68,4,243,2022,102,21,41
2022-09-01,no-smoke day,65,5,244,2022,102,23,42
2022-09-02,smoke day,63,6,245,2022,100,19,34
2022-09-03,no-smoke day,72,7,246,2022,103,19,35
2022-09-04,no-smoke day,67,1,247,2022,102,21,41
2022-09-05,no-smoke day,66,2,248,2022,104,23,42
2022-09-06,no-smoke day,63,3,249,2022,105,23,42
2022-09-07,smoke day,74,4,250,2022,107,19,40
2022-09-08,smoke day,56,5,251,2022,98,23,43
2022-09-09,smoke day,67,6,252,2022,84,23,31
2022-09-10,smoke day,69,7,253,2022,85,28,34
2022-09-11,smoke day,81,1,254,2022,90,26,35
2022-09-12,smoke day,69,2,255,2022,94,25,37
2022-09-13,no-smoke day,43,3,256,2022,80,55,53
2022-09-14,no-smoke day,32,4,257,2022,72,73,57
2022-09-15,no-smoke day,47,5,258,2022,78,59,52
2022-09-16,no-smoke day,54,6,259,2022,75,59,50
2022-09-17,smoke day,55,7,260,2022,75,54,48
2022-09-18,no-smoke day,45,1,261,2022,88,30,38
2022-09-19,no-smoke day,47,2,262,2022,89,21,30
2022-09-20,no-smoke day,41,3,263,2022,92,29,41
2022-09-21,no-smoke day,36,4,264,2022,84,47,52
2022-09-22,no-smoke day,44,5,265,2022,74,50,45
2022-09-23,no-smoke day,49,6,266,2022,75,43,40
2022-09-24,no-smoke day,53,7,267,2022,81,36,37
2022-09-25,no-smoke day,57,1,268,2022,82,37,39
2022-09-26,no-smoke day,59,2,269,2022,85,36,40
2022-09-27,no-smoke day,52,3,270,2022,90,29,35
2022-09-28,no-smoke day,43,4,271,2022,84,40,45
2022-09-29,no-smoke day,45,5,272,2022,86,51,51
2022-09-30,no-smoke day,43,6,273,2022,71,46,42
