source,date,YEAR,state,region,AQS_O3,lon,lat,site_name,AQS_PM,AQS_dist_km,MDA8O3,origin_pred,origin_resids,HMS,PM2.5,PM2.5_Crit,smoke,DOY,NO2VCD,NO2S5P,HCHOS5P,SRAD,T2MAX,QV2M,U10M,V10M,U500,V500,TrajH2O,TrajDist,TrajDir,TrajDepth
gam_v2,2019-04-24,2019,Maine,Eastern US,230031100,-68.033006,46.696431,MICMAC HEALTH DEPARTMENT,230031100,0,35,35.9877,-0.9877,0,2.6,5.48,0,113,14.81435315,15.1307,15.834,100.8,278.8,3.94,-2.63,-1.2,3.29,5.16,3.6,560.9,68.2,677.9
gam_v2,2019-04-25,2019,Maine,Eastern US,230031100,-68.033006,46.696431,MICMAC HEALTH DEPARTMENT,230031100,0,38,36.5237,1.4763,0,3.7,5.48,0,114,14.72043433,14.9812,15.7223,190.3,280.1,3.55,-0.25,-2.05,12.06,-7.2,2.9,509.8,70.6,893.5
gam_v2,2019-04-26,2019,Maine,Eastern US,230031100,-68.033006,46.696431,MICMAC HEALTH DEPARTMENT,230031100,0,30,37.5851,-7.5851,0,3.7,5.48,0,115,14.72043433,14.9812,15.7223,151.5,283.2,4.49,-0.74,2.32,20.75,1.59,4.3,329.4,221,508.5
gam_v2,2019-04-27,2019,Maine,Eastern US,230031100,-68.033006,46.696431,MICMAC HEALTH DEPARTMENT,230031100,0,34,38.4752,-4.4752,0,2.2,5.48,0,116,14.72043433,14.9812,15.7573,83.3,285.3,5.96,-4.86,3.92,-0.36,26.67,5.7,720.5,116.3,1003.1
gam_v2,2019-04-28,2019,Maine,Eastern US,230031100,-68.033006,46.696431,MICMAC HEALTH DEPARTMENT,230031100,0,39,38.0811,0.9189,0,3.7,5.48,0,117,14.60541986,14.888,15.8053,236.1,282,4.49,3.34,-0.11,12.16,5.13,2.7,444.1,288.7,994.2
gam_v2,2019-04-29,2019,Maine,Eastern US,230031100,-68.033006,46.696431,MICMAC HEALTH DEPARTMENT,230031100,0,41,40.881,0.119,0,4,5.48,0,118,14.65832012,15.0229,15.8615,260,278,2.98,4.32,-2.35,21.9,-6.94,1.5,602.5,298.4,1386
gam_v2,2019-04-30,2019,Maine,Eastern US,230031100,-68.033006,46.696431,MICMAC HEALTH DEPARTMENT,230031100,0,45,43.9554,1.0446,0,4.7,5.48,0,119,14.65832012,15.0229,15.8615,302.4,279.8,2.88,3.55,-2.25,26.66,-9.12,1.2,480.9,301,1153.8
gam_v2,2019-05-01,2019,Maine,Eastern US,230031100,-68.033006,46.696431,MICMAC HEALTH DEPARTMENT,230031100,0,49,44.0355,4.9645,0,4.5,5.57,0,120,14.93951159,14.9897,15.8411,284.4,281.1,2.73,2.88,-3.09,27.24,-20,1.2,489.4,321.1,854.3
gam_v2,2019-05-02,2019,Maine,Eastern US,230031100,-68.033006,46.696431,MICMAC HEALTH DEPARTMENT,230031100,0,42,43.3366,-1.3366,0,5.6,5.57,0,121,14.93951159,15.026,15.804,312.8,285.8,3.54,0.08,-1.48,16.62,-8.97,2.1,237.5,9.2,768
gam_v2,2019-05-03,2019,Maine,Eastern US,230031100,-68.033006,46.696431,MICMAC HEALTH DEPARTMENT,230031100,0,42,40.9773,1.0227,0,5.2,5.57,0,122,14.93951159,15.026,15.804,187.9,285.5,4.73,0.01,2.05,18.86,-6.77,3.4,262.3,199.1,438.4
gam_v2,2019-05-04,2019,Maine,Eastern US,230031100,-68.033006,46.696431,MICMAC HEALTH DEPARTMENT,230031100,0,37,36.3369,0.6631,0,4,5.57,0,123,14.93951159,15.026,15.804,249.7,288.7,5.75,1.09,-0.22,23.7,0.73,5.1,236.8,315.3,482.3
gam_v2,2019-05-05,2019,Maine,Eastern US,230031100,-68.033006,46.696431,MICMAC HEALTH DEPARTMENT,230031100,0,42,42.294,-0.294,0,5.6,5.57,0,124,14.91483742,14.9763,15.804,329.9,290.6,4.66,-0.41,-1.38,19.1,-5.11,3.3,186.3,320.3,584.4
gam_v2,2019-05-06,2019,Maine,Eastern US,230031100,-68.033006,46.696431,MICMAC HEALTH DEPARTMENT,230031100,0,41,45.6055,-4.6055,0,5.5,5.57,0,125,14.91483742,14.9763,15.756,314.2,291.2,6.15,-0.52,2.5,12.83,0.02,4.3,212.1,193.3,640.6
gam_v2,2019-05-07,2019,Maine,Eastern US,230031100,-68.033006,46.696431,MICMAC HEALTH DEPARTMENT,230031100,0,38,34.3125,3.6875,0,5.5,5.57,0,126,14.90082684,14.9763,15.7059,101.4,286.3,6.88,1.4,1.17,22.76,5.69,6.5,449.9,244.2,926.7
gam_v2,2019-05-08,2019,Maine,Eastern US,230031100,-68.033006,46.696431,MICMAC HEALTH DEPARTMENT,230031100,0,39,39.9982,-0.9982,0,3.5,5.57,0,127,14.90082684,14.9763,15.7059,289.9,281.3,3.61,2.83,-2.94,20.83,-8.3,2,458.7,316.1,1135.1
gam_v2,2019-05-09,2019,Maine,Eastern US,230031100,-68.033006,46.696431,MICMAC HEALTH DEPARTMENT,230031100,0,36,42.6372,-6.6372,0,3.9,5.57,0,128,14.98687742,14.9443,15.7309,324.1,287.4,4.04,0.62,-1.55,18.68,-24.74,2.7,320.2,8.6,997.3
gam_v2,2019-05-10,2019,Maine,Eastern US,230031100,-68.033006,46.696431,MICMAC HEALTH DEPARTMENT,230031100,0,36,33.7187,2.2813,0,2.3,5.57,0,129,14.98687742,14.9744,15.772,55.4,280.5,5.01,-1.64,3.67,16.64,-0.93,4.1,355.1,174.2,513
gam_v2,2019-05-11,2019,Maine,Eastern US,230031100,-68.033006,46.696431,MICMAC HEALTH DEPARTMENT,230031100,0,36,35.1104,0.8896,0,2.4,5.57,0,130,14.98687742,14.9744,15.772,268.9,283.3,4.69,2.73,-0.94,28.5,0.56,3.6,519.4,289.4,990.3
gam_v2,2019-05-12,2019,Maine,Eastern US,230031100,-68.033006,46.696431,MICMAC HEALTH DEPARTMENT,230031100,0,34,39.7893,-5.7893,0,3.7,5.57,0,131,14.98687742,14.9744,15.755,319.7,285.6,4.28,1.77,-2.73,23.01,-12.73,2.6,533.5,337.4,1098.1
gam_v2,2019-05-13,2019,Maine,Eastern US,230031100,-68.033006,46.696431,MICMAC HEALTH DEPARTMENT,230031100,0,35,36.1622,-1.1622,0,3.3,5.57,0,132,15.09368893,15.0325,15.6854,229.4,285.5,4.87,-1.71,0.51,10.57,-2.07,3.4,255.6,79.6,699.1
gam_v2,2019-05-14,2019,Maine,Eastern US,230031100,-68.033006,46.696431,MICMAC HEALTH DEPARTMENT,230031100,0,39,34.8561,4.1439,0,3.3,5.57,0,133,15.19177441,14.9053,15.4097,165.3,282.1,4.46,-2.69,-0.38,-2.03,8.18,3.5,329.1,97.2,807.3
gam_v2,2019-05-15,2019,Maine,Eastern US,230031100,-68.033006,46.696431,MICMAC HEALTH DEPARTMENT,230031100,0,38,33.7482,4.2518,0,2.9,5.57,0,134,15.02468248,14.9053,15.4097,167.4,280.3,4.35,-1.24,-3,-6.69,1.71,3.3,470.7,68.7,812.2
gam_v2,2019-05-16,2019,Maine,Eastern US,230031100,-68.033006,46.696431,MICMAC HEALTH DEPARTMENT,230031100,0,37,32.3689,4.6311,0,3.6,5.57,0,135,14.50974654,14.9007,15.2003,162.7,283.3,4.97,0.48,-2.13,-0.2,-6.71,4.3,373.6,45,711.5
gam_v2,2019-05-17,2019,Maine,Eastern US,230031100,-68.033006,46.696431,MICMAC HEALTH DEPARTMENT,230031100,0,31,30.4313,0.5687,0,3.3,5.57,0,136,14.82035847,14.8289,15.251,231.3,285.9,5.01,-1.25,-0.03,9.5,-2.45,4.4,8.9,5.7,384.8
gam_v2,2019-05-18,2019,Maine,Eastern US,230031100,-68.033006,46.696431,MICMAC HEALTH DEPARTMENT,230031100,0,31,31.567,-0.567,0,3.9,5.57,0,137,14.82035847,14.8289,15.251,242.9,285.9,5.61,-0.72,-2.16,7.28,-6.07,4.1,291.1,62.2,607.2
gam_v2,2019-05-19,2019,Maine,Eastern US,230031100,-68.033006,46.696431,MICMAC HEALTH DEPARTMENT,230031100,0,32,32.6243,-0.6243,0,3.8,5.57,0,138,14.82035847,14.8289,15.251,179.7,286.6,5.7,0.1,0.91,29.86,-14.85,4.1,135.8,234.3,362
gam_v2,2019-05-20,2019,Maine,Eastern US,230031100,-68.033006,46.696431,MICMAC HEALTH DEPARTMENT,230031100,0,26,29.2887,-3.2887,0,2.4,5.57,0,139,14.84572758,14.9455,15.251,136,288.2,7.12,-2.24,1.71,26.48,4.77,8.4,358.9,223.8,467.9
gam_v2,2019-05-21,2019,Maine,Eastern US,230031100,-68.033006,46.696431,MICMAC HEALTH DEPARTMENT,230031100,0,39,29.6437,9.3563,0,2.9,5.57,0,140,14.80060638,14.922,15.3952,129.4,284,6.65,1.13,-0.78,8.09,4.48,5,228.5,12.8,720.7
gam_v2,2019-05-22,2019,Maine,Eastern US,230031100,-68.033006,46.696431,MICMAC HEALTH DEPARTMENT,230031100,0,39,34.757,4.243,0,4.4,5.57,0,141,14.81579142,14.922,15.3952,229.6,285.8,5.26,1.42,-3.3,4.74,-15.07,4.4,391,16.5,882.9
gam_v2,2019-05-23,2019,Maine,Eastern US,230031100,-68.033006,46.696431,MICMAC HEALTH DEPARTMENT,230031100,0,38,38.2512,-0.2512,0,3.3,5.57,0,142,14.81579142,14.922,15.3952,253.5,291.5,5.89,0.78,0.5,15.43,-10.06,4.5,105,295,690.6
gam_v2,2019-05-24,2019,Maine,Eastern US,230031100,-68.033006,46.696431,MICMAC HEALTH DEPARTMENT,230031100,0,37,34.5715,2.4285,0,4.5,5.57,0,143,14.94781802,14.8536,15.3952,246.3,288.9,6.92,-1.74,-0.85,3.02,-6.3,5.2,296.3,109.5,732.2
gam_v2,2019-05-25,2019,Maine,Eastern US,230031100,-68.033006,46.696431,MICMAC HEALTH DEPARTMENT,230031100,0,38,37.5519,0.4481,1,4.5,5.57,0,144,14.94781802,14.8414,15.3952,266.4,293.5,6.91,0.94,-0.11,8.44,-13.38,4.4,164.8,316.3,661.8
gam_v2,2019-05-26,2019,Maine,Eastern US,230031100,-68.033006,46.696431,MICMAC HEALTH DEPARTMENT,230031100,0,31,35.8338,-4.8338,0,4.9,5.57,0,145,14.94781802,14.8414,15.3952,119.8,289.4,8.38,-0.74,3.19,16.71,-1.89,6.7,322.4,200.3,677.5
gam_v2,2019-05-27,2019,Maine,Eastern US,230031100,-68.033006,46.696431,MICMAC HEALTH DEPARTMENT,230031100,0,39,33.8293,5.1707,0,2.6,5.57,0,146,14.94781802,14.8414,15.3952,294,286.7,6.17,2.42,-2.04,21.01,0.22,3.6,428.3,301.8,1252.5
gam_v2,2019-05-28,2019,Maine,Eastern US,230031100,-68.033006,46.696431,MICMAC HEALTH DEPARTMENT,230031100,0,37,39.2916,-2.2916,1,3.8,5.57,0,147,14.94781802,14.8414,15.3952,352.6,289.3,4.65,1.65,-0.15,20.41,-11.71,2.3,239.1,295.9,1154.6
gam_v2,2019-05-29,2019,Maine,Eastern US,230031100,-68.033006,46.696431,MICMAC HEALTH DEPARTMENT,230031100,0,45,36.1419,8.8581,1,3.8,5.57,0,148,14.94781802,14.8414,15.3397,265.7,288.3,6.2,0.41,2.32,18.07,-4.78,4.9,149,191.7,510.2
gam_v2,2019-05-30,2019,Maine,Eastern US,230031100,-68.033006,46.696431,MICMAC HEALTH DEPARTMENT,230031100,0,41,34.3159,6.6841,1,3.9,5.57,0,149,15.05867843,14.8687,15.3684,182.7,289.5,7.5,0.1,3.03,23.07,2.8,7.1,315.2,253.8,505.2
gam_v2,2019-05-31,2019,Maine,Eastern US,230031100,-68.033006,46.696431,MICMAC HEALTH DEPARTMENT,230031100,0,38,37.125,0.875,1,3.1,5.57,0,150,15.08452027,14.8619,15.3308,350.2,287.6,6.04,2.28,1.01,30.66,7.22,2.3,461.1,288.9,1253.4
gam_v2,2019-06-01,2019,Maine,Eastern US,230031100,-68.033006,46.696431,MICMAC HEALTH DEPARTMENT,230031100,0,37,37.8057,-0.8057,1,5.1,5.67,0,151,15.07570405,14.8079,15.4436,342.5,291.6,5.78,1.67,0.46,33.68,-1.17,3.9,216.9,267.8,847.2
gam_v2,2019-06-02,2019,Maine,Eastern US,230031100,-68.033006,46.696431,MICMAC HEALTH DEPARTMENT,230031100,0,32,32.2172,-0.2172,1,4.8,5.67,0,152,15.07570405,14.8079,15.4436,111.2,289.4,8.29,-1.63,2.12,16.79,10.43,7.1,417.1,125.3,508.1
gam_v2,2019-06-03,2019,Maine,Eastern US,230031100,-68.033006,46.696431,MICMAC HEALTH DEPARTMENT,230031100,0,33,33.0037,-0.0037,0,3.9,5.67,0,153,15.07570405,14.8213,15.5095,155.1,288.9,8.85,0.71,1.76,9.79,25.05,7.1,351.2,257.4,702.3
gam_v2,2019-06-04,2019,Maine,Eastern US,230031100,-68.033006,46.696431,MICMAC HEALTH DEPARTMENT,230031100,0,31,32.6901,-1.6901,0,2.9,5.67,0,154,15.07570405,14.8213,15.5095,298.7,288.2,5.77,2.85,0.76,12.9,6.17,4.1,458.3,284.8,1297.6
gam_v2,2019-06-05,2019,Maine,Eastern US,230031100,-68.033006,46.696431,MICMAC HEALTH DEPARTMENT,230031100,0,39,35.2088,3.7912,0,4.8,5.67,0,155,15.13502658,14.8147,15.6039,284.9,290.4,6.63,2.17,1.13,21.76,-6.21,4.3,314.4,259.5,964.7
gam_v2,2019-06-06,2019,Maine,Eastern US,230031100,-68.033006,46.696431,MICMAC HEALTH DEPARTMENT,230031100,0,40,33.1214,6.8786,0,5.1,5.67,0,156,15.1983726,14.8147,15.6039,339.3,292.1,7.17,1.71,-0.8,24.02,-0.45,5.7,209.8,320.5,694.8
gam_v2,2019-06-07,2019,Maine,Eastern US,230031100,-68.033006,46.696431,MICMAC HEALTH DEPARTMENT,230031100,0,38,35.659,2.341,0,4.9,5.67,0,157,15.08097969,14.8147,15.6039,325,293,6.68,1.06,0.18,20.77,1.37,3.7,52,116.7,724.3
gam_v2,2019-06-08,2019,Maine,Eastern US,230031100,-68.033006,46.696431,MICMAC HEALTH DEPARTMENT,230031100,0,29,34.7457,-5.7457,1,4.2,5.67,0,158,15.00047515,14.8472,15.6039,361.9,289.7,6.24,1.59,-2.63,13.27,-16.74,3.4,387,337.7,1011.3
gam_v2,2019-06-09,2019,Maine,Eastern US,230031100,-68.033006,46.696431,MICMAC HEALTH DEPARTMENT,230031100,0,36,35.7992,0.2008,1,5.4,5.67,0,159,14.92075754,14.858,15.6039,279.5,293.9,7.03,1.6,-0.51,13.31,-25.09,3.9,136,276,700.5
gam_v2,2019-06-10,2019,Maine,Eastern US,230031100,-68.033006,46.696431,MICMAC HEALTH DEPARTMENT,230031100,0,30,35.6774,-5.6774,0,6.6,5.67,0,160,14.92075754,14.858,15.6039,311.1,295.3,8.79,-1.85,0.98,8.74,-16.48,3.6,253.4,92.6,530.2
gam_v2,2019-06-11,2019,Maine,Eastern US,230031100,-68.033006,46.696431,MICMAC HEALTH DEPARTMENT,230031100,0,38,33.2541,4.7459,0,4.3,5.67,0,161,14.97042451,14.858,15.5898,136.2,290.8,9.89,-1,3.35,8.65,7.88,10.4,525.1,171.3,432.6
gam_v2,2019-06-12,2019,Maine,Eastern US,230031100,-68.033006,46.696431,MICMAC HEALTH DEPARTMENT,230031100,0,39,35.4228,3.5772,0,4,5.67,0,162,14.97042451,14.858,15.5898,360.1,292.6,7.16,4.05,-1.11,28.18,-1.23,4.4,599.1,288.5,836.3
gam_v2,2019-06-13,2019,Maine,Eastern US,230031100,-68.033006,46.696431,MICMAC HEALTH DEPARTMENT,230031100,0,42,34.3574,7.6426,0,3.9,5.67,0,163,14.97042451,14.858,15.6306,158,291.6,8.29,-0.02,1.97,15.17,8.92,5.4,280.9,197.3,606.6
gam_v2,2019-06-14,2019,Maine,Eastern US,230031100,-68.033006,46.696431,MICMAC HEALTH DEPARTMENT,230031100,0,40,36.3501,3.6499,0,3.3,5.67,0,164,14.91859484,14.8198,15.6598,226.5,293.1,8.9,-1.44,2.53,10.94,24.13,8.5,291.2,237.2,415.2
gam_v2,2019-06-15,2019,Maine,Eastern US,230031100,-68.033006,46.696431,MICMAC HEALTH DEPARTMENT,230031100,0,40,37.7318,2.2682,0,4.5,5.67,0,165,14.78291625,14.8387,15.733,282.4,294.5,9.27,1.44,1.74,16.38,2.35,7.1,329.9,269.1,893
gam_v2,2019-06-16,2019,Maine,Eastern US,230031100,-68.033006,46.696431,MICMAC HEALTH DEPARTMENT,230031100,0,32,35.0175,-3.0175,0,4.2,5.67,0,166,14.82927529,14.8622,15.73,312.2,293.2,9.27,1.83,1.55,21.95,5.4,6.4,392.9,274.1,1085.1
gam_v2,2019-06-17,2019,Maine,Eastern US,230031100,-68.033006,46.696431,MICMAC HEALTH DEPARTMENT,230031100,0,30,28.2962,1.7038,0,4.7,5.67,0,167,14.82927529,14.8599,15.7736,285.7,291.6,7.94,1.46,-1.51,23.38,-0.56,5.2,289.6,308.6,680.4
gam_v2,2019-06-18,2019,Maine,Eastern US,230031100,-68.033006,46.696431,MICMAC HEALTH DEPARTMENT,230031100,0,33,34.0925,-1.0925,0,4.5,5.67,0,168,14.90251252,14.6954,15.8386,336.4,294.8,8.14,1.88,0.16,20.16,-3.64,5.6,139.3,272.4,973.5
gam_v2,2019-06-19,2019,Maine,Eastern US,230031100,-68.033006,46.696431,MICMAC HEALTH DEPARTMENT,230031100,0,43,37.3852,5.6148,0,6.9,5.67,0,169,14.90251252,14.6954,15.8386,284.8,296.9,10.02,1.27,1.26,17.28,-0.79,6.8,161.1,271.4,700.6
gam_v2,2019-06-20,2019,Maine,Eastern US,230031100,-68.033006,46.696431,MICMAC HEALTH DEPARTMENT,230031100,0,35,34.8355,0.1645,0,3.5,5.67,0,170,14.90251252,14.6098,15.8162,167.3,294.1,11.32,-0.08,1.7,21.75,3.53,9.3,230.6,198.7,472.2
gam_v2,2019-06-21,2019,Maine,Eastern US,230031100,-68.033006,46.696431,MICMAC HEALTH DEPARTMENT,230031100,0,38,28.498,9.502,0,3.7,5.67,0,171,14.89159118,14.655,15.7027,131,290.3,10.34,-0.7,-2.22,9.94,2.6,8.1,415.5,50.4,600.9
gam_v2,2019-06-22,2019,Maine,Eastern US,230031100,-68.033006,46.696431,MICMAC HEALTH DEPARTMENT,230031100,0,33,31.242,1.758,1,4,5.67,0,172,14.95187579,14.6366,15.7027,326.8,292.7,8.49,1.53,-3.24,2.17,-10.95,6.3,505,16.1,1033.4
gam_v2,2019-06-23,2019,Maine,Eastern US,230031100,-68.033006,46.696431,MICMAC HEALTH DEPARTMENT,230031100,0,35,30.4998,4.5002,1,5.1,5.67,0,173,14.95187579,14.6366,15.7027,349.4,293.1,8.43,2.67,-3.12,9.77,-21.53,4.8,608,322.5,1205.6
gam_v2,2019-06-24,2019,Maine,Eastern US,230031100,-68.033006,46.696431,MICMAC HEALTH DEPARTMENT,230031100,0,34,31.908,2.092,1,5,5.67,0,174,14.96200936,14.7268,15.6953,368.7,292,6.79,1.51,-2.27,7.35,-20.45,3.9,510.8,346.7,1104.9
gam_v2,2019-06-25,2019,Maine,Eastern US,230031100,-68.033006,46.696431,MICMAC HEALTH DEPARTMENT,230031100,0,37,33.7262,3.2738,0,5.2,5.67,0,175,14.94738113,14.8066,15.7213,314.5,294.9,7.85,-0.8,1.5,7.32,-11.61,5.4,151.2,144.5,659.7
gam_v2,2019-06-26,2019,Maine,Eastern US,230031100,-68.033006,46.696431,MICMAC HEALTH DEPARTMENT,230031100,0,38,36.7445,1.2555,0,4.3,5.67,0,176,14.90877781,14.8066,15.7554,234,293.6,10.06,-0.88,3.6,12.21,4.49,7.8,557.6,160.7,428.5
gam_v2,2019-06-27,2019,Maine,Eastern US,230031100,-68.033006,46.696431,MICMAC HEALTH DEPARTMENT,230031100,0,28,32.4884,-4.4884,0,3.1,5.67,0,177,14.91606858,14.8684,15.8056,195.3,296.2,10.77,-0.58,2.04,9.47,6.3,10.1,187.3,241.4,352.4
gam_v2,2019-06-28,2019,Maine,Eastern US,230031100,-68.033006,46.696431,MICMAC HEALTH DEPARTMENT,230031100,0,39,34.6313,4.3687,0,4.4,5.67,0,178,14.91606858,14.8376,15.8854,297.5,297,11.48,1.05,0.02,11.16,-4.49,9.4,237.4,304.9,520
gam_v2,2019-06-29,2019,Maine,Eastern US,230031100,-68.033006,46.696431,MICMAC HEALTH DEPARTMENT,230031100,0,50,32.9559,17.0441,0,4.2,5.67,0,179,14.91606858,14.8376,15.8854,183.6,295.1,11.17,-0.81,0.11,14.1,-1.95,8.8,117.7,240.1,330.4
gam_v2,2019-06-30,2019,Maine,Eastern US,230031100,-68.033006,46.696431,MICMAC HEALTH DEPARTMENT,230031100,0,41,28.7785,12.2215,0,4.4,5.67,0,180,14.92890545,14.8324,15.8854,211,293,10.08,-1.61,-1.34,0.21,-1.63,9.3,313.7,71.1,451.2
gam_v2,2019-07-01,2019,Maine,Eastern US,230031100,-68.033006,46.696431,MICMAC HEALTH DEPARTMENT,230031100,0,44,34.1299,9.8701,0,4.3,6.36,0,181,14.91359954,14.8125,15.8854,338.1,295.8,9.65,-0.71,-2.04,-2.6,-13.44,8.5,229.1,30.7,665.5
gam_v2,2019-07-02,2019,Maine,Eastern US,230031100,-68.033006,46.696431,MICMAC HEALTH DEPARTMENT,230031100,0,38,30.4865,7.5135,1,5.9,6.36,0,182,14.98064625,14.8529,15.9691,228.7,296.4,11.32,-0.12,0.74,10.8,-5.09,9.9,354.3,283.3,742.2
gam_v2,2019-07-07,2019,Maine,Eastern US,230031100,-68.033006,46.696431,MICMAC HEALTH DEPARTMENT,230031100,0,27,26.4135,0.5865,1,3.5,6.36,0,187,15.04360104,14.9605,15.9016,361.1,293.8,8.33,2.35,-2.11,20.92,-6.67,5.3,484.2,326.9,1025.5
gam_v2,2019-07-08,2019,Maine,Eastern US,230031100,-68.033006,46.696431,MICMAC HEALTH DEPARTMENT,230031100,0,31,27.393,3.607,1,4.9,6.36,0,188,15.02923278,14.9605,15.9016,336,296.2,9.18,2.71,-0.32,19.58,-6.73,5.2,288.4,297,951.7
gam_v2,2019-07-09,2019,Maine,Eastern US,230031100,-68.033006,46.696431,MICMAC HEALTH DEPARTMENT,230031100,0,29,26.1203,2.8797,1,4.9,6.36,0,189,15.02321882,14.9589,15.904,352.6,295,9.68,2.5,-1.44,17.17,-16.1,5.4,485,316.1,949.5
gam_v2,2019-07-10,2019,Maine,Eastern US,230031100,-68.033006,46.696431,MICMAC HEALTH DEPARTMENT,230031100,0,34,25.8339,8.1661,1,4.8,6.36,0,190,15.04339253,14.9426,15.9133,348.7,294.9,9.27,0.03,-1.94,12.99,-21.7,6,249.9,0.9,754.6
gam_v2,2019-07-11,2019,Maine,Eastern US,230031100,-68.033006,46.696431,MICMAC HEALTH DEPARTMENT,230031100,0,34,28.5625,5.4375,0,5.3,6.36,0,191,15.0302094,14.9273,15.8634,224.4,294.9,9.5,-1.39,2.04,7.35,-5.48,8.1,235.9,175.5,551
gam_v2,2019-07-12,2019,Maine,Eastern US,230031100,-68.033006,46.696431,MICMAC HEALTH DEPARTMENT,230031100,0,33,24.6935,8.3065,1,4.2,6.36,0,192,15.03967968,14.8952,15.841,181.4,293.9,10.92,-1.16,3.56,10.16,4.28,11.6,619.2,166.1,425.8
gam_v2,2019-07-13,2019,Maine,Eastern US,230031100,-68.033006,46.696431,MICMAC HEALTH DEPARTMENT,230031100,0,35,25.4345,9.5655,0,4.9,6.36,0,193,15.09221625,14.9713,15.8396,326.4,298.5,12.17,1.41,0.23,14.2,-0.72,11.1,222.1,289,604.7
gam_v2,2019-07-14,2019,Maine,Eastern US,230031100,-68.033006,46.696431,MICMAC HEALTH DEPARTMENT,230031100,0,38,24.9433,13.0567,0,5.3,6.36,0,194,15.09221625,14.9461,15.8354,251.6,294.8,12.07,2.03,0.4,13.8,5.01,10,374.8,280.5,749.6
gam_v2,2019-07-15,2019,Maine,Eastern US,230031100,-68.033006,46.696431,MICMAC HEALTH DEPARTMENT,230031100,0,30,26.6569,3.3431,1,4.4,6.36,0,195,15.13177605,14.9623,15.8354,307.1,296,10.57,2.87,-1.82,7.69,-12.84,8.2,552.1,330.3,960.5
gam_v2,2019-07-17,2019,Maine,Eastern US,230031100,-68.033006,46.696431,MICMAC HEALTH DEPARTMENT,230031100,0,40,24.4944,15.5056,0,6.5,6.36,0,197,15.12699933,14.947,15.7111,186.9,297.6,14.07,1.64,0.58,19.96,0.03,14.2,382.1,259.9,879.4
gam_v2,2019-07-18,2019,Maine,Eastern US,230031100,-68.033006,46.696431,MICMAC HEALTH DEPARTMENT,230031100,0,24,24.5162,-0.5162,0,4,6.36,0,198,15.12619149,14.9477,15.7075,304.4,295.1,9.11,1.3,-1.05,16.5,-7.67,5.6,314.5,336.1,674
gam_v2,2019-07-19,2019,Maine,Eastern US,230031100,-68.033006,46.696431,MICMAC HEALTH DEPARTMENT,230031100,0,18,29.697,-11.697,0,6.4,6.36,0,199,15.11748671,14.9127,15.8118,224.2,298.2,11.93,0.74,2.68,18.93,-1.31,9.9,346.1,230.2,458.2
gam_v2,2019-07-20,2019,Maine,Eastern US,230031100,-68.033006,46.696431,MICMAC HEALTH DEPARTMENT,230031100,0,28,31.2685,-3.2685,0,6.6,6.36,0,200,15.09766966,14.9417,15.8507,321.3,301.5,15.42,2.42,0.04,29.55,-13.43,10.9,461.4,293.5,825.8
gam_v2,2019-07-21,2019,Maine,Eastern US,230031100,-68.033006,46.696431,MICMAC HEALTH DEPARTMENT,230031100,0,22,21.6635,0.3365,0,5.1,6.36,0,201,15.08349878,14.9417,15.8997,162.3,296,13.89,0.43,-1.25,30.34,4.21,9.8,287.1,289,305.9
gam_v2,2019-07-22,2019,Maine,Eastern US,230031100,-68.033006,46.696431,MICMAC HEALTH DEPARTMENT,230031100,0,19,21.4799,-2.4799,0,4.3,6.36,0,202,15.08380389,14.9417,15.8997,198.9,292.2,9.73,1.67,-0.8,27.33,1.59,5.8,315.3,309.6,897.5
gam_v2,2019-07-23,2019,Maine,Eastern US,230031100,-68.033006,46.696431,MICMAC HEALTH DEPARTMENT,230031100,0,16,22.1989,-6.1989,0,4.6,6.36,0,203,15.10113673,14.9417,15.8997,210.9,294.4,8.98,1,0.43,23.68,9.83,6.5,118.9,275.2,464.6
gam_v2,2019-07-24,2019,Maine,Eastern US,230031100,-68.033006,46.696431,MICMAC HEALTH DEPARTMENT,230031100,0,13,21.9546,-8.9546,0,4,6.36,0,204,15.14431209,14.9388,15.9195,246.4,293,9.27,1.63,-0.9,16.09,6.96,6.3,275.9,294.8,793.2
gam_v2,2019-07-25,2019,Maine,Eastern US,230031100,-68.033006,46.696431,MICMAC HEALTH DEPARTMENT,230031100,0,15,23.5362,-8.5362,0,5.5,6.36,0,205,15.16090822,14.9169,15.8997,316.6,295.6,8.73,0.76,-1.05,11.88,0.6,6.5,128.2,301,645.6
gam_v2,2019-07-30,2019,Maine,Eastern US,230031100,-68.033006,46.696431,MICMAC HEALTH DEPARTMENT,230031100,0,34,31.4176,2.5824,0,10.6,6.36,0,210,15.20651803,15.0653,15.8677,282.6,301.8,15.05,0.99,2.21,14.16,0.54,12.7,250.6,245.2,584.3
gam_v2,2019-07-31,2019,Maine,Eastern US,230031100,-68.033006,46.696431,MICMAC HEALTH DEPARTMENT,230031100,0,29,26.9523,2.0477,1,6.3,6.36,0,211,15.20651803,15.1161,15.8802,101.5,298.3,16.12,0.68,1.33,11.47,9.33,13.1,222.8,262.6,677.9
gam_v2,2019-08-01,2019,Maine,Eastern US,230031100,-68.033006,46.696431,MICMAC HEALTH DEPARTMENT,230031100,0,25,22.6312,2.3688,1,3.3,5.99,0,212,15.22658749,15.1161,15.8802,314.9,295.5,11.15,1.74,-1.22,12.33,3.97,7.1,253.6,313.9,715.1
gam_v2,2019-08-04,2019,Maine,Eastern US,230031100,-68.033006,46.696431,MICMAC HEALTH DEPARTMENT,230031100,0,21,22.1604,-1.1604,1,3.2,5.99,0,215,15.24425434,15.1323,15.8057,285.1,292.4,9.07,2.43,-0.92,18.72,-1.73,6.3,356.4,303,855.1
gam_v2,2019-08-05,2019,Maine,Eastern US,230031100,-68.033006,46.696431,MICMAC HEALTH DEPARTMENT,230031100,0,20,23.5932,-3.5932,0,4.7,5.99,0,216,15.22884167,15.1154,15.8133,305.7,295.1,9.04,2.37,-0.6,15.12,-11.55,6.4,395,300.4,785.3
gam_v2,2019-08-06,2019,Maine,Eastern US,230031100,-68.033006,46.696431,MICMAC HEALTH DEPARTMENT,230031100,0,29,28.854,0.146,0,6.5,5.99,0,217,15.24864284,15.045,15.8133,276.8,298.4,11.11,0.66,2.34,15.1,-0.98,7.7,296.6,230.6,526.3
gam_v2,2019-08-07,2019,Maine,Eastern US,230031100,-68.033006,46.696431,MICMAC HEALTH DEPARTMENT,230031100,0,27,24.0796,2.9204,0,10.8,5.99,0,218,15.20508138,15.045,15.8133,143,296.9,12.47,-0.12,2.75,9.22,1.38,11.5,246.9,243.3,355.9
gam_v2,2019-08-08,2019,Maine,Eastern US,230031100,-68.033006,46.696431,MICMAC HEALTH DEPARTMENT,230031100,0,22,25.5613,-3.5613,0,4.2,5.99,0,219,15.20508138,15.0546,15.8133,116.6,293.6,13,-2.13,3.61,6.34,12.64,10.8,563,151.8,426
gam_v2,2019-08-09,2019,Maine,Eastern US,230031100,-68.033006,46.696431,MICMAC HEALTH DEPARTMENT,230031100,0,24,25.5847,-1.5847,0,3.9,5.99,0,220,15.19480115,15.0928,15.8334,265.8,295.4,11.61,1.17,1.94,9.57,11.08,8.4,486.1,274.9,1074.7
gam_v2,2019-08-10,2019,Maine,Eastern US,230031100,-68.033006,46.696431,MICMAC HEALTH DEPARTMENT,230031100,0,10,16.7105,-6.7105,0,5.5,5.99,0,221,15.16925495,15.0928,15.9036,95.2,290,10.38,1.31,0.89,7.43,5.97,8.5,276.6,271.9,595.8
gam_v2,2019-08-11,2019,Maine,Eastern US,230031100,-68.033006,46.696431,MICMAC HEALTH DEPARTMENT,230031100,0,12,19.7864,-7.7864,0,4.2,5.99,0,222,15.14222324,15.0734,15.7574,170.1,291.6,9.61,2.71,-0.08,9.95,-10.38,7.8,581.1,282.7,856.2
gam_v2,2019-08-12,2019,Maine,Eastern US,230031100,-68.033006,46.696431,MICMAC HEALTH DEPARTMENT,230031100,0,21,21.5988,-0.5988,0,4.8,5.99,0,223,15.14222324,15.0734,15.7574,131.7,292.5,11.31,1.58,-0.3,21.55,-3.49,5.7,453.1,302.7,821.9
gam_v2,2019-08-13,2019,Maine,Eastern US,230031100,-68.033006,46.696431,MICMAC HEALTH DEPARTMENT,230031100,0,19,22.1934,-3.1934,1,3.5,5.99,0,224,14.96246045,14.9665,15.8913,266.1,293,9.9,2.15,-0.28,30.3,-1.3,6.5,277.4,283.2,887.9
gam_v2,2019-08-14,2019,Maine,Eastern US,230031100,-68.033006,46.696431,MICMAC HEALTH DEPARTMENT,230031100,0,16,20.0564,-4.0564,0,3.6,5.99,0,225,14.91765404,14.8771,15.9563,269.9,294.1,8.14,0.88,-1.36,17.41,-1.91,6.3,122,350.8,524.5
gam_v2,2019-08-15,2019,Maine,Eastern US,230031100,-68.033006,46.696431,MICMAC HEALTH DEPARTMENT,230031100,0,20,21.5236,-1.5236,0,4.2,5.99,0,226,14.91765404,14.8771,15.9563,297.5,294.5,8.4,0.52,-1.24,15.58,-1.6,5.9,152.1,324.7,625.9
gam_v2,2019-08-16,2019,Maine,Eastern US,230031100,-68.033006,46.696431,MICMAC HEALTH DEPARTMENT,230031100,0,17,22.1251,-5.1251,1,5.5,5.99,0,227,14.9690291,14.8275,15.9563,170.1,293.3,9.39,-1.37,1.36,13.68,6.17,5.2,203.4,226.2,317.5
gam_v2,2019-08-17,2019,Maine,Eastern US,230031100,-68.033006,46.696431,MICMAC HEALTH DEPARTMENT,230031100,0,17,26.2387,-9.2387,0,4.6,5.99,0,228,14.9798784,14.7956,15.8209,236.9,296.2,11.29,0.07,2.49,15.55,2.36,9.6,374.9,196.8,405.7
gam_v2,2019-08-18,2019,Maine,Eastern US,230031100,-68.033006,46.696431,MICMAC HEALTH DEPARTMENT,230031100,0,26,22.404,3.596,0,4.2,5.99,0,229,14.97865927,14.8245,15.6579,175.9,296.2,11.96,-0.45,1.43,10.64,1.04,9.5,165,237.2,335.1
gam_v2,2019-08-19,2019,Maine,Eastern US,230031100,-68.033006,46.696431,MICMAC HEALTH DEPARTMENT,230031100,0,16,25.7014,-9.7014,0,4.1,5.99,0,230,14.97865927,14.8245,15.6579,216,297.7,13.33,-0.24,2.77,8.21,5.35,12.4,308.2,209,357.5
gam_v2,2019-08-20,2019,Maine,Eastern US,230031100,-68.033006,46.696431,MICMAC HEALTH DEPARTMENT,230031100,0,21,24.3492,-3.3492,0,5.4,5.99,0,231,14.9430689,14.7693,15.7217,290.7,297.7,11.55,2.19,0.25,21.68,0.38,6.3,323.3,290,586
gam_v2,2019-08-21,2019,Maine,Eastern US,230031100,-68.033006,46.696431,MICMAC HEALTH DEPARTMENT,230031100,0,31,25.4754,5.5246,0,6.9,5.99,0,232,15.01847622,14.9004,15.7087,148.4,296.1,11.95,0.6,2.1,18.31,3.59,8.8,397.6,218.9,426.7
gam_v2,2019-08-22,2019,Maine,Eastern US,230031100,-68.033006,46.696431,MICMAC HEALTH DEPARTMENT,230031100,0,25,26.1847,-1.1847,0,5.6,5.99,0,233,15.05479157,14.9004,15.7087,200.1,297.8,12.87,0.75,2.09,20.43,8.48,12.6,467,255,653.9
gam_v2,2019-08-23,2019,Maine,Eastern US,230031100,-68.033006,46.696431,MICMAC HEALTH DEPARTMENT,230031100,0,16,23.4466,-7.4466,0,3.4,5.99,0,234,14.97628402,14.8628,15.7087,271,293.9,9.64,3.02,0.25,24.91,8.56,5.5,472.7,285.1,766.6
gam_v2,2019-08-24,2019,Maine,Eastern US,230031100,-68.033006,46.696431,MICMAC HEALTH DEPARTMENT,230031100,0,22,22.2535,-0.2535,0,5.1,5.99,0,235,14.97628402,14.8628,15.7087,284.9,292.7,8.36,0.2,-2.39,2.51,-10.71,6.3,382.7,34.6,936.1
gam_v2,2019-08-25,2019,Maine,Eastern US,230031100,-68.033006,46.696431,MICMAC HEALTH DEPARTMENT,230031100,0,24,24.1941,-0.1941,0,4.7,5.99,0,236,14.96981469,14.8243,15.8366,283.6,295.1,7.62,-0.62,0.4,-5.23,-3.74,5.9,37.4,191.4,390.9
gam_v2,2019-08-26,2019,Maine,Eastern US,230031100,-68.033006,46.696431,MICMAC HEALTH DEPARTMENT,230031100,0,22,21.2365,0.7635,0,5.8,5.99,0,237,14.96981469,14.8008,15.8366,171.4,296.9,8.3,-0.2,0.08,-6.88,-3.8,6.3,67.4,7.8,349.5
gam_v2,2019-08-27,2019,Maine,Eastern US,230031100,-68.033006,46.696431,MICMAC HEALTH DEPARTMENT,230031100,0,21,21.6746,-0.6746,0,5.8,5.99,0,238,14.98788496,14.8283,15.8366,248.8,297.4,9.51,0.8,-0.01,-3.74,-11.31,7.1,150.5,337.9,467
gam_v2,2019-08-28,2019,Maine,Eastern US,230031100,-68.033006,46.696431,MICMAC HEALTH DEPARTMENT,230031100,0,30,25.9135,4.0865,0,6.8,5.99,0,239,14.98788496,14.8766,15.8366,262.3,297.5,10.16,0.5,1.48,5.68,-0.72,6.5,260,215.5,395.3
gam_v2,2019-08-29,2019,Maine,Eastern US,230031100,-68.033006,46.696431,MICMAC HEALTH DEPARTMENT,230031100,0,17,17.9639,-0.9639,0,3.7,5.99,0,240,15.01358124,14.8766,15.8633,91.2,292.7,11.04,-0.41,0.71,8.61,17.26,11,191.8,146.5,378.3
gam_v2,2019-08-30,2019,Maine,Eastern US,230031100,-68.033006,46.696431,MICMAC HEALTH DEPARTMENT,230031100,0,26,25.7233,0.2767,0,5,5.99,0,241,14.97627286,14.8904,15.8115,242.6,296.3,10.81,1.68,1.88,18.64,13.54,8.8,378.4,239.4,467.4
gam_v2,2019-08-31,2019,Maine,Eastern US,230031100,-68.033006,46.696431,MICMAC HEALTH DEPARTMENT,230031100,0,15,21.3943,-6.3943,0,3.7,5.99,0,242,14.94924603,14.9294,15.8115,224.6,292.1,8.85,2.69,0.05,22.65,6.22,6.4,388.8,279.7,698.7
gam_v2,2019-09-01,2019,Maine,Eastern US,230031100,-68.033006,46.696431,MICMAC HEALTH DEPARTMENT,230031100,0,21,23.6258,-2.6258,0,3.3,4.59,0,243,14.94395689,14.9709,15.8362,270.9,291.7,6.79,1.12,-0.44,23.63,-2.43,4.6,258.5,310.6,610.3
gam_v2,2019-09-02,2019,Maine,Eastern US,230031100,-68.033006,46.696431,MICMAC HEALTH DEPARTMENT,230031100,0,18,20.8907,-2.8907,0,3.2,4.59,0,244,14.89735763,14.9678,15.9111,43.1,287.8,8.49,-0.26,3.51,16.84,6.45,6.8,441.9,194.4,514.8
gam_v2,2019-09-03,2019,Maine,Eastern US,230031100,-68.033006,46.696431,MICMAC HEALTH DEPARTMENT,230031100,0,21,21.1464,-0.1464,0,3.5,4.59,0,245,14.87241411,14.9678,15.9111,223.5,290.7,8.13,1.16,-0.59,20.27,2.97,4.8,310.8,322.6,688.9
gam_v2,2019-09-04,2019,Maine,Eastern US,230031100,-68.033006,46.696431,MICMAC HEALTH DEPARTMENT,230031100,0,19,23.9575,-4.9575,0,4.1,4.59,0,246,14.87241411,15.0141,15.8684,138.1,292.9,8.73,-0.96,3.42,20.56,11.67,8.8,425.3,184.5,494.8
gam_v2,2019-09-05,2019,Maine,Eastern US,230031100,-68.033006,46.696431,MICMAC HEALTH DEPARTMENT,230031100,0,25,24.7607,0.2393,0,4.2,4.59,0,247,14.74598915,14.8544,15.9191,248.7,291.8,7.8,3.04,-0.45,32.11,1.83,3.5,461.4,290.2,768.8
gam_v2,2019-09-06,2019,Maine,Eastern US,230031100,-68.033006,46.696431,MICMAC HEALTH DEPARTMENT,230031100,0,21,22.6825,-1.6825,0,3.7,4.59,0,248,14.86086577,14.8217,15.8832,260.7,290.5,6.41,0.5,-0.9,23.6,-3.6,3.8,310.4,301.1,484.9
gam_v2,2019-09-07,2019,Maine,Eastern US,230031100,-68.033006,46.696431,MICMAC HEALTH DEPARTMENT,230031100,0,21,17.5576,3.4424,0,2.9,4.59,0,249,14.92705924,14.8217,15.8832,55.2,285.1,6.49,-1.66,-1.68,3.56,6.41,5.8,431.5,97.1,573.2
gam_v2,2019-09-08,2019,Maine,Eastern US,230031100,-68.033006,46.696431,MICMAC HEALTH DEPARTMENT,230031100,0,23,22.8738,0.1262,0,4.1,4.59,0,250,14.92705924,14.8217,15.8832,206.8,287.8,6.39,3.01,-1.98,16.8,-9.63,4.3,340.5,313.2,664.5
gam_v2,2019-09-09,2019,Maine,Eastern US,230031100,-68.033006,46.696431,MICMAC HEALTH DEPARTMENT,230031100,0,17,18.9221,-1.9221,0,4.6,4.59,0,251,14.9267034,14.9064,15.7454,167.6,288.2,6.62,2.12,-0.52,27.63,-7.97,5.2,257.4,289.6,538.6
gam_v2,2019-09-10,2019,Maine,Eastern US,230031100,-68.033006,46.696431,MICMAC HEALTH DEPARTMENT,230031100,0,20,21.0929,-1.0929,0,3.4,4.59,0,252,14.9267034,14.9064,15.7454,198.4,290.1,6.13,0.89,-0.1,27.92,-9.32,4.7,142.3,321.9,532.4
gam_v2,2019-09-11,2019,Maine,Eastern US,230031100,-68.033006,46.696431,MICMAC HEALTH DEPARTMENT,230031100,0,16,19.3832,-3.3832,0,3.4,4.59,0,253,14.87122042,14.8384,15.6749,139.2,292.7,9.03,0.27,0.38,27.56,-2.77,11,333.8,259,409.4
gam_v2,2019-09-12,2019,Maine,Eastern US,230031100,-68.033006,46.696431,MICMAC HEALTH DEPARTMENT,230031100,0,20,20.0991,-0.0991,0,4.2,4.59,0,254,14.90346277,14.8861,15.7037,199.1,289.3,6.44,0.9,-2.14,27.42,-7.13,5.4,245,341.4,582.7
gam_v2,2019-09-13,2019,Maine,Eastern US,230031100,-68.033006,46.696431,MICMAC HEALTH DEPARTMENT,230031100,0,26,22.3351,3.6649,0,3.9,4.59,0,255,14.95877128,14.9349,15.6872,245.2,289.5,5.47,0.06,-1,8.23,-20.83,3.3,277,8.4,474.9
gam_v2,2019-09-14,2019,Maine,Eastern US,230031100,-68.033006,46.696431,MICMAC HEALTH DEPARTMENT,230031100,0,18,24.9261,-6.9261,0,3.3,4.59,0,256,15.00896727,14.9238,15.8266,109.5,287.3,6.83,0.23,3.8,23.29,5.37,6.7,504.1,195.6,953.2
gam_v2,2019-09-15,2019,Maine,Eastern US,230031100,-68.033006,46.696431,MICMAC HEALTH DEPARTMENT,230031100,0,18,22.6236,-4.6236,0,3.1,4.59,0,257,15.02226863,14.9348,15.8702,196.5,291.3,9,2.67,1.64,25.82,4.76,6.8,524.4,272.4,914.3
gam_v2,2019-09-16,2019,Maine,Eastern US,230031100,-68.033006,46.696431,MICMAC HEALTH DEPARTMENT,230031100,0,10,19.5752,-9.5752,0,3.7,4.59,0,258,15.02226863,14.9348,15.8702,176.3,290.8,7.68,2.22,-0.86,11.62,-7.58,6.5,438.1,296,847.7
gam_v2,2019-09-17,2019,Maine,Eastern US,230031100,-68.033006,46.696431,MICMAC HEALTH DEPARTMENT,230031100,0,20,20.1926,-0.1926,0,3.7,4.59,0,259,15.07287906,14.9348,15.8702,212,287.8,6.45,-0.05,-2.57,2.95,-10.3,4.5,330.3,35.4,728.7
gam_v2,2019-09-18,2019,Maine,Eastern US,230031100,-68.033006,46.696431,MICMAC HEALTH DEPARTMENT,230031100,0,24,21.9367,2.0633,0,4.4,4.59,0,260,15.13294163,14.9348,15.8702,234.2,289.1,4.98,-0.2,-1.85,-2.25,-13.91,2.7,178.8,27.2,438.9
gam_v2,2019-09-19,2019,Maine,Eastern US,230031100,-68.033006,46.696431,MICMAC HEALTH DEPARTMENT,230031100,0,19,21.7794,-2.7794,0,5,4.59,0,261,15.13294163,14.9348,15.8702,227.8,292.2,6.06,1.25,0.92,0.65,-10.71,4.2,253.7,272.1,406.2
gam_v2,2019-09-20,2019,Maine,Eastern US,230031100,-68.033006,46.696431,MICMAC HEALTH DEPARTMENT,230031100,0,23,22.8378,0.1622,0,7.4,4.59,0,262,15.09969864,15.0121,15.8702,196.4,296.7,9.21,2.39,-0.01,8.71,-7.81,8.6,494.9,289.7,688.8
gam_v2,2019-09-21,2019,Maine,Eastern US,230031100,-68.033006,46.696431,MICMAC HEALTH DEPARTMENT,230031100,0,20,22.6832,-2.6832,0,4.5,4.59,0,263,15.05615378,15.0539,15.8903,223.6,292.6,8.39,1.38,-1.95,11.9,-14.9,4.1,369.6,343.4,669.2
gam_v2,2019-09-22,2019,Maine,Eastern US,230031100,-68.033006,46.696431,MICMAC HEALTH DEPARTMENT,230031100,0,31,26.1562,4.8438,0,7.4,4.59,0,264,15.08205261,15.0033,15.8204,184.5,297.5,9.65,1.49,2.5,16.34,-2.66,10.4,394.4,250.2,452.3
gam_v2,2019-09-23,2019,Maine,Eastern US,230031100,-68.033006,46.696431,MICMAC HEALTH DEPARTMENT,230031100,0,25,28.5716,-3.5716,0,6.9,4.59,0,265,15.08205261,15.0078,15.8151,57.2,293.9,13.39,2.98,1.61,26.27,3.13,12.8,448.8,251.6,980.4
gam_v2,2019-09-24,2019,Maine,Eastern US,230031100,-68.033006,46.696431,MICMAC HEALTH DEPARTMENT,230031100,0,11,19.5158,-8.5158,0,2.5,4.59,0,266,15.08205261,15.0078,15.8151,59.4,288.4,8.54,-2.6,-1.57,4.84,8.84,7,423.9,69.2,568.4
gam_v2,2019-09-25,2019,Maine,Eastern US,230031100,-68.033006,46.696431,MICMAC HEALTH DEPARTMENT,230031100,0,13,17.4729,-4.4729,0,2.8,4.59,0,267,15.08205261,15.0078,15.8151,78.5,284.3,6.67,0.65,-2.13,4.09,-5.81,5.4,289,56.4,683.6
gam_v2,2019-09-26,2019,Maine,Eastern US,230031100,-68.033006,46.696431,MICMAC HEALTH DEPARTMENT,230031100,0,23,23.1445,-0.1445,0,4.1,4.59,0,268,15.12705034,14.9972,15.8063,88.6,290.9,7.8,0.23,2.08,19.57,8.74,7.8,375.7,222.5,368.4
gam_v2,2019-09-27,2019,Maine,Eastern US,230031100,-68.033006,46.696431,MICMAC HEALTH DEPARTMENT,230031100,0,15,20.2025,-5.2025,0,4.8,4.59,0,269,15.14669488,14.996,15.8069,197.4,289.5,7.46,2.75,-0.2,22.98,-2.41,4.6,454.1,291.4,678.4
gam_v2,2019-09-28,2019,Maine,Eastern US,230031100,-68.033006,46.696431,MICMAC HEALTH DEPARTMENT,230031100,0,16,21.3566,-5.3566,0,5.7,4.59,0,270,15.1279928,14.9222,15.7773,93.2,290.2,8.2,0.4,2.22,27.92,1.91,5.3,456.9,237.4,326.1
gam_v2,2019-09-29,2019,Maine,Eastern US,230031100,-68.033006,46.696431,MICMAC HEALTH DEPARTMENT,230031100,0,19,20.7917,-1.7917,0,3.6,4.59,0,271,15.1279928,14.9178,15.6818,187.7,286.6,6.48,2.36,-2.24,34.13,-6.24,3.3,490.2,312.1,923.5
gam_v2,2019-09-30,2019,Maine,Eastern US,230031100,-68.033006,46.696431,MICMAC HEALTH DEPARTMENT,230031100,0,23,19.902,3.098,0,3.5,4.59,0,272,15.13848819,14.9072,15.5142,195.1,284.7,4.04,1.19,-1.6,29.81,-18.17,3,270.7,330.3,635.4
gam_v2,2019-10-01,2019,Maine,Eastern US,230031100,-68.033006,46.696431,MICMAC HEALTH DEPARTMENT,230031100,0,13,17.8956,-4.8956,0,2.8,5.12,0,273,15.14087365,14.9072,15.6462,77.4,283.2,5.28,-1.29,1.06,26.94,-13.04,5.5,308,216,340.2
gam_v2,2019-10-02,2019,Maine,Eastern US,230031100,-68.033006,46.696431,MICMAC HEALTH DEPARTMENT,230031100,0,20,18.1038,1.8962,0,3.8,5.12,0,274,15.14087365,14.9257,15.5776,132.4,281.9,5.25,1.23,-2.44,39.72,-9.98,3.8,397.8,23.1,765.6
gam_v2,2019-10-03,2019,Maine,Eastern US,230031100,-68.033006,46.696431,MICMAC HEALTH DEPARTMENT,230031100,0,21,20.088,0.912,0,3.4,5.12,0,275,15.14087365,14.9257,15.5776,162,282.2,3.68,1.54,-1.27,25.74,-17.87,2.8,387.2,323.3,903.3
gam_v2,2019-10-04,2019,Maine,Eastern US,230031100,-68.033006,46.696431,MICMAC HEALTH DEPARTMENT,230031100,0,19,16.8772,2.1228,0,3.9,5.12,0,276,15.14087365,14.9257,15.5776,108.4,280.4,4.15,1.16,-1.36,21.42,-7.01,3.1,239,334.7,539.1
gam_v2,2019-10-05,2019,Maine,Eastern US,230031100,-68.033006,46.696431,MICMAC HEALTH DEPARTMENT,230031100,0,21,23.6779,-2.6779,0,4.3,5.12,0,277,15.18027519,14.8275,15.5776,190.5,284,3.99,2.45,-2.15,5.54,-24.46,2.4,459.2,326,793.9
gam_v2,2019-10-06,2019,Maine,Eastern US,230031100,-68.033006,46.696431,MICMAC HEALTH DEPARTMENT,230031100,0,24,23.9566,0.0434,0,4.5,5.12,0,278,15.16423548,14.8275,15.5776,107.4,284.1,4.58,0.93,2.12,15.42,-1.45,3.3,516.6,226.5,427.5
gam_v2,2019-10-07,2019,Maine,Eastern US,230031100,-68.033006,46.696431,MICMAC HEALTH DEPARTMENT,230031100,0,21,20.3179,0.6821,0,3.6,5.12,0,279,15.16214209,14.8632,15.7579,44.4,285.4,7.56,1,1.71,29.13,16.99,4.4,741.2,258.7,665.5
gam_v2,2019-10-08,2019,Maine,Eastern US,230031100,-68.033006,46.696431,MICMAC HEALTH DEPARTMENT,230031100,0,17,20.6122,-3.6122,0,4.9,5.12,0,280,15.21285833,14.8404,15.7529,165,287,6.59,1.94,0.36,34.36,5.76,4.7,404,285.5,772.2
gam_v2,2019-10-09,2019,Maine,Eastern US,230031100,-68.033006,46.696431,MICMAC HEALTH DEPARTMENT,230031100,0,17,19.8131,-2.8131,0,5,5.12,0,281,15.21285833,14.7967,15.7494,177.3,287.9,5.01,-0.3,-0.94,12.78,-5.29,3.5,174.2,351,366.9
gam_v2,2019-10-10,2019,Maine,Eastern US,230031100,-68.033006,46.696431,MICMAC HEALTH DEPARTMENT,230031100,0,13,20.0437,-7.0437,0,5.9,5.12,0,282,15.21285833,14.7967,15.7494,140.5,288.5,5.01,-1.36,-1.44,-4.48,-4.34,1.9,144.7,78,295.3
gam_v2,2019-10-11,2019,Maine,Eastern US,230031100,-68.033006,46.696431,MICMAC HEALTH DEPARTMENT,230031100,0,24,20.3039,3.6961,0,4.4,5.12,0,283,15.18776076,14.8217,15.8113,108.8,286.2,5.25,-1.8,-0.89,-9.44,1.44,2.7,413.2,100.4,417
gam_v2,2019-10-12,2019,Maine,Eastern US,230031100,-68.033006,46.696431,MICMAC HEALTH DEPARTMENT,230031100,0,29,19.428,9.572,0,3,5.12,0,284,15.18776076,14.8217,15.8113,48.3,284,6.1,-2.03,-0.98,1.49,6.49,5.1,598.8,93.5,642.6
gam_v2,2019-10-13,2019,Maine,Eastern US,230031100,-68.033006,46.696431,MICMAC HEALTH DEPARTMENT,230031100,0,18,17.7599,0.2401,0,5,5.12,0,285,15.10025485,14.9054,15.7572,93.1,287.3,6.89,0.7,-0.42,13.1,7.35,6.5,205.8,287.7,385.5
gam_v2,2019-10-14,2019,Maine,Eastern US,230031100,-68.033006,46.696431,MICMAC HEALTH DEPARTMENT,230031100,0,20,24.8993,-4.8993,0,5.1,5.12,0,286,15.11772427,14.9679,15.7701,119.4,289,6.65,-0.58,2.06,13.86,17.95,6.6,275.3,199.8,476.4
gam_v2,2019-10-15,2019,Maine,Eastern US,230031100,-68.033006,46.696431,MICMAC HEALTH DEPARTMENT,230031100,0,19,20.2262,-1.2262,0,4,5.12,0,287,15.11772427,14.9679,15.7701,148.9,284.7,5.84,1.99,0.66,24.54,14.24,3.6,344.5,271.7,509.4
gam_v2,2019-10-16,2019,Maine,Eastern US,230031100,-68.033006,46.696431,MICMAC HEALTH DEPARTMENT,230031100,0,21,21.2441,-0.2441,0,4.4,5.12,0,288,15.10918739,14.9679,15.7071,120.7,285.5,4.85,0.84,1.28,24.43,6.5,4,203.6,258.1,393.8
gam_v2,2019-10-17,2019,Maine,Eastern US,230031100,-68.033006,46.696431,MICMAC HEALTH DEPARTMENT,230031100,0,18,22.376,-4.376,0,2.1,5.12,0,289,15.05665981,14.953,15.8203,27.8,281.3,5.65,-3.66,-0.98,-3.97,20.5,5.5,650.9,100,840.5
gam_v2,2019-10-18,2019,Maine,Eastern US,230031100,-68.033006,46.696431,MICMAC HEALTH DEPARTMENT,230031100,0,15,21.0409,-6.0409,0,3.6,5.12,0,290,15.05665981,14.953,15.8203,90.3,281.9,5.19,2.55,-1.45,7.53,-7.44,3.9,479.2,7.7,1222.4
gam_v2,2019-10-19,2019,Maine,Eastern US,230031100,-68.033006,46.696431,MICMAC HEALTH DEPARTMENT,230031100,0,18,22.2613,-4.2613,0,3.9,5.12,0,291,15.05665981,14.953,15.8203,121.4,282.3,4.71,3.02,-2.07,14.89,-17.03,3.7,576.5,321.4,1208
gam_v2,2019-10-20,2019,Maine,Eastern US,230031100,-68.033006,46.696431,MICMAC HEALTH DEPARTMENT,230031100,0,19,20.0587,-1.0587,0,4.6,5.12,0,292,15.05665981,14.953,15.8203,134.8,284.8,4.45,1.39,-0.61,19.68,-12.53,3.6,233.4,313.7,442.6
gam_v2,2019-10-21,2019,Maine,Eastern US,230031100,-68.033006,46.696431,MICMAC HEALTH DEPARTMENT,230031100,0,22,20.6677,1.3323,0,6.3,5.12,0,293,15.04696705,14.953,15.8203,131.7,286.5,5.06,0.28,0.64,23.45,-3.89,4.2,189.4,276.2,362.4
gam_v2,2019-10-22,2019,Maine,Eastern US,230031100,-68.033006,46.696431,MICMAC HEALTH DEPARTMENT,230031100,0,20,17.4819,2.5181,0,5.2,5.12,0,294,15.04696705,14.953,15.5634,47.2,281.9,5.04,-1.67,-0.02,14.79,-1.45,4.6,289.2,90,356.1
gam_v2,2019-10-23,2019,Maine,Eastern US,230031100,-68.033006,46.696431,MICMAC HEALTH DEPARTMENT,230031100,0,20,22.5847,-2.5847,0,2.6,5.12,0,295,14.84604636,14.9533,15.5634,42.4,282.7,5.49,-1.81,1.13,7.13,27.08,5.8,437.7,110.7,915.6
gam_v2,2019-10-24,2019,Maine,Eastern US,230031100,-68.033006,46.696431,MICMAC HEALTH DEPARTMENT,230031100,0,26,24.9722,1.0278,0,5.8,5.12,0,296,14.84604636,15.041,15.2859,111.1,285.4,5.4,2.49,1.61,27.77,7.1,4.4,614.3,264.1,911.7
gam_v2,2019-10-25,2019,Maine,Eastern US,230031100,-68.033006,46.696431,MICMAC HEALTH DEPARTMENT,230031100,0,20,20.8742,-0.8742,0,3.6,5.12,0,297,14.84604636,15.1735,15.2859,92.5,281.6,5.05,2.49,0.26,33.7,-0.1,2.9,428.3,280.4,703.7
gam_v2,2019-10-26,2019,Maine,Eastern US,230031100,-68.033006,46.696431,MICMAC HEALTH DEPARTMENT,230031100,0,20,20.812,-0.812,0,4.9,5.12,0,298,14.76235574,15.1735,15.7663,109.6,281,4.09,1.53,-1.08,22.49,-9.73,2.7,320.3,293.5,589.6
gam_v2,2019-10-27,2019,Maine,Eastern US,230031100,-68.033006,46.696431,MICMAC HEALTH DEPARTMENT,230031100,0,17,19.7393,-2.7393,0,4,5.12,0,299,14.76235574,15.1686,15.7663,62.5,279.5,3.42,-0.99,-0.08,20.4,-7.75,2.9,105.8,120.9,337.5
gam_v2,2019-10-28,2019,Maine,Eastern US,230031100,-68.033006,46.696431,MICMAC HEALTH DEPARTMENT,230031100,0,19,18.923,0.077,0,4.7,5.12,0,300,14.89012309,15.1097,16.2796,43.1,278.8,4.45,-1.47,1.49,15.76,-5.08,3.9,361.6,113.9,555.3
gam_v2,2019-10-29,2019,Maine,Eastern US,230031100,-68.033006,46.696431,MICMAC HEALTH DEPARTMENT,230031100,0,20,21.1031,-1.1031,0,3.1,5.12,0,301,14.72364469,15.1002,16.2796,26,280.8,5.58,0,2.47,17.42,2.03,5.2,282.9,214.2,542.7
gam_v2,2019-10-30,2019,Maine,Eastern US,230031100,-68.033006,46.696431,MICMAC HEALTH DEPARTMENT,230031100,0,15,20.179,-5.179,0,3.7,5.12,0,302,14.72364469,15.1002,16.2796,34.4,283.9,6.35,0.51,1.87,26.57,6.76,7.4,497.6,257.7,521.1
gam_v2,2019-10-31,2019,Maine,Eastern US,230031100,-68.033006,46.696431,MICMAC HEALTH DEPARTMENT,230031100,0,22,23.824,-1.824,0,1.8,5.12,0,303,14.72364469,15.1002,16.2796,38.8,287.1,8.05,-0.32,2.66,28.86,11.66,10.1,649.7,215.1,634.1
gam_v2,2020-04-09,2020,Maine,Eastern US,230031100,-68.033006,46.696431,MICMAC HEALTH DEPARTMENT,230031100,0,40,42.828,-2.828,0,4.4,5.48,0,99,14.60979464,14.7127,15.649,104.4,276.2,3.03,-1.51,1.06,23.2,-2.59,1.7,159.4,187.6,456.5
gam_v2,2020-04-10,2020,Maine,Eastern US,230031100,-68.033006,46.696431,MICMAC HEALTH DEPARTMENT,230031100,0,39,38.9756,0.0244,0,3.6,5.48,0,100,14.60979464,14.7127,15.649,80.1,273.1,3.33,-1.9,-4.8,-9.78,-4.3,2.4,532.6,78,881
gam_v2,2020-04-11,2020,Maine,Eastern US,230031100,-68.033006,46.696431,MICMAC HEALTH DEPARTMENT,230031100,0,41,40.6087,0.3913,0,4.4,5.48,0,101,14.60979464,14.6761,15.649,199.9,275.7,3.53,3.87,-2.89,6.83,-10.21,2.2,498,317.3,993.5
gam_v2,2020-04-12,2020,Maine,Eastern US,230031100,-68.033006,46.696431,MICMAC HEALTH DEPARTMENT,230031100,0,44,43.8653,0.1347,0,4.9,5.48,0,102,14.64439878,14.7518,15.649,185.7,279.5,3.5,2.83,1.66,24.32,-8.71,2.3,422.5,265.8,795.6
gam_v2,2020-04-13,2020,Maine,Eastern US,230031100,-68.033006,46.696431,MICMAC HEALTH DEPARTMENT,230031100,0,45,39.9841,5.0159,0,3.5,5.48,0,103,14.6691009,14.7205,15.5282,55.1,282.4,4.83,-1.4,4.04,23.01,6.14,6.5,818.8,189.5,705.5
gam_v2,2020-04-14,2020,Maine,Eastern US,230031100,-68.033006,46.696431,MICMAC HEALTH DEPARTMENT,230031100,0,45,45.6522,-0.6522,0,4.1,5.48,0,104,14.81360504,14.7574,15.7029,237.2,283.5,4.82,4.61,2.46,29.62,20.66,2,829.4,263.9,1797
gam_v2,2020-04-15,2020,Maine,Eastern US,230031100,-68.033006,46.696431,MICMAC HEALTH DEPARTMENT,230031100,0,46,41.6533,4.3467,0,4,5.48,0,105,14.81360504,14.7574,15.7029,169.3,277.1,3.29,2.63,1.37,27.7,17.89,1.9,491.9,254.5,1595
gam_v2,2020-04-16,2020,Maine,Eastern US,230031100,-68.033006,46.696431,MICMAC HEALTH DEPARTMENT,230031100,0,41,40.6478,0.3522,0,4.8,5.48,0,106,14.77535652,14.7391,15.7029,226.7,274.4,2.59,3.51,-0.96,15.99,1.16,1.6,269.8,282.9,988
gam_v2,2020-04-17,2020,Maine,Eastern US,230031100,-68.033006,46.696431,MICMAC HEALTH DEPARTMENT,230031100,0,41,39.6608,1.3392,0,4.7,5.48,0,107,14.89472547,14.7518,15.6812,177.5,275.4,2.76,3.75,0.05,13.26,-3.48,1.9,458.5,263.8,1136.8
gam_v2,2020-04-18,2020,Maine,Eastern US,230031100,-68.033006,46.696431,MICMAC HEALTH DEPARTMENT,230031100,0,44,42.7732,1.2268,0,5.2,5.48,0,108,14.89472547,14.7168,15.6425,230.9,277.5,2.64,0.62,1.13,14.23,-2.26,1.6,167.1,259.2,891.8
gam_v2,2020-04-19,2020,Maine,Eastern US,230031100,-68.033006,46.696431,MICMAC HEALTH DEPARTMENT,230031100,0,51,44.4833,6.5167,0,6.5,5.48,0,109,14.93109101,14.7419,15.7497,270.8,284,3.53,0.59,2.04,15.43,-0.08,2.8,450.3,260.9,825.7
gam_v2,2020-04-20,2020,Maine,Eastern US,230031100,-68.033006,46.696431,MICMAC HEALTH DEPARTMENT,230031100,0,42,43.0527,-1.0527,0,4.8,5.48,0,110,14.9634762,14.7258,15.7497,293.2,277,3.25,3.07,-1.89,31.8,5.66,0.7,472.6,301.5,963.1
gam_v2,2020-04-21,2020,Maine,Eastern US,230031100,-68.033006,46.696431,MICMAC HEALTH DEPARTMENT,230031100,0,43,43.8216,-0.8216,0,4.5,5.48,0,111,14.92997811,14.7258,15.9905,269.3,280.5,2.85,-1.07,1.76,15.05,6.66,1,29.7,58.5,624.1
gam_v2,2020-04-22,2020,Maine,Eastern US,230031100,-68.033006,46.696431,MICMAC HEALTH DEPARTMENT,230031100,0,31,38.6199,-7.6199,0,3.8,5.48,0,112,14.98096088,14.7868,15.9905,208.6,274.5,3.1,2.61,1.51,-0.11,12.86,1.4,557.2,274.8,1278.8
gam_v2,2020-04-23,2020,Maine,Eastern US,230031100,-68.033006,46.696431,MICMAC HEALTH DEPARTMENT,230031100,0,43,39.7363,3.2637,0,5,5.48,0,113,14.98096088,14.7868,15.9905,214.3,274.6,2.23,5.79,-0.24,21.37,-12.14,1.3,714,299.4,1087.3
gam_v2,2020-04-24,2020,Maine,Eastern US,230031100,-68.033006,46.696431,MICMAC HEALTH DEPARTMENT,230031100,0,48,41.7273,6.2727,0,4.4,5.48,0,114,14.98096088,14.7868,16.0283,315.2,281,2.78,2.33,-0.43,30.94,-3.4,1.6,209.7,283.8,668.2
gam_v2,2020-04-25,2020,Maine,Eastern US,230031100,-68.033006,46.696431,MICMAC HEALTH DEPARTMENT,230031100,0,48,42.7156,5.2844,0,6.9,5.48,0,115,14.98096088,14.7766,16.0283,318.8,281.5,3.02,2.14,-1.89,23.09,-2.96,1.5,367.2,297.9,879.2
gam_v2,2020-04-26,2020,Maine,Eastern US,230031100,-68.033006,46.696431,MICMAC HEALTH DEPARTMENT,230031100,0,45,40.8784,4.1216,0,5.2,5.48,0,116,14.98096088,14.8026,16.0283,297.6,284.4,3.43,0.87,-1.78,27.5,2.04,1.9,153.5,302.4,528.4
gam_v2,2020-04-27,2020,Maine,Eastern US,230031100,-68.033006,46.696431,MICMAC HEALTH DEPARTMENT,230031100,0,44,38.1039,5.8961,0,4.5,5.48,0,117,15.01138672,14.7719,16.0283,194.2,280.2,3.35,-3,-3,3.6,1.4,2.3,432.2,62.5,758.7
gam_v2,2020-04-28,2020,Maine,Eastern US,230031100,-68.033006,46.696431,MICMAC HEALTH DEPARTMENT,230031100,0,39,42.1802,-3.1802,0,4.4,5.48,0,118,15.07671902,14.8096,16.0916,280.6,283.8,3.5,-2.22,-2.66,-4.97,-2.32,2.1,526.4,71.2,789.8
gam_v2,2020-04-29,2020,Maine,Eastern US,230031100,-68.033006,46.696431,MICMAC HEALTH DEPARTMENT,230031100,0,38,41.2909,-3.2909,0,5.3,5.48,0,119,14.98724321,14.7823,16.1251,309.9,286.6,4.19,-1.71,-0.86,-0.6,-4.86,2.5,537.8,69,867.8
gam_v2,2020-04-30,2020,Maine,Eastern US,230031100,-68.033006,46.696431,MICMAC HEALTH DEPARTMENT,230031100,0,35,39.4735,-4.4735,0,5.5,5.48,0,120,14.98724321,14.8178,16.1199,159.3,283,4.37,-1.19,3.76,13.35,2.47,2.7,323.3,187.4,492.3
gam_v2,2020-05-01,2020,Maine,Eastern US,230031100,-68.033006,46.696431,MICMAC HEALTH DEPARTMENT,230031100,0,34,36.2889,-2.2889,0,2.8,5.57,0,121,15.00806286,14.8445,16.1199,66,283.9,5.76,-1.4,4.95,16.98,23.38,5.9,695.5,142.2,772.6
gam_v2,2020-05-02,2020,Maine,Eastern US,230031100,-68.033006,46.696431,MICMAC HEALTH DEPARTMENT,230031100,0,38,38.0085,-0.0085,0,4.2,5.57,0,122,14.92505596,14.847,16.1892,282.8,284.7,5.06,2.63,-3.2,13.93,2.36,3,604.2,331.9,1158.2
gam_v2,2020-05-03,2020,Maine,Eastern US,230031100,-68.033006,46.696431,MICMAC HEALTH DEPARTMENT,230031100,0,37,41.2703,-4.2703,0,5.8,5.57,0,123,14.92505596,14.9223,16.2943,152.2,286.9,5.56,0.01,1.94,16.06,-4.34,3.8,389.1,219.5,506.4
gam_v2,2020-05-04,2020,Maine,Eastern US,230031100,-68.033006,46.696431,MICMAC HEALTH DEPARTMENT,230031100,0,31,29.9096,1.0904,0,4.6,5.57,0,124,14.84540782,14.9231,16.2233,95.8,283.5,6.02,0.05,-0.39,10.22,6.16,5.8,144.4,282.2,443.2
gam_v2,2020-05-05,2020,Maine,Eastern US,230031100,-68.033006,46.696431,MICMAC HEALTH DEPARTMENT,230031100,0,36,35.9758,0.0242,0,3,5.57,0,125,14.84540782,14.9231,16.2233,181.2,279.3,3.85,-0.11,-4.3,-1.12,-7.59,3.3,595,61.9,898.3
gam_v2,2020-05-06,2020,Maine,Eastern US,230031100,-68.033006,46.696431,MICMAC HEALTH DEPARTMENT,230031100,0,38,40.729,-2.729,0,4.3,5.57,0,126,14.91904486,14.9357,15.8862,303.8,284.4,3.95,2.27,-1.96,13.15,-4.52,3.3,296.5,306.5,898
gam_v2,2020-05-07,2020,Maine,Eastern US,230031100,-68.033006,46.696431,MICMAC HEALTH DEPARTMENT,230031100,0,42,38.9899,3.0101,0,4.8,5.57,0,127,14.97754409,14.9191,15.7476,218.8,283.4,3.93,0.57,-1.92,7.26,1.07,2.4,176.9,333.9,852.7
gam_v2,2020-05-08,2020,Maine,Eastern US,230031100,-68.033006,46.696431,MICMAC HEALTH DEPARTMENT,230031100,0,36,35.8613,0.1387,0,4.2,5.57,0,128,14.97754409,14.9191,15.7476,243.4,281.4,3.7,1.86,0.27,8.85,5.71,2.8,303.6,290.6,749.4
gam_v2,2020-05-09,2020,Maine,Eastern US,230031100,-68.033006,46.696431,MICMAC HEALTH DEPARTMENT,230031100,0,32,31.8263,0.1737,0,3.2,5.57,0,129,14.90434891,14.9835,15.7476,83.5,274.4,3.33,1.22,-3.11,10.25,15.01,1.3,262.5,315.8,692.2
gam_v2,2020-05-10,2020,Maine,Eastern US,230031100,-68.033006,46.696431,MICMAC HEALTH DEPARTMENT,230031100,0,33,36.8314,-3.8314,0,4.2,5.57,0,130,14.83352452,14.9707,15.735,230.2,278,3.31,5.76,-0.83,7.07,-5.47,1.9,578.1,281.6,1462.2
gam_v2,2020-05-11,2020,Maine,Eastern US,230031100,-68.033006,46.696431,MICMAC HEALTH DEPARTMENT,230031100,0,32,39.6623,-7.6623,0,4.1,5.57,0,131,14.83352452,14.9878,15.735,290,285.5,4.34,3.1,1.18,20.04,0.13,2.9,411.4,279.7,1136.1
gam_v2,2020-05-12,2020,Maine,Eastern US,230031100,-68.033006,46.696431,MICMAC HEALTH DEPARTMENT,230031100,0,37,34.3953,2.6047,0,3.8,5.57,0,132,14.85154141,14.9974,15.9417,131.6,281,4.24,0.64,-3.49,1.05,5.66,2.5,354.5,12.3,664.8
gam_v2,2020-05-13,2020,Maine,Eastern US,230031100,-68.033006,46.696431,MICMAC HEALTH DEPARTMENT,230031100,0,47,41.84,5.16,0,5.1,5.57,0,133,14.85154141,14.9982,15.9932,341.7,280.9,3.12,3.97,-2.76,5.6,-6.19,1.5,489.7,313.4,1084
gam_v2,2020-05-14,2020,Maine,Eastern US,230031100,-68.033006,46.696431,MICMAC HEALTH DEPARTMENT,230031100,0,45,43.0539,1.9461,0,6.4,5.57,0,134,14.82482672,15.0297,15.9349,340.6,285.5,3.83,3.64,-3.1,16.07,-25.21,1.9,652.1,321.4,912.7
gam_v2,2020-05-15,2020,Maine,Eastern US,230031100,-68.033006,46.696431,MICMAC HEALTH DEPARTMENT,230031100,0,47,42.4508,4.5492,0,6.8,5.57,0,135,14.8216873,15.0316,15.8773,220.9,289.1,5.04,0.58,0.4,21.12,-9.77,2.7,116.9,222,597.6
gam_v2,2020-05-16,2020,Maine,Eastern US,230031100,-68.033006,46.696431,MICMAC HEALTH DEPARTMENT,230031100,0,41,33.6957,7.3043,0,5.6,5.57,0,136,14.74808647,15.0257,15.8402,191.3,288.2,5.83,-0.15,-0.58,15.99,-7.33,5,143.4,351.7,529.7
gam_v2,2020-05-17,2020,Maine,Eastern US,230031100,-68.033006,46.696431,MICMAC HEALTH DEPARTMENT,230031100,0,44,39.4707,4.5293,0,4.4,5.57,0,137,14.81164674,15.015,15.8598,340,288.6,5.49,2.82,-1.56,22.3,-12.35,3.6,385.8,303.9,1019.9
gam_v2,2020-05-18,2020,Maine,Eastern US,230031100,-68.033006,46.696431,MICMAC HEALTH DEPARTMENT,230031100,0,38,38.784,-0.784,0,4.8,5.57,0,138,14.81164674,14.9997,15.836,327.1,287.3,4.54,0.44,-2.45,22.32,-13.72,3.2,232.9,353.5,926.8
gam_v2,2020-05-19,2020,Maine,Eastern US,230031100,-68.033006,46.696431,MICMAC HEALTH DEPARTMENT,230031100,0,41,39.3167,1.6833,0,4.4,5.57,0,139,14.94680837,14.9997,15.9191,333.1,287.9,4.57,-0.44,-2.28,2.42,-18.37,3.3,215.2,357.4,850.5
gam_v2,2020-05-20,2020,Maine,Eastern US,230031100,-68.033006,46.696431,MICMAC HEALTH DEPARTMENT,230031100,0,41,42.0996,-1.0996,1,4.4,5.57,0,140,14.94680837,15.0542,15.8978,340.4,293.2,5.32,0.31,-0.22,5.01,-12.34,2.8,101.4,319.9,619
gam_v2,2020-05-21,2020,Maine,Eastern US,230031100,-68.033006,46.696431,MICMAC HEALTH DEPARTMENT,230031100,0,53,44.0778,8.9222,0,6.6,5.57,0,141,14.96722848,15.0466,15.9089,336.5,296.9,7.96,3.23,1.4,14.58,-14.27,4.4,565.1,273.4,707.3
gam_v2,2020-05-22,2020,Maine,Eastern US,230031100,-68.033006,46.696431,MICMAC HEALTH DEPARTMENT,230031100,0,50,40.4344,9.5656,0,5.7,5.57,0,142,14.95339596,15.0829,15.9196,305,292.9,7.7,3.08,-1.32,25.99,-13.59,2.2,676,303.8,960.2
gam_v2,2020-05-23,2020,Maine,Eastern US,230031100,-68.033006,46.696431,MICMAC HEALTH DEPARTMENT,230031100,0,35,39.5416,-4.5416,0,5,5.57,0,143,14.95339596,15.0829,15.9196,363.9,286.9,4.1,-0.46,-2.2,19.57,-21.05,1.8,349.9,17.3,1100.3
gam_v2,2020-05-24,2020,Maine,Eastern US,230031100,-68.033006,46.696431,MICMAC HEALTH DEPARTMENT,230031100,0,39,43.8116,-4.8116,0,4.1,5.57,0,144,14.98473873,15.0744,15.9196,324,291.4,5.2,0.07,2.04,11.3,-13.46,2.5,271.6,197.3,612.3
gam_v2,2020-05-25,2020,Maine,Eastern US,230031100,-68.033006,46.696431,MICMAC HEALTH DEPARTMENT,230031100,0,35,41.7507,-6.7507,0,5.7,5.57,0,145,15.03141356,15.102,15.9353,323,293.5,7.09,0.35,3.61,10.11,-0.57,3.5,411.9,231.5,482.4
gam_v2,2020-05-26,2020,Maine,Eastern US,230031100,-68.033006,46.696431,MICMAC HEALTH DEPARTMENT,230031100,0,35,37.7936,-2.7936,0,6.7,5.57,0,146,15.01180085,15.1055,15.9353,286.3,299.3,11.18,1.61,2.2,14.29,-6.05,10.4,314.1,271.4,720.1
gam_v2,2020-05-27,2020,Maine,Eastern US,230031100,-68.033006,46.696431,MICMAC HEALTH DEPARTMENT,230031100,0,29,35.0112,-6.0112,0,6.9,5.57,0,147,15.02210672,15.1112,15.862,276.5,302.3,13.89,0.39,1.41,13.83,-4.08,12.4,150.4,258.2,492.9
gam_v2,2020-05-28,2020,Maine,Eastern US,230031100,-68.033006,46.696431,MICMAC HEALTH DEPARTMENT,230031100,0,37,37.3833,-0.3833,0,7.8,5.57,0,148,15.02210672,15.123,15.8049,218.9,302.1,15.41,0.66,2.72,15.37,2.08,11.9,348.5,261.4,561.1
gam_v2,2020-05-29,2020,Maine,Eastern US,230031100,-68.033006,46.696431,MICMAC HEALTH DEPARTMENT,230031100,0,34,37.514,-3.514,0,4,5.57,0,149,15.07733538,15.0925,15.8115,306,300.9,15,2.03,3.37,17.81,8.15,13.2,587.9,238.9,1417.7
gam_v2,2020-05-30,2020,Maine,Eastern US,230031100,-68.033006,46.696431,MICMAC HEALTH DEPARTMENT,230031100,0,31,34.5177,-3.5177,0,2.5,5.57,0,150,15.11628022,15.1038,15.8233,201,295.8,12.57,2.52,1.89,21.82,19.93,10.7,420.5,254.3,963.7
gam_v2,2020-05-31,2020,Maine,Eastern US,230031100,-68.033006,46.696431,MICMAC HEALTH DEPARTMENT,230031100,0,26,27.6773,-1.6773,0,2.8,5.57,0,151,15.17964971,15.1228,15.8596,277.6,285.7,5.9,2.07,-1.88,19.31,21.23,3.6,387.8,321.9,752.4
gam_v2,2020-06-01,2020,Maine,Eastern US,230031100,-68.033006,46.696431,MICMAC HEALTH DEPARTMENT,230031100,0,32,29.4063,2.5937,0,3.4,5.67,0,152,15.13809316,15.1574,15.846,302.6,283.9,3.96,2.47,-1.61,6.77,7.3,2.6,350.5,304.2,1316.5
gam_v2,2020-06-02,2020,Maine,Eastern US,230031100,-68.033006,46.696431,MICMAC HEALTH DEPARTMENT,230031100,0,33,34.6659,-1.6659,0,2.7,5.67,0,153,15.13809316,15.1967,15.8812,369.9,287.1,4.26,2,-2.43,7.83,-14.12,2.2,321.5,328.2,907.6
gam_v2,2020-06-03,2020,Maine,Eastern US,230031100,-68.033006,46.696431,MICMAC HEALTH DEPARTMENT,230031100,0,36,30.3196,5.6804,0,4.6,5.67,0,154,14.95739607,15.1807,15.7593,290.9,290,5.74,2.29,0.19,27.41,-15.58,4,164.6,280.2,1084.7
gam_v2,2020-06-04,2020,Maine,Eastern US,230031100,-68.033006,46.696431,MICMAC HEALTH DEPARTMENT,230031100,0,35,32.4257,2.5743,0,5.4,5.67,0,155,14.95739607,15.1044,15.7817,278.3,292.8,7.81,2.72,1.45,24.65,-1.98,6.1,393.6,263.7,918.7
gam_v2,2020-06-05,2020,Maine,Eastern US,230031100,-68.033006,46.696431,MICMAC HEALTH DEPARTMENT,230031100,0,41,36.1159,4.8841,0,6.3,5.67,0,156,14.84788954,15.1532,15.7444,231.6,297.6,9.74,1.99,0.84,32.22,1.24,7.4,248.4,263.2,694
gam_v2,2020-06-06,2020,Maine,Eastern US,230031100,-68.033006,46.696431,MICMAC HEALTH DEPARTMENT,230031100,0,21,23.9149,-2.9149,0,5.4,5.67,0,157,14.84788954,15.0884,15.7708,144.8,289.5,9.13,-1.72,-1.56,23.29,9.78,8,274.9,78.5,410.7
gam_v2,2020-06-07,2020,Maine,Eastern US,230031100,-68.033006,46.696431,MICMAC HEALTH DEPARTMENT,230031100,0,19,24.8,-5.8,0,2.8,5.67,0,158,14.84788954,15.0884,15.7708,262,290,7.19,-0.26,-2.62,2.64,-1.99,4.6,348.9,45.8,541.5
gam_v2,2020-06-08,2020,Maine,Eastern US,230031100,-68.033006,46.696431,MICMAC HEALTH DEPARTMENT,230031100,0,31,31.704,-0.704,0,4.2,5.67,0,159,14.87843564,15.0229,15.7708,352.7,291.2,6.77,1.94,-2.63,11.56,-21,3.9,449.6,351.1,1113.3
gam_v2,2020-06-09,2020,Maine,Eastern US,230031100,-68.033006,46.696431,MICMAC HEALTH DEPARTMENT,230031100,0,34,30.7369,3.2631,0,3.2,5.67,0,160,14.87972839,14.9683,15.7693,352.9,290.3,6.19,0.74,-2.22,25.41,-26.52,3.5,167.8,11.3,981.7
gam_v2,2020-06-10,2020,Maine,Eastern US,230031100,-68.033006,46.696431,MICMAC HEALTH DEPARTMENT,230031100,0,32,34.3342,-2.3342,0,3.7,5.67,0,161,14.89156376,14.9823,15.7328,267.2,293.2,6.82,-0.65,2.94,20.18,-17.47,4.9,325.9,132.3,693.1
gam_v2,2020-06-11,2020,Maine,Eastern US,230031100,-68.033006,46.696431,MICMAC HEALTH DEPARTMENT,230031100,0,26,28.102,-2.102,0,4.1,5.67,0,162,14.83629438,14.9377,15.7847,195.9,295.3,9.41,-1.08,5.54,15.53,9.1,11.6,671,192.8,491
gam_v2,2020-06-12,2020,Maine,Eastern US,230031100,-68.033006,46.696431,MICMAC HEALTH DEPARTMENT,230031100,0,33,35.6572,-2.6572,0,4.1,5.67,0,163,14.83629438,14.9436,15.8794,322.7,295.9,10.48,1.57,2.39,23.81,23.68,6.3,405.3,264.6,709.2
gam_v2,2020-06-13,2020,Maine,Eastern US,230031100,-68.033006,46.696431,MICMAC HEALTH DEPARTMENT,230031100,0,16,24.9896,-8.9896,0,3.5,5.67,0,164,14.76329876,14.9588,15.9922,302.4,289.8,7.17,1.92,-1.11,22.77,17.86,4.7,199.9,300.7,1008.4
gam_v2,2020-06-14,2020,Maine,Eastern US,230031100,-68.033006,46.696431,MICMAC HEALTH DEPARTMENT,230031100,0,19,22.3823,-3.3823,0,3.7,5.67,0,165,14.76329876,14.9683,15.9758,151.1,287.9,6.08,-1.21,-0.99,8.26,6.07,5,265.4,75.1,836.3
gam_v2,2020-06-15,2020,Maine,Eastern US,230031100,-68.033006,46.696431,MICMAC HEALTH DEPARTMENT,230031100,0,29,28.5261,0.4739,0,3.8,5.67,0,166,14.76329876,14.9424,15.9789,361.2,294,6.9,0.66,0.34,9,-0.8,5.8,91.1,286.1,736.1
gam_v2,2020-06-16,2020,Maine,Eastern US,230031100,-68.033006,46.696431,MICMAC HEALTH DEPARTMENT,230031100,0,35,32.055,2.945,1,4.9,5.67,0,167,15.08441358,14.9301,15.9792,352.6,298.6,8.86,1.99,1.07,10.77,-8.73,4.8,141.5,280.6,575.1
gam_v2,2020-06-21,2020,Maine,Eastern US,230031100,-68.033006,46.696431,MICMAC HEALTH DEPARTMENT,230031100,0,36,33.6184,2.3816,0,9.4,5.67,0,172,15.10573795,14.9161,15.9596,327.1,300.3,12.59,-1.22,2.18,6.79,0.84,11.6,254.8,152.6,467.3
gam_v2,2020-06-22,2020,Maine,Eastern US,230031100,-68.033006,46.696431,MICMAC HEALTH DEPARTMENT,230031100,0,33,31.0718,1.9282,0,6.2,5.67,0,173,15.10573795,14.9161,15.9596,283.9,299.7,14.05,-0.13,2.48,7.56,2.66,12.9,294,226.6,536.2
gam_v2,2020-06-23,2020,Maine,Eastern US,230031100,-68.033006,46.696431,MICMAC HEALTH DEPARTMENT,230031100,0,36,32.1413,3.8587,0,7.4,5.67,0,174,15.12878468,14.9395,15.9596,225.9,300.7,15.39,-0.03,2.14,8.2,2.91,12.5,186.8,233.6,510.1
gam_v2,2020-06-24,2020,Maine,Eastern US,230031100,-68.033006,46.696431,MICMAC HEALTH DEPARTMENT,230031100,0,35,29.9983,5.0017,0,6.6,5.67,0,175,15.17122594,14.9643,15.9472,260.9,298.7,14.73,-0.61,3.76,8.34,12.4,13.8,534.4,201,496.6
gam_v2,2020-06-25,2020,Maine,Eastern US,230031100,-68.033006,46.696431,MICMAC HEALTH DEPARTMENT,230031100,0,35,33.7637,1.2363,0,3.2,5.67,0,176,15.17122594,14.9752,16.0156,346.9,295.9,11.57,1.86,1.98,16.24,21.95,7.2,426,256.5,940.1
gam_v2,2020-06-26,2020,Maine,Eastern US,230031100,-68.033006,46.696431,MICMAC HEALTH DEPARTMENT,230031100,0,38,34.5722,3.4278,0,4.9,5.67,0,177,15.23009454,14.9903,15.9731,293.1,296.5,10.99,1.06,2.23,14.36,10.85,7.4,236,237.1,567.9
gam_v2,2020-06-27,2020,Maine,Eastern US,230031100,-68.033006,46.696431,MICMAC HEALTH DEPARTMENT,230031100,0,31,33.6634,-2.6634,0,6,5.67,0,178,15.19885137,14.9601,15.924,208.9,296,11.28,0.98,1.71,12.54,-0.06,8.7,341.6,261,748.9
gam_v2,2020-06-28,2020,Maine,Eastern US,230031100,-68.033006,46.696431,MICMAC HEALTH DEPARTMENT,230031100,0,39,32.82,6.18,0,7.3,5.67,0,179,15.27086122,14.9428,15.8357,233.2,296.9,11.77,-0.59,0.85,5.86,2.89,7.8,149.8,195.3,451.1
gam_v2,2020-06-29,2020,Maine,Eastern US,230031100,-68.033006,46.696431,MICMAC HEALTH DEPARTMENT,230031100,0,31,29.3342,1.6658,0,3.3,5.67,0,180,15.24701011,14.9579,15.8266,235.3,295.9,11.77,-2.39,-1.45,-5.77,2.76,10,524.2,83,519
gam_v2,2020-06-30,2020,Maine,Eastern US,230031100,-68.033006,46.696431,MICMAC HEALTH DEPARTMENT,230031100,0,29,24.2857,4.7143,0,3.3,5.67,0,181,15.24701011,14.9907,15.8187,245,297.6,11.63,-1.41,-1.66,-9.74,1.92,11.8,302,81,458.5
gam_v2,2020-07-01,2020,Maine,Eastern US,230031100,-68.033006,46.696431,MICMAC HEALTH DEPARTMENT,230031100,0,34,31.7567,2.2433,0,4.6,6.36,0,182,15.12769621,15.0121,15.8043,331,300.6,12.72,-0.46,-0.37,-5.26,1.61,10.4,125,48.5,551.5
gam_v2,2020-07-02,2020,Maine,Eastern US,230031100,-68.033006,46.696431,MICMAC HEALTH DEPARTMENT,230031100,0,27,29.2485,-2.2485,0,7.1,6.36,0,183,15.09022056,15.0121,15.8057,271.7,300.7,13.39,1.38,-0.43,3.32,-5.82,11.5,173.6,286.7,599
gam_v2,2020-07-03,2020,Maine,Eastern US,230031100,-68.033006,46.696431,MICMAC HEALTH DEPARTMENT,230031100,0,28,25.7179,2.2821,0,2.8,6.36,0,184,15.1309827,15.0797,15.8639,247.6,294.8,9.75,-0.35,1.12,16.39,-12.74,7.9,114.5,71.8,594.8
gam_v2,2020-07-04,2020,Maine,Eastern US,230031100,-68.033006,46.696431,MICMAC HEALTH DEPARTMENT,230031100,0,27,30.0806,-3.0806,0,9.4,6.36,0,185,15.1309827,15.0797,15.8687,339.7,297.7,10.93,0.98,0.34,19.36,-7.67,8,166.8,297.8,742.5
gam_v2,2020-07-05,2020,Maine,Eastern US,230031100,-68.033006,46.696431,MICMAC HEALTH DEPARTMENT,230031100,0,15,26.9411,-11.9411,0,4.9,6.36,0,186,15.1309827,15.0345,15.8928,232.8,295.8,11.19,-0.65,0.93,14.35,-2.75,10.7,263.6,211.6,484.7
gam_v2,2020-07-06,2020,Maine,Eastern US,230031100,-68.033006,46.696431,MICMAC HEALTH DEPARTMENT,230031100,0,24,24.4418,-0.4418,0,5.9,6.36,0,187,15.10769638,15.0345,15.8395,271.7,292.7,9.89,0.94,-2.2,5.39,-11.02,7.6,166,8.1,688.3
gam_v2,2020-07-07,2020,Maine,Eastern US,230031100,-68.033006,46.696431,MICMAC HEALTH DEPARTMENT,230031100,0,24,30.1382,-6.1382,0,4.4,6.36,0,188,15.10769638,15.0345,15.8395,275.6,296.9,10.46,-0.67,1.51,7.55,-9.14,8.8,317.7,222.7,545.6
gam_v2,2020-07-08,2020,Maine,Eastern US,230031100,-68.033006,46.696431,MICMAC HEALTH DEPARTMENT,230031100,0,16,22.6668,-6.6668,0,4,6.36,0,189,15.12941235,14.9945,15.8395,144.3,296.1,12.45,0.27,3.31,11.7,-2.84,13.6,524.2,242.3,785.5
gam_v2,2020-07-09,2020,Maine,Eastern US,230031100,-68.033006,46.696431,MICMAC HEALTH DEPARTMENT,230031100,0,21,29.353,-8.353,0,7.9,6.36,0,190,15.11323401,14.9891,15.9426,282.8,300.1,14.1,1.47,1.16,14.14,-9.98,10.4,201.8,275.7,457
gam_v2,2020-07-10,2020,Maine,Eastern US,230031100,-68.033006,46.696431,MICMAC HEALTH DEPARTMENT,230031100,0,27,33.555,-6.555,0,7.8,6.36,0,191,15.11323401,14.9662,15.8617,331,302.3,14.95,-0.24,2.22,8.94,-6.13,12.4,241.8,203.9,503
gam_v2,2020-07-11,2020,Maine,Eastern US,230031100,-68.033006,46.696431,MICMAC HEALTH DEPARTMENT,230031100,0,17,23.2068,-6.2068,0,1.7,6.36,0,192,15.11323401,14.9804,15.9266,192,297,14.88,-1.45,3.34,6.07,11.58,15.9,563,161,366.5
gam_v2,2020-07-12,2020,Maine,Eastern US,230031100,-68.033006,46.696431,MICMAC HEALTH DEPARTMENT,230031100,0,30,28.0972,1.9028,0,2.9,6.36,0,193,15.13816188,15.02,15.9266,254.3,299.9,15.46,-0.1,3.82,9.64,11.45,16.1,567.7,208.6,575.1
gam_v2,2020-07-13,2020,Maine,Eastern US,230031100,-68.033006,46.696431,MICMAC HEALTH DEPARTMENT,230031100,0,20,25.7975,-5.7975,0,3.3,6.36,0,194,15.17348266,15.02,15.9078,284.9,297.6,13.53,2.23,-0.44,11.32,8.19,10.8,304,284.7,815.7
gam_v2,2020-07-14,2020,Maine,Eastern US,230031100,-68.033006,46.696431,MICMAC HEALTH DEPARTMENT,230031100,0,13,19.966,-6.966,0,2.6,6.36,0,195,15.18945728,14.9748,15.9152,218.5,292.6,9.69,-1.3,-2.09,5.41,2.44,9.1,111.5,61.9,606.4
gam_v2,2020-07-15,2020,Maine,Eastern US,230031100,-68.033006,46.696431,MICMAC HEALTH DEPARTMENT,230031100,0,24,25.2697,-1.2697,0,3.5,6.36,0,196,15.17702934,14.9722,15.9084,353.9,293.7,8.24,-1.78,-1.49,-1.25,-8.01,5.2,566.7,69.5,952.4
gam_v2,2020-07-16,2020,Maine,Eastern US,230031100,-68.033006,46.696431,MICMAC HEALTH DEPARTMENT,230031100,0,28,21.696,6.304,0,4.1,6.36,0,197,15.17702934,14.9722,15.9084,295.5,292.9,7.17,-1.24,1.29,6.05,-4.44,5.9,229.4,89.6,605.2
gam_v2,2020-07-17,2020,Maine,Eastern US,230031100,-68.033006,46.696431,MICMAC HEALTH DEPARTMENT,230031100,0,18,25.9471,-7.9471,0,2.9,6.36,0,198,15.11728933,14.9413,15.875,194.6,292.5,9.27,-0.5,3.37,11.59,4.58,8.5,364.8,177,561.6
gam_v2,2020-07-18,2020,Maine,Eastern US,230031100,-68.033006,46.696431,MICMAC HEALTH DEPARTMENT,230031100,0,22,27.913,-5.913,0,7.2,6.36,0,199,15.10067544,14.8313,15.8323,296.6,298.7,11.89,1.08,0.47,15.71,-8.05,10,349.7,293.2,814.4
gam_v2,2020-07-19,2020,Maine,Eastern US,230031100,-68.033006,46.696431,MICMAC HEALTH DEPARTMENT,230031100,0,28,26.432,1.568,0,8.2,6.36,0,200,15.10067544,14.8313,15.8323,202.6,298.4,13.95,0.07,2.27,13.67,-4.77,11.8,175.9,247.1,307.7
gam_v2,2020-07-20,2020,Maine,Eastern US,230031100,-68.033006,46.696431,MICMAC HEALTH DEPARTMENT,230031100,0,32,33.1881,-1.1881,0,6,6.36,0,201,15.10067544,14.7601,15.9131,303.9,300.5,15.35,1.89,2.49,22.21,5.28,14.4,477.1,251.5,1126.6
gam_v2,2020-07-21,2020,Maine,Eastern US,230031100,-68.033006,46.696431,MICMAC HEALTH DEPARTMENT,230031100,0,25,24.8427,0.1573,0,3.2,6.36,0,202,15.12265218,14.7601,15.9756,340.8,295.8,10.95,2.42,-1.14,25.79,1.66,7.1,421.4,299.2,1156.7
gam_v2,2020-07-22,2020,Maine,Eastern US,230031100,-68.033006,46.696431,MICMAC HEALTH DEPARTMENT,230031100,0,26,24.1032,1.8968,0,4.5,6.36,0,203,15.11347578,14.769,15.98,238.7,296.2,9.71,1.2,0.19,20.79,0.3,7.3,138.9,272.5,767.8
gam_v2,2020-07-23,2020,Maine,Eastern US,230031100,-68.033006,46.696431,MICMAC HEALTH DEPARTMENT,230031100,0,27,24.9563,2.0437,0,6.6,6.36,0,204,15.08074773,14.8733,15.9589,169,298.4,12.14,-0.29,0.75,22.31,5.43,10.4,166.5,191.8,452.7
gam_v2,2020-07-24,2020,Maine,Eastern US,230031100,-68.033006,46.696431,MICMAC HEALTH DEPARTMENT,230031100,0,25,25.1193,-0.1193,0,4.7,6.36,0,205,15.08074773,14.8776,15.8954,305.7,298.8,11.92,1.05,-1.34,14.85,-4.72,7.3,309.6,315,668.8
gam_v2,2020-07-25,2020,Maine,Eastern US,230031100,-68.033006,46.696431,MICMAC HEALTH DEPARTMENT,230031100,0,24,26.0766,-2.0766,0,5.7,6.36,0,206,15.08074773,14.8718,15.8568,255.2,299.3,12.81,2.18,0.53,13.42,-6.85,8.8,178.7,293.5,578
gam_v2,2020-07-26,2020,Maine,Eastern US,230031100,-68.033006,46.696431,MICMAC HEALTH DEPARTMENT,230031100,0,24,25.2014,-1.2014,0,6,6.36,0,207,15.02555188,14.8774,15.7881,155.7,297.5,14.39,2.12,0.64,18.31,-12.7,11.4,607.1,279.3,744.4
gam_v2,2020-07-27,2020,Maine,Eastern US,230031100,-68.033006,46.696431,MICMAC HEALTH DEPARTMENT,230031100,0,23,24.2519,-1.2519,0,6.1,6.36,0,208,15.02555188,14.9524,15.7916,170.8,298.6,14.34,0.08,0.74,19.78,-7.1,13.2,106.6,292.2,436.7
gam_v2,2020-07-28,2020,Maine,Eastern US,230031100,-68.033006,46.696431,MICMAC HEALTH DEPARTMENT,230031100,0,24,27.5064,-3.5064,0,5.1,6.36,0,209,14.92248333,14.9524,15.7969,189.2,300.2,15.6,0.3,0.42,17.96,4.8,14,173.7,278.7,483.9
gam_v2,2020-07-29,2020,Maine,Eastern US,230031100,-68.033006,46.696431,MICMAC HEALTH DEPARTMENT,230031100,0,23,28.1048,-5.1048,0,6.3,6.36,0,210,15.00831371,14.9681,15.7994,314,299.8,13.84,1.48,0.48,14.94,10.69,11.2,194.9,276.2,548.8
gam_v2,2020-07-30,2020,Maine,Eastern US,230031100,-68.033006,46.696431,MICMAC HEALTH DEPARTMENT,230031100,0,33,25.5001,7.4999,0,4.1,6.36,0,211,14.97404503,14.9681,15.7994,214.1,297.8,12.74,0.76,0.44,11.57,7.57,8,278.5,258.7,433.5
gam_v2,2020-07-31,2020,Maine,Eastern US,230031100,-68.033006,46.696431,MICMAC HEALTH DEPARTMENT,230031100,0,25,22.6407,2.3593,0,3.3,6.36,0,212,15.00553988,14.9644,15.7616,227.2,295.5,11.8,0.16,-1.27,8.08,-1.05,9.7,166.1,334.1,471.5
gam_v2,2020-08-01,2020,Maine,Eastern US,230031100,-68.033006,46.696431,MICMAC HEALTH DEPARTMENT,230031100,0,18,24.114,-6.114,0,3.5,5.99,0,213,15.07188936,14.9843,15.7996,313,297.6,11.28,0.34,-1.72,3.7,-8.07,8.9,257.8,21.4,513.7
gam_v2,2020-08-02,2020,Maine,Eastern US,230031100,-68.033006,46.696431,MICMAC HEALTH DEPARTMENT,230031100,0,34,30.1631,3.8369,0,5.5,5.99,0,214,15.03182828,15.0093,15.8074,268.8,300.5,12.7,0.65,1.81,9.98,1.46,10.6,169.5,238.6,561
gam_v2,2020-08-03,2020,Maine,Eastern US,230031100,-68.033006,46.696431,MICMAC HEALTH DEPARTMENT,230031100,0,24,33.079,-9.079,0,4.7,5.99,0,215,15.03182828,15.0281,15.8006,251,300,14.64,0.77,3.03,19.48,10.75,14.7,527.4,232.7,947.1
gam_v2,2020-08-04,2020,Maine,Eastern US,230031100,-68.033006,46.696431,MICMAC HEALTH DEPARTMENT,230031100,0,18,22.8324,-4.8324,0,4.3,5.99,0,216,15.03182828,15.0623,15.6868,172.5,296.8,12.14,1.37,-0.09,15.25,6.77,9.9,248.4,307.5,625.2
gam_v2,2020-08-05,2020,Maine,Eastern US,230031100,-68.033006,46.696431,MICMAC HEALTH DEPARTMENT,230031100,0,32,30.0053,1.9947,0,3.2,5.99,0,217,15.05979897,15.0673,15.6995,283,299.4,13.21,-0.35,3.3,18.86,18.46,12.2,473,249.6,907.4
gam_v2,2020-08-06,2020,Maine,Eastern US,230031100,-68.033006,46.696431,MICMAC HEALTH DEPARTMENT,230031100,0,24,25.7376,-1.7376,0,4.1,5.99,0,218,15.05675665,15.0619,15.7104,293.1,294.6,10.7,3.25,1.4,26.98,10.09,7.1,581.3,267.9,966.2
gam_v2,2020-08-07,2020,Maine,Eastern US,230031100,-68.033006,46.696431,MICMAC HEALTH DEPARTMENT,230031100,0,31,25.2317,5.7683,0,5.1,5.99,0,219,15.07874342,15.0436,15.7183,308.9,297.9,10.86,2.5,0.17,18.69,-0.36,7.7,329,293.9,753
gam_v2,2020-08-08,2020,Maine,Eastern US,230031100,-68.033006,46.696431,MICMAC HEALTH DEPARTMENT,230031100,0,31,26.8619,4.1381,0,6.7,5.99,0,220,15.07874342,15.0319,15.7652,302.1,299.4,11.62,1.77,0.38,9.05,0.58,7.6,171,265.6,541.6
gam_v2,2020-08-09,2020,Maine,Eastern US,230031100,-68.033006,46.696431,MICMAC HEALTH DEPARTMENT,230031100,0,36,28.084,7.916,0,7.4,5.99,0,221,15.05601552,15.0549,15.7871,295.2,299.5,12.6,2.18,0.79,12.08,-3.72,10.1,304.1,273,613.1
gam_v2,2020-08-10,2020,Maine,Eastern US,230031100,-68.033006,46.696431,MICMAC HEALTH DEPARTMENT,230031100,0,37,28.1799,8.8201,0,9.7,5.99,0,222,15.0956352,15.0644,15.8281,288.4,300,13.52,1.26,0.98,5.93,-1.87,10.2,125.8,278.9,551.1
gam_v2,2020-08-11,2020,Maine,Eastern US,230031100,-68.033006,46.696431,MICMAC HEALTH DEPARTMENT,230031100,0,40,29.8611,10.1389,0,11.2,5.99,0,223,15.0956352,15.0362,15.8292,174.6,299.3,15.45,0.63,2.42,10.44,4.11,14.1,305.7,257,553.8
gam_v2,2020-08-15,2020,Maine,Eastern US,230031100,-68.033006,46.696431,MICMAC HEALTH DEPARTMENT,230031100,0,26,23.4219,2.5781,0,4.1,5.99,0,227,15.03335357,15.0359,15.7774,303.7,294.4,9.54,-1.69,-0.94,-7.82,-3.16,8.2,304,80.9,840.4
gam_v2,2020-08-16,2020,Maine,Eastern US,230031100,-68.033006,46.696431,MICMAC HEALTH DEPARTMENT,230031100,0,26,23.6073,2.3927,0,7,5.99,0,228,15.03335357,15.0458,15.7727,281,295.9,9.81,-1.02,1,-7.88,1.24,9.3,75.5,125.3,556.3
gam_v2,2020-08-17,2020,Maine,Eastern US,230031100,-68.033006,46.696431,MICMAC HEALTH DEPARTMENT,230031100,0,23,25.6427,-2.6427,0,5.2,5.99,0,229,15.07362754,15.0296,15.8604,240,295.8,10.82,-0.19,2.01,8.69,6.1,9.3,117.5,202.9,528
gam_v2,2020-08-18,2020,Maine,Eastern US,230031100,-68.033006,46.696431,MICMAC HEALTH DEPARTMENT,230031100,0,26,20.802,5.198,0,3.2,5.99,0,230,15.07362754,15.0087,15.8739,97.3,291.6,11.01,0.13,1.75,7.47,9.47,10,278.5,217,381.5
gam_v2,2020-08-19,2020,Maine,Eastern US,230031100,-68.033006,46.696431,MICMAC HEALTH DEPARTMENT,230031100,0,20,22.1472,-2.1472,0,2.8,5.99,0,231,15.02009739,14.9426,15.9543,271.6,292.9,9.62,2.57,1.06,18.22,7.62,7.1,386.8,278.2,742
gam_v2,2020-08-20,2020,Maine,Eastern US,230031100,-68.033006,46.696431,MICMAC HEALTH DEPARTMENT,230031100,0,27,22.4244,4.5756,0,3,5.99,0,232,14.96979805,14.9094,15.9418,285.2,292.8,8.54,3.01,-0.28,19.02,-5.49,5.7,478.9,299.6,952.8
gam_v2,2020-08-21,2020,Maine,Eastern US,230031100,-68.033006,46.696431,MICMAC HEALTH DEPARTMENT,230031100,0,18,18.6682,-0.6682,0,4.1,5.99,0,233,14.96979805,14.9198,15.8964,124.2,291.9,9.33,1.2,0.02,25.29,-2.56,9.5,313.7,246.3,625.7
gam_v2,2020-08-22,2020,Maine,Eastern US,230031100,-68.033006,46.696431,MICMAC HEALTH DEPARTMENT,230031100,0,28,22.5295,5.4705,0,4.1,5.99,0,234,14.87246546,14.9383,15.9035,273.5,294.5,8.67,0.64,-0.61,17.4,-4.08,5.6,160,299.7,606
gam_v2,2020-08-23,2020,Maine,Eastern US,230031100,-68.033006,46.696431,MICMAC HEALTH DEPARTMENT,230031100,0,27,22.2504,4.7496,0,5.1,5.99,0,235,14.89306603,14.9827,15.8619,114.2,294.6,10.34,1.75,0.99,19.29,-7.48,9.6,326.5,258.4,624.9
gam_v2,2020-08-24,2020,Maine,Eastern US,230031100,-68.033006,46.696431,MICMAC HEALTH DEPARTMENT,230031100,0,25,19.4137,5.5863,0,5,5.99,0,236,14.89506439,14.9318,15.8528,191.5,295.5,10.39,0.89,-0.17,16.75,-4.97,7.9,125.4,313.8,441.3
gam_v2,2020-08-25,2020,Maine,Eastern US,230031100,-68.033006,46.696431,MICMAC HEALTH DEPARTMENT,230031100,0,26,22.9445,3.0555,1,4,5.99,0,237,14.96796569,14.8558,15.8528,99.9,295.8,12.68,0.88,1.8,16.51,3.44,13.1,452.8,250.7,631.1
gam_v2,2020-08-26,2020,Maine,Eastern US,230031100,-68.033006,46.696431,MICMAC HEALTH DEPARTMENT,230031100,0,28,23.4645,4.5355,0,2,5.99,0,238,14.96796569,14.7943,15.9278,258.6,287.2,6.57,3.94,-2.06,26.66,-10.35,4,672.8,305.1,1538.8
gam_v2,2020-08-27,2020,Maine,Eastern US,230031100,-68.033006,46.696431,MICMAC HEALTH DEPARTMENT,230031100,0,23,23.8339,-0.8339,0,3.1,5.99,0,239,14.88719461,14.8865,15.94,276.4,290.8,6,4.3,-1.39,19.71,-19.31,5,658,317.3,1156.6
gam_v2,2020-08-28,2020,Maine,Eastern US,230031100,-68.033006,46.696431,MICMAC HEALTH DEPARTMENT,230031100,0,26,24.1217,1.8783,0,3.7,5.99,0,240,14.8234763,14.9166,15.9874,270.8,291.6,7.05,2.89,-1.34,23.34,-12.07,5.3,496.9,303.9,858.3
gam_v2,2020-08-29,2020,Maine,Eastern US,230031100,-68.033006,46.696431,MICMAC HEALTH DEPARTMENT,230031100,0,18,19.6181,-1.6181,0,2.8,5.99,0,241,14.86525018,14.9166,15.9874,75.6,286.6,7.32,-0.28,0.36,20.49,0.2,5.1,108.8,218.7,338.6
gam_v2,2020-08-30,2020,Maine,Eastern US,230031100,-68.033006,46.696431,MICMAC HEALTH DEPARTMENT,230031100,0,20,17.1628,2.8372,0,3.1,5.99,0,242,14.87223472,14.8752,16.0421,101.2,288.1,8.49,0.59,-0.39,12.74,8.89,7.1,258.1,1.7,584.5
gam_v2,2020-08-31,2020,Maine,Eastern US,230031100,-68.033006,46.696431,MICMAC HEALTH DEPARTMENT,230031100,0,24,25.9835,-1.9835,0,3.9,5.99,0,243,14.87223472,15.0001,16.0319,249.2,290.5,6.82,2.16,-1.34,17.79,-8.7,4.8,383.4,312.8,838.7
gam_v2,2020-09-01,2020,Maine,Eastern US,230031100,-68.033006,46.696431,MICMAC HEALTH DEPARTMENT,230031100,0,29,24.7373,4.2627,0,4.4,4.59,0,244,14.86515298,15.0001,15.9416,241.7,293.8,7.76,-0.02,2.65,16.57,-2.79,8.6,363.4,204.7,483.6
gam_v2,2020-09-02,2020,Maine,Eastern US,230031100,-68.033006,46.696431,MICMAC HEALTH DEPARTMENT,230031100,0,25,27.4704,-2.4704,0,2.5,4.59,0,245,14.86515298,15.0001,15.9416,239.4,293.6,8.21,-0.41,4.36,17.09,7.07,6.2,358,176.8,519.6
gam_v2,2020-09-03,2020,Maine,Eastern US,230031100,-68.033006,46.696431,MICMAC HEALTH DEPARTMENT,230031100,0,27,24.5945,2.4055,0,4.1,4.59,0,246,14.88462172,15.0001,15.9016,239.8,295.6,10.13,0.76,2.08,22.47,8.97,6.8,323.3,281.9,730.4
gam_v2,2020-09-04,2020,Maine,Eastern US,230031100,-68.033006,46.696431,MICMAC HEALTH DEPARTMENT,230031100,0,29,25.4905,3.5095,0,4.5,4.59,0,247,14.88530688,14.997,15.9263,257.6,294.8,9.75,2,1.75,28.4,20.05,6.9,637.4,266.3,1354
gam_v2,2020-09-05,2020,Maine,Eastern US,230031100,-68.033006,46.696431,MICMAC HEALTH DEPARTMENT,230031100,0,20,24.4497,-4.4497,0,4.1,4.59,0,248,14.89721072,14.9782,15.9581,239,292,7.93,2.51,1.11,23.04,11.49,5.6,465.4,272.8,814.8
gam_v2,2020-09-06,2020,Maine,Eastern US,230031100,-68.033006,46.696431,MICMAC HEALTH DEPARTMENT,230031100,0,23,23.1467,-0.1467,0,4.5,4.59,0,249,14.89721072,14.9782,15.9581,235.6,291.1,7.25,1.97,0.71,21.15,1.18,5.6,305.1,273,683.2
gam_v2,2020-09-07,2020,Maine,Eastern US,230031100,-68.033006,46.696431,MICMAC HEALTH DEPARTMENT,230031100,0,40,25.514,14.486,0,4.5,4.59,0,250,14.89019681,14.972,15.9581,192.8,293.9,7.98,-0.9,4,16.92,8.76,7.9,361.3,172.6,453.4
gam_v2,2020-09-08,2020,Maine,Eastern US,230031100,-68.033006,46.696431,MICMAC HEALTH DEPARTMENT,230031100,0,31,27.3022,3.6978,0,5.4,4.59,0,251,14.90725525,14.9602,15.9701,194.2,296.1,9.78,1.43,2.56,27.36,9.6,10.7,416.4,252.4,784.4
gam_v2,2020-09-09,2020,Maine,Eastern US,230031100,-68.033006,46.696431,MICMAC HEALTH DEPARTMENT,230031100,0,19,16.1999,2.8001,1,4,4.59,0,252,14.86848799,15.0023,15.9701,113.3,288.9,8.4,0.11,-1.21,22.46,7.32,9,150.8,99.5,406.2
gam_v2,2020-09-10,2020,Maine,Eastern US,230031100,-68.033006,46.696431,MICMAC HEALTH DEPARTMENT,230031100,0,15,17.3026,-2.3026,0,2.8,4.59,0,253,14.84075315,15.0522,15.8822,77.1,290.9,8.84,-0.01,-0.85,27.19,6.37,11.6,394.2,232.9,408
gam_v2,2020-09-11,2020,Maine,Eastern US,230031100,-68.033006,46.696431,MICMAC HEALTH DEPARTMENT,230031100,0,21,22.989,-1.989,0,3,4.59,0,254,14.88199864,15.0142,15.8243,215,288.3,5.89,0.95,-2.36,33.62,-2.38,4.3,328.1,5.6,726.4
gam_v2,2020-09-12,2020,Maine,Eastern US,230031100,-68.033006,46.696431,MICMAC HEALTH DEPARTMENT,230031100,0,25,22.1756,2.8244,1,4,4.59,0,255,14.88264492,14.9814,15.8243,235,292.1,6.63,1.94,0.31,21.71,-13.34,5.2,297.6,278.1,547.9
gam_v2,2020-09-13,2020,Maine,Eastern US,230031100,-68.033006,46.696431,MICMAC HEALTH DEPARTMENT,230031100,0,28,25.436,2.564,0,3.1,4.59,0,256,14.85700728,14.9584,15.7987,106.5,290.7,7.29,-0.1,3.76,23.08,7.59,6.9,423.5,193.7,610.7
gam_v2,2020-09-14,2020,Maine,Eastern US,230031100,-68.033006,46.696431,MICMAC HEALTH DEPARTMENT,230031100,0,22,21.4607,0.5393,1,3.7,4.59,0,257,14.87180873,14.9511,15.7701,231.3,288.1,7.58,3.35,-0.02,33.93,8.55,4.5,589.5,290.1,1346.9
gam_v2,2020-09-15,2020,Maine,Eastern US,230031100,-68.033006,46.696431,MICMAC HEALTH DEPARTMENT,230031100,0,24,24.3325,-0.3325,1,3.5,4.59,0,258,14.87180873,14.8405,15.7305,193,286.5,4.9,2.22,-1.05,28.65,-8.48,3.5,420,305.4,950.9
gam_v2,2020-09-16,2020,Maine,Eastern US,230031100,-68.033006,46.696431,MICMAC HEALTH DEPARTMENT,230031100,0,38,25.8546,12.1454,1,4.2,4.59,0,259,14.88101439,14.8399,15.7084,86.8,288.7,6.43,0.61,2.93,26.45,-2.71,6,515.7,223.1,581.5
gam_v2,2020-09-17,2020,Maine,Eastern US,230031100,-68.033006,46.696431,MICMAC HEALTH DEPARTMENT,230031100,0,24,19.1529,4.8471,1,4.5,4.59,0,260,14.87689377,14.9013,15.7084,141.1,287.8,7.01,1.92,0.29,38.4,13.96,6.6,171.9,293.3,824.2
gam_v2,2020-09-18,2020,Maine,Eastern US,230031100,-68.033006,46.696431,MICMAC HEALTH DEPARTMENT,230031100,0,25,25.3317,-0.3317,0,3.8,4.59,0,261,14.87689377,14.8634,15.7614,214,285.6,3.66,-0.56,-1.76,29.08,15.81,2.2,130.3,2.6,555.3
gam_v2,2020-09-19,2020,Maine,Eastern US,230031100,-68.033006,46.696431,MICMAC HEALTH DEPARTMENT,230031100,0,23,23.1099,-0.1099,1,4.2,4.59,0,262,14.87465781,14.8575,15.7871,178.8,284.6,4.35,1.42,-1.96,24.55,5.86,3.3,306.6,315.8,810.7
gam_v2,2020-09-20,2020,Maine,Eastern US,230031100,-68.033006,46.696431,MICMAC HEALTH DEPARTMENT,230031100,0,25,22.9885,2.0115,0,3.9,4.59,0,263,14.81859107,14.8812,15.8308,228.3,285.4,3.94,1.44,-1.9,13.5,-9.59,2.7,347.2,332,679.8
gam_v2,2020-09-22,2020,Maine,Eastern US,230031100,-68.033006,46.696431,MICMAC HEALTH DEPARTMENT,230031100,0,24,16.568,7.432,1,4.1,4.59,0,265,14.92363639,14.9545,15.8273,94.5,287,5.24,0.3,-1.53,-6.8,-6.15,4.9,234.4,17.7,387.5
gam_v2,2020-09-24,2020,Maine,Eastern US,230031100,-68.033006,46.696431,MICMAC HEALTH DEPARTMENT,230031100,0,30,21.0881,8.9119,0,4.8,4.59,0,267,14.90441866,14.9645,15.8191,178.8,290.8,7.26,2.8,-0.84,28.16,-4.85,6.4,400.3,284.1,705.2
gam_v2,2020-09-29,2020,Maine,Eastern US,230031100,-68.033006,46.696431,MICMAC HEALTH DEPARTMENT,230031100,0,31,31.2407,-0.2407,0,3.9,4.59,0,272,15.04154006,14.9956,15.934,170.2,297.1,12.87,-0.23,3.99,12.87,14.98,11.6,517.5,211.1,495.8
gam_v2,2020-09-30,2020,Maine,Eastern US,230031100,-68.033006,46.696431,MICMAC HEALTH DEPARTMENT,230031100,0,29,30.3778,-1.3778,0,2.6,4.59,0,273,15.04154006,14.9956,15.934,77.9,296.2,12.19,-0.04,4.8,17.34,32.01,16.2,950.7,186.8,881.3
gam_v2,2020-10-01,2020,Maine,Eastern US,230031100,-68.033006,46.696431,MICMAC HEALTH DEPARTMENT,230031100,0,33,28.2746,4.7254,0,5.5,5.12,0,274,15.09015815,14.9559,16.0003,142.3,290.4,7.88,1.41,2.69,36.33,25.62,6.3,639.8,244.9,964.8
gam_v2,2020-10-02,2020,Maine,Eastern US,230031100,-68.033006,46.696431,MICMAC HEALTH DEPARTMENT,230031100,0,21,20.4524,0.5476,0,4.5,5.12,0,275,15.13381776,14.8296,16.0003,85.5,288,7.65,0.46,0.36,23.77,26.34,6.9,77.9,117.8,254.4
gam_v2,2020-10-03,2020,Maine,Eastern US,230031100,-68.033006,46.696431,MICMAC HEALTH DEPARTMENT,230031100,0,19,19.5523,-0.5523,0,3.7,5.12,0,276,15.13381776,14.9018,16.0321,132.9,285.2,5.96,1.93,-1.43,19.36,13.33,4.8,276.2,302,553.4
gam_v2,2020-10-04,2020,Maine,Eastern US,230031100,-68.033006,46.696431,MICMAC HEALTH DEPARTMENT,230031100,0,24,21.1532,2.8468,0,4.1,5.12,0,277,15.13381776,14.8889,16.0385,155.8,284.9,4.59,0.31,-0.47,24.53,9.61,2.9,122.9,291.9,470.3
gam_v2,2020-10-05,2020,Maine,Eastern US,230031100,-68.033006,46.696431,MICMAC HEALTH DEPARTMENT,230031100,0,25,24.1642,0.8358,0,4.9,5.12,0,278,15.20803091,14.9115,16.0128,132.7,287.3,5.55,-0.44,1.71,20.02,1.03,4.8,135.6,225.8,561.6
gam_v2,2020-10-06,2020,Maine,Eastern US,230031100,-68.033006,46.696431,MICMAC HEALTH DEPARTMENT,230031100,0,34,25.9685,8.0315,1,5.1,5.12,0,279,15.33464519,15.0112,15.9607,87.9,287.9,7.07,0.72,3.46,18.78,1.91,7.4,473.1,224.1,420
gam_v2,2020-10-07,2020,Maine,Eastern US,230031100,-68.033006,46.696431,MICMAC HEALTH DEPARTMENT,230031100,0,33,26.3473,6.6527,0,3.6,5.12,0,280,15.34658672,14.9157,15.9934,79.7,288.1,8.07,-0.07,3.31,18.38,12.56,7.5,378.9,223.4,570.5
gam_v2,2020-10-08,2020,Maine,Eastern US,230031100,-68.033006,46.696431,MICMAC HEALTH DEPARTMENT,230031100,0,28,24.4584,3.5416,0,3.8,5.12,0,281,15.31225443,14.9157,15.9934,162.2,283.5,5.34,5.04,-2.91,14.75,-7.26,2.2,699.8,314.8,1169.6
gam_v2,2020-10-09,2020,Maine,Eastern US,230031100,-68.033006,46.696431,MICMAC HEALTH DEPARTMENT,230031100,0,28,25.7785,2.2215,1,4,5.12,0,282,15.31225443,14.9157,15.9934,177.6,282,3.26,4.62,-1.67,29.05,-24.68,2.2,609.8,295.7,1336.7
gam_v2,2020-10-11,2020,Maine,Eastern US,230031100,-68.033006,46.696431,MICMAC HEALTH DEPARTMENT,230031100,0,25,25.9234,-0.9234,1,4.4,5.12,0,284,15.31225443,14.9733,15.9051,172.2,288,4.35,2.79,-2.87,31.52,-12.43,2.1,566.9,322.4,1118.7
gam_v2,2020-10-12,2020,Maine,Eastern US,230031100,-68.033006,46.696431,MICMAC HEALTH DEPARTMENT,230031100,0,23,21.6937,1.3063,1,4.3,5.12,0,285,15.31225443,14.9733,15.9051,169.4,283.2,3.22,0.17,-0.75,13.55,-7.63,2.1,169.6,313.5,409.9
gam_v2,2020-10-13,2020,Maine,Eastern US,230031100,-68.033006,46.696431,MICMAC HEALTH DEPARTMENT,230031100,0,23,23.7375,-0.7375,1,4.4,5.12,0,286,15.34761557,15.0056,15.8395,154.4,285,4.01,-1.56,2.25,7.07,7.11,4,339.7,132.5,492.2
gam_v2,2020-10-14,2020,Maine,Eastern US,230031100,-68.033006,46.696431,MICMAC HEALTH DEPARTMENT,230031100,0,21,18.5103,2.4897,0,3.2,5.12,0,287,15.34761557,15.0056,15.8395,99.5,285.1,6.31,1.14,-1.1,8.07,19.7,6.2,75.6,1.3,348.4
gam_v2,2020-10-16,2020,Maine,Eastern US,230031100,-68.033006,46.696431,MICMAC HEALTH DEPARTMENT,230031100,0,27,27.9361,-0.9361,0,4.8,5.12,0,289,15.32866424,15.0729,15.8395,25,287.3,8.46,-0.05,2.88,23.99,30.24,8.9,575.9,191.1,581.6
gam_v2,2020-10-17,2020,Maine,Eastern US,230031100,-68.033006,46.696431,MICMAC HEALTH DEPARTMENT,230031100,0,27,18.9171,8.0829,0,2.6,5.12,0,290,15.32866424,15.1413,15.8395,27.5,284.2,5.96,2.1,-1.48,5.37,35.63,5.9,208.3,3.7,434.4
gam_v2,2020-10-20,2020,Maine,Eastern US,230031100,-68.033006,46.696431,MICMAC HEALTH DEPARTMENT,230031100,0,24,21.3737,2.6263,0,4.5,5.12,0,293,15.37387591,15.2932,15.4208,48.9,285.3,6.22,0.23,2.03,32.07,19.75,7.1,573.1,221.6,482
gam_v2,2020-10-21,2020,Maine,Eastern US,230031100,-68.033006,46.696431,MICMAC HEALTH DEPARTMENT,230031100,0,17,19.5571,-2.5571,0,2.7,5.12,0,294,15.13812316,15.215,14.8984,56.1,282.1,4.81,-0.94,1.1,28.08,10.63,3.9,232.9,74,635.7
gam_v2,2020-10-22,2020,Maine,Eastern US,230031100,-68.033006,46.696431,MICMAC HEALTH DEPARTMENT,230031100,0,23,20.6358,2.3642,0,4.1,5.12,0,295,15.13812316,15.215,14.8984,77.7,284.1,5.96,1.99,0.08,38.28,5.85,3.4,546.7,281,884
gam_v2,2020-10-23,2020,Maine,Eastern US,230031100,-68.033006,46.696431,MICMAC HEALTH DEPARTMENT,230031100,0,27,22.9173,4.0827,0,4.4,5.12,0,296,15.13729809,15.079,14.8984,57.6,285.6,5.56,-1.87,1.72,27.53,1.37,5.7,329.9,110.7,517.1
gam_v2,2020-10-24,2020,Maine,Eastern US,230031100,-68.033006,46.696431,MICMAC HEALTH DEPARTMENT,230031100,0,24,27.9092,-3.9092,0,3.7,5.12,0,297,14.92886775,15.0099,14.8984,45.2,286.8,7.06,0.6,2.67,24.2,12.03,9.1,704.3,239.8,759
gam_v2,2020-10-25,2020,Maine,Eastern US,230031100,-68.033006,46.696431,MICMAC HEALTH DEPARTMENT,230031100,0,30,27.6943,2.3057,0,4.5,5.12,0,298,14.92886775,15.0099,14.8984,131.7,276.3,2.93,1.93,-2.33,38.08,6.3,1.7,443.9,303.4,988.3
gam_v2,2020-10-29,2020,Maine,Eastern US,230031100,-68.033006,46.696431,MICMAC HEALTH DEPARTMENT,230031100,0,29,23.8781,5.1219,0,4.4,5.12,0,302,14.92886775,15.0686,15.8234,56.8,274.9,3.43,1.85,0.05,47.54,0.62,2.8,406.6,282.6,870.9
gam_v2,2020-10-30,2020,Maine,Eastern US,230031100,-68.033006,46.696431,MICMAC HEALTH DEPARTMENT,230031100,0,27,27.7029,-0.7029,0,3.7,5.12,0,303,14.98254723,15.0897,15.8234,96.3,273.4,2.16,0.52,-2.9,25.86,1.43,1.4,480.5,346.3,756.8
gam_v2,2020-10-31,2020,Maine,Eastern US,230031100,-68.033006,46.696431,MICMAC HEALTH DEPARTMENT,230031100,0,28,27.4503,0.5497,0,3.9,5.12,0,304,15.07120362,15.1002,15.887,130.1,275.6,2.36,2.28,-0.49,15.34,-12.81,1.3,301.3,288.2,477.7
gam_v2,2021-04-01,2021,Maine,Eastern US,230031100,-68.033006,46.696431,MICMAC HEALTH DEPARTMENT,230031100,0,33,31.6345,1.3655,0,3.1,5.48,0,90,14.68062206,14.9679,15.7232,62.8,280.1,4.39,1.27,-2.59,14.97,26.04,3.5,437.2,342.6,923.7
gam_v2,2021-04-02,2021,Maine,Eastern US,230031100,-68.033006,46.696431,MICMAC HEALTH DEPARTMENT,230031100,0,38,36.6088,1.3912,0,5.8,5.48,0,91,14.78897821,14.9479,15.738,170.5,271.1,2.07,2.98,-2.97,5.63,41.22,1.4,437.3,333.6,1186.7
gam_v2,2021-04-03,2021,Maine,Eastern US,230031100,-68.033006,46.696431,MICMAC HEALTH DEPARTMENT,230031100,0,39,37.7807,1.2193,0,4.3,5.48,0,92,14.78897821,14.9479,15.738,183.9,273.8,2.06,2.25,-0.95,5.9,30.1,1.1,340.5,284.3,738.2
gam_v2,2021-04-04,2021,Maine,Eastern US,230031100,-68.033006,46.696431,MICMAC HEALTH DEPARTMENT,230031100,0,36,35.7728,0.2272,0,3,5.48,0,93,14.86196236,14.9504,15.7104,215.6,274.9,2.45,0.02,-4.13,-2.03,4.11,1.6,367.4,352.3,536.9
gam_v2,2021-04-05,2021,Maine,Eastern US,230031100,-68.033006,46.696431,MICMAC HEALTH DEPARTMENT,230031100,0,29,30.9095,-1.9095,0,3.5,5.48,0,94,14.86196236,14.9504,15.7104,127.8,276.7,3.79,0.48,-5.16,-16.48,-2.62,4.6,567.5,67.5,754
gam_v2,2021-04-06,2021,Maine,Eastern US,230031100,-68.033006,46.696431,MICMAC HEALTH DEPARTMENT,230031100,0,32,30.5059,1.4941,0,3.6,5.48,0,95,14.89427586,14.9329,15.726,67.1,277.7,4.34,0.24,-3.17,-18.04,-4.95,4.7,516.6,68.1,608.9
gam_v2,2021-04-07,2021,Maine,Eastern US,230031100,-68.033006,46.696431,MICMAC HEALTH DEPARTMENT,230031100,0,37,35.5377,1.4623,0,4.2,5.48,0,96,14.85519293,14.9623,15.726,139.5,284.5,5.48,-0.84,-3.27,-8.5,-11.35,5.1,662.8,63.5,787.1
gam_v2,2021-04-08,2021,Maine,Eastern US,230031100,-68.033006,46.696431,MICMAC HEALTH DEPARTMENT,230031100,0,38,38.3585,-0.3585,0,4.3,5.48,0,97,14.79940229,14.9248,15.8563,193.7,288.6,5.7,-1.11,-1.48,-1.98,-10.88,5.4,361.5,68,601.3
gam_v2,2021-04-09,2021,Maine,Eastern US,230031100,-68.033006,46.696431,MICMAC HEALTH DEPARTMENT,230031100,0,35,39.5878,-4.5878,0,5.8,5.48,0,98,14.7885716,14.9248,15.8563,204.8,291.5,6.27,0.06,0.22,10.26,-18.06,5.5,97.1,280.6,406.7
gam_v2,2021-04-10,2021,Maine,Eastern US,230031100,-68.033006,46.696431,MICMAC HEALTH DEPARTMENT,230031100,0,40,39.2407,0.7593,0,4,5.48,0,99,14.7885716,14.9248,15.8563,252.2,287.8,5.45,-1.12,-2.24,12.92,-18.06,4.8,84.5,107.5,562.1
gam_v2,2021-04-11,2021,Maine,Eastern US,230031100,-68.033006,46.696431,MICMAC HEALTH DEPARTMENT,230031100,0,37,39.6189,-2.6189,0,4,5.48,0,100,14.7885716,14.967,15.9057,210.3,283.5,3.98,-0.93,-2.4,0.48,-13.6,2.2,289.6,17.8,641.8
gam_v2,2021-04-12,2021,Maine,Eastern US,230031100,-68.033006,46.696431,MICMAC HEALTH DEPARTMENT,230031100,0,43,37.4889,5.5111,0,3.4,5.48,0,101,14.7885716,14.9515,15.8993,125.5,282.5,5.59,-3.3,-2.69,-7.69,-4.73,4.4,747.4,63.4,1017.6
gam_v2,2021-04-13,2021,Maine,Eastern US,230031100,-68.033006,46.696431,MICMAC HEALTH DEPARTMENT,230031100,0,42,42.4035,-0.4035,0,5.8,5.48,0,102,14.7885716,14.9515,15.8993,271.1,286.3,4.69,-1.36,-2.9,-5.85,-7.03,3.7,645.6,67,961.6
gam_v2,2021-04-14,2021,Maine,Eastern US,230031100,-68.033006,46.696431,MICMAC HEALTH DEPARTMENT,230031100,0,39,42.9253,-3.9253,0,5.1,5.48,0,103,14.7885716,14.9515,15.8993,287.3,285.9,3.83,-1.62,-1.15,-8.97,-3.31,2.6,415.5,64.5,739.4
gam_v2,2021-04-15,2021,Maine,Eastern US,230031100,-68.033006,46.696431,MICMAC HEALTH DEPARTMENT,230031100,0,45,45.5125,-0.5125,0,5.9,5.48,0,104,14.84902642,14.9046,15.8983,288.7,287.6,4.07,-1.83,1.68,-3.11,6.49,1.7,152.2,79.7,500.8
gam_v2,2021-04-16,2021,Maine,Eastern US,230031100,-68.033006,46.696431,MICMAC HEALTH DEPARTMENT,230031100,0,39,39.5128,-0.5128,0,5.1,5.48,0,105,14.93360964,14.8674,15.9338,151.3,281.8,3.71,-3.47,-0.53,-7.03,7.58,3.1,382.4,95.3,661.7
gam_v2,2021-04-17,2021,Maine,Eastern US,230031100,-68.033006,46.696431,MICMAC HEALTH DEPARTMENT,230031100,0,37,38.6004,-1.6004,0,3.1,5.48,0,106,14.89946445,14.8743,15.9629,144.1,279.7,3.7,-3.43,-2.49,-19.32,1.58,3.4,563.2,83.9,704.5
gam_v2,2021-04-18,2021,Maine,Eastern US,230031100,-68.033006,46.696431,MICMAC HEALTH DEPARTMENT,230031100,0,37,36.8798,0.1202,0,3.4,5.48,0,107,14.89946445,14.8743,15.9629,160.6,281.1,3.95,-0.11,-2.87,-6.4,-5.55,3.8,394.4,61.6,744.1
gam_v2,2021-04-19,2021,Maine,Eastern US,230031100,-68.033006,46.696431,MICMAC HEALTH DEPARTMENT,230031100,0,39,43.0427,-4.0427,0,5.8,5.48,0,108,14.85516726,14.8482,16.045,255.1,287.4,4.69,2.11,-1.63,4.92,0.06,3,241.1,319,662.9
gam_v2,2021-04-20,2021,Maine,Eastern US,230031100,-68.033006,46.696431,MICMAC HEALTH DEPARTMENT,230031100,0,39,42.1885,-3.1885,0,6,5.48,0,109,14.85516726,14.8482,16.045,183.1,287.1,5.39,0.75,1.3,14.37,4.02,4.5,129.4,241.5,607.6
gam_v2,2021-04-21,2021,Maine,Eastern US,230031100,-68.033006,46.696431,MICMAC HEALTH DEPARTMENT,230031100,0,31,35.6067,-4.6067,0,2.6,5.48,0,110,14.79884313,14.7857,16.1275,88.7,278.4,4.08,1.34,0.75,33.07,14.44,2.9,422.7,255.4,623.7
gam_v2,2021-04-22,2021,Maine,Eastern US,230031100,-68.033006,46.696431,MICMAC HEALTH DEPARTMENT,230031100,0,37,36.1828,0.8172,0,2.1,5.48,0,111,14.92855337,14.8419,16.1599,130.5,274.8,3.5,4.1,-2.98,0.37,13.75,2,471,323.7,1035.5
gam_v2,2021-04-23,2021,Maine,Eastern US,230031100,-68.033006,46.696431,MICMAC HEALTH DEPARTMENT,230031100,0,41,40.0512,0.9488,0,4.2,5.48,0,112,15.00467692,14.8473,16.0747,165.5,278.6,3.39,6.34,-0.19,11.39,-13.71,1.9,680,298.6,1425.8
gam_v2,2021-04-24,2021,Maine,Eastern US,230031100,-68.033006,46.696431,MICMAC HEALTH DEPARTMENT,230031100,0,48,44.0032,3.9968,0,6.9,5.48,0,113,15.06965008,14.8473,16.0747,305.4,286,4.33,3.6,-1.42,22.61,-14.18,2.3,648.5,308.2,1098.3
gam_v2,2021-04-25,2021,Maine,Eastern US,230031100,-68.033006,46.696431,MICMAC HEALTH DEPARTMENT,230031100,0,51,41.1843,9.8157,0,8.3,5.48,0,114,15.06965008,14.8473,16.0747,146.1,288,5.86,0,1.18,14.34,3.17,4.2,125.6,232.1,574.6
gam_v2,2021-04-26,2021,Maine,Eastern US,230031100,-68.033006,46.696431,MICMAC HEALTH DEPARTMENT,230031100,0,30,32.939,-2.939,0,4.1,5.48,0,115,15.06965008,14.8493,16.0747,83.1,282,5.41,2.12,-1.62,-0.73,3.62,3.8,362.8,300.5,605
gam_v2,2021-04-27,2021,Maine,Eastern US,230031100,-68.033006,46.696431,MICMAC HEALTH DEPARTMENT,230031100,0,35,39.9155,-4.9155,0,4.1,5.48,0,116,15.04510393,14.8574,16.2182,204.4,285.2,4.82,4.77,-3.63,9.9,-18.38,3.6,552,13.9,1223.3
gam_v2,2021-04-28,2021,Maine,Eastern US,230031100,-68.033006,46.696431,MICMAC HEALTH DEPARTMENT,230031100,0,47,41.2353,5.7647,0,4.6,5.48,0,117,15.04510393,14.8574,16.2182,294.5,289.9,5.44,2.1,-1.7,18.42,-14.78,3.6,357.9,316.4,765.7
gam_v2,2021-04-29,2021,Maine,Eastern US,230031100,-68.033006,46.696431,MICMAC HEALTH DEPARTMENT,230031100,0,40,40.7641,-0.7641,0,4,5.48,0,118,15.04510393,14.8574,16.2182,286.6,290.1,5.16,-0.7,-1.46,10.78,-5.03,3.4,189,340,609.8
gam_v2,2021-04-30,2021,Maine,Eastern US,230031100,-68.033006,46.696431,MICMAC HEALTH DEPARTMENT,230031100,0,30,31.0734,-1.0734,0,2.9,5.48,0,119,15.04510393,14.8574,16.2182,74.4,282,5.74,-2.57,-1.07,3.74,1.03,4.2,454.2,94.1,472.1
gam_v2,2021-05-01,2021,Maine,Eastern US,230031100,-68.033006,46.696431,MICMAC HEALTH DEPARTMENT,230031100,0,40,38.7692,1.2308,0,3.9,5.57,0,120,15.03790582,14.8574,16.2182,257.6,282.5,4.42,3.7,-3.32,9.9,-15.17,2.4,636.7,312.3,1100
gam_v2,2021-05-02,2021,Maine,Eastern US,230031100,-68.033006,46.696431,MICMAC HEALTH DEPARTMENT,230031100,0,42,38.6378,3.3622,0,4.7,5.57,0,121,15.12062823,14.8574,15.975,211.2,284.7,4.14,3.48,0.47,28.01,-7.81,4.2,545.8,252.1,1353.1
gam_v2,2021-05-03,2021,Maine,Eastern US,230031100,-68.033006,46.696431,MICMAC HEALTH DEPARTMENT,230031100,0,40,44.7866,-4.7866,0,4.4,5.57,0,122,15.12062823,14.8574,15.975,314.3,285.6,3.4,3.54,-1.49,34.53,-17.26,1.6,546.2,305.9,1134.9
gam_v2,2021-05-04,2021,Maine,Eastern US,230031100,-68.033006,46.696431,MICMAC HEALTH DEPARTMENT,230031100,0,37,42.343,-5.343,0,4.6,5.57,0,123,15.12062823,14.8574,15.975,288.9,289.7,4.28,0.23,-1.31,22.17,-4.72,2.3,269.7,322.9,589.6
gam_v2,2021-05-05,2021,Maine,Eastern US,230031100,-68.033006,46.696431,MICMAC HEALTH DEPARTMENT,230031100,0,29,30.6508,-1.6508,0,3.8,5.57,0,124,15.12062823,14.8574,15.8141,78.3,281.8,5.26,-2.65,1.24,12.9,5.75,3.5,373,117.1,395.2
gam_v2,2021-05-06,2021,Maine,Eastern US,230031100,-68.033006,46.696431,MICMAC HEALTH DEPARTMENT,230031100,0,23,31.0539,-8.0539,0,3.2,5.57,0,125,15.12062823,14.9841,15.8141,150.9,281.9,4.64,0.05,-1.61,8.97,7.36,4.2,159.8,88.5,524.6
gam_v2,2021-05-07,2021,Maine,Eastern US,230031100,-68.033006,46.696431,MICMAC HEALTH DEPARTMENT,230031100,0,33,34.399,-1.399,0,3.6,5.57,0,126,14.96185151,14.7214,15.0325,288.6,285.4,4.27,1.67,-1.36,19.24,7.91,3.3,296.6,321.5,966.6
gam_v2,2021-05-08,2021,Maine,Eastern US,230031100,-68.033006,46.696431,MICMAC HEALTH DEPARTMENT,230031100,0,28,30.2869,-2.2869,0,3.2,5.57,0,127,15.19741594,14.8241,15.0752,178.5,282.6,4.33,-1.83,-2.08,-1.52,1.49,3.7,238,57.9,601.7
gam_v2,2021-05-09,2021,Maine,Eastern US,230031100,-68.033006,46.696431,MICMAC HEALTH DEPARTMENT,230031100,0,35,38.2207,-3.2207,0,3.6,5.57,0,128,15.19741594,14.8845,15.0752,251.8,285.7,4.94,2.69,-2.97,3.59,-10.99,4.1,376.5,357.6,1009.7
gam_v2,2021-05-10,2021,Maine,Eastern US,230031100,-68.033006,46.696431,MICMAC HEALTH DEPARTMENT,230031100,0,33,39.762,-6.762,0,4.3,5.57,0,129,15.13441609,14.9305,15.5164,217,287.9,5.44,0.72,-0.61,16.77,-0.71,3.6,90.2,318.6,776.5
gam_v2,2021-05-11,2021,Maine,Eastern US,230031100,-68.033006,46.696431,MICMAC HEALTH DEPARTMENT,230031100,0,32,35.9915,-3.9915,0,4.4,5.57,0,130,15.10820193,14.9351,15.45,149.7,287.3,5.72,-1.4,-0.48,8.17,4.4,4.9,64.3,268.6,470.6
gam_v2,2021-05-12,2021,Maine,Eastern US,230031100,-68.033006,46.696431,MICMAC HEALTH DEPARTMENT,230031100,0,36,34.8125,1.1875,0,3.4,5.57,0,131,15.13269253,14.9447,15.6192,228.4,283.5,5.09,0.1,-2.85,1.39,-8.3,4.1,271.2,18,676.8
gam_v2,2021-05-13,2021,Maine,Eastern US,230031100,-68.033006,46.696431,MICMAC HEALTH DEPARTMENT,230031100,0,45,40.0267,4.9733,0,4.4,5.57,0,132,15.13618922,14.9433,15.7152,274.1,288.2,5.12,2.47,-1.39,9.03,-12.73,3.1,412.4,309.4,961
gam_v2,2021-05-14,2021,Maine,Eastern US,230031100,-68.033006,46.696431,MICMAC HEALTH DEPARTMENT,230031100,0,49,42.5229,6.4771,0,5.1,5.57,0,133,15.13618922,14.9433,15.7152,340.8,288.8,4.98,1.44,-2.35,12.5,-15.15,2.4,360.4,331.9,1024.4
gam_v2,2021-05-16,2021,Maine,Eastern US,230031100,-68.033006,46.696431,MICMAC HEALTH DEPARTMENT,230031100,0,42,34.9857,7.0143,0,5.8,5.57,0,135,15.13618922,14.9433,15.7152,183.3,290.5,7.61,-0.13,0.17,7.37,-3.69,5.4,104.4,316.6,588.1
gam_v2,2021-05-17,2021,Maine,Eastern US,230031100,-68.033006,46.696431,MICMAC HEALTH DEPARTMENT,230031100,0,41,39.29,1.71,0,4.6,5.57,0,136,15.13618922,14.9228,15.7581,229.9,292.6,7.27,-0.43,0.96,6.99,-6.68,5.1,72.8,244.2,558.2
gam_v2,2021-05-18,2021,Maine,Eastern US,230031100,-68.033006,46.696431,MICMAC HEALTH DEPARTMENT,230031100,0,45,35.4571,9.5429,0,4.9,5.57,0,137,15.20213467,15.006,15.722,259.2,291,7.15,2.04,-0.49,11.45,-8.41,5.8,514.6,303.2,1223.5
gam_v2,2021-05-19,2021,Maine,Eastern US,230031100,-68.033006,46.696431,MICMAC HEALTH DEPARTMENT,230031100,0,39,41.0166,-2.0166,1,5.4,5.57,0,138,15.17441565,15.0187,15.7144,323.9,292.7,5.94,-0.22,-2.18,0.6,-25.14,3.7,290.9,15.7,788.4
gam_v2,2021-05-22,2021,Maine,Eastern US,230031100,-68.033006,46.696431,MICMAC HEALTH DEPARTMENT,230031100,0,32,38.5234,-6.5234,0,6.3,5.57,0,141,15.08818294,15.0259,15.8135,198,298.4,13.38,2.32,2.1,15.07,-8.64,9.6,533,271.5,621.9
gam_v2,2021-05-23,2021,Maine,Eastern US,230031100,-68.033006,46.696431,MICMAC HEALTH DEPARTMENT,230031100,0,38,37.4823,0.5177,0,2.5,5.57,0,142,15.04095396,14.9969,15.849,258.6,292,9.19,1.59,-3.03,25.62,-9.57,4.5,571,351.5,911
gam_v2,2021-05-24,2021,Maine,Eastern US,230031100,-68.033006,46.696431,MICMAC HEALTH DEPARTMENT,230031100,0,39,40.3281,-1.3281,0,3.4,5.57,0,143,15.04095396,14.9937,15.849,358.2,289,4.64,1.3,-1.17,18.94,-21.97,2.2,268.8,340.8,1076.3
gam_v2,2021-05-25,2021,Maine,Eastern US,230031100,-68.033006,46.696431,MICMAC HEALTH DEPARTMENT,230031100,0,39,41.7145,-2.7145,0,6.1,5.57,0,144,15.04998444,14.9517,15.8121,266.1,294.3,7.54,2.72,3,21.66,-12.92,5.4,443.6,250.1,798.6
gam_v2,2021-05-26,2021,Maine,Eastern US,230031100,-68.033006,46.696431,MICMAC HEALTH DEPARTMENT,230031100,0,49,41.4369,7.5631,0,9,5.57,0,145,15.02371425,14.9366,15.8568,264.7,300,13.5,2.74,2.82,24.3,0.97,10.8,669.8,253.9,979.4
gam_v2,2021-05-27,2021,Maine,Eastern US,230031100,-68.033006,46.696431,MICMAC HEALTH DEPARTMENT,230031100,0,39,39.4282,-0.4282,0,3.2,5.57,0,146,15.01278443,14.9303,15.8112,355.9,293.8,7.2,3.75,-2.19,36.55,9.69,2.5,672,297.9,1435.6
gam_v2,2021-05-28,2021,Maine,Eastern US,230031100,-68.033006,46.696431,MICMAC HEALTH DEPARTMENT,230031100,0,36,34.4112,1.5888,0,3.8,5.57,0,147,14.97927815,14.9297,15.7393,363.8,284.3,3.23,2.83,-2.18,39.62,-3.69,1.9,498.6,299.8,1471.7
gam_v2,2021-05-29,2021,Maine,Eastern US,230031100,-68.033006,46.696431,MICMAC HEALTH DEPARTMENT,230031100,0,36,34.1433,1.8567,0,4.5,5.57,0,148,14.97927815,14.9297,15.7393,303.9,287,3.73,-0.21,-1.35,20.81,1.82,2.2,229.4,342.1,852.5
gam_v2,2021-05-30,2021,Maine,Eastern US,230031100,-68.033006,46.696431,MICMAC HEALTH DEPARTMENT,230031100,0,35,32.4445,2.5555,0,3.9,5.57,0,149,14.97927815,14.9422,15.7393,274.8,288.2,4.52,-2.02,0.88,11.21,7.5,2.7,208.9,77.8,797.3
gam_v2,2021-05-31,2021,Maine,Eastern US,230031100,-68.033006,46.696431,MICMAC HEALTH DEPARTMENT,230031100,0,20,22.1612,-2.1612,0,2.1,5.57,0,150,15.01719784,14.9591,15.7074,72.1,283.9,6.48,-0.88,-1.05,9.33,17.05,6.6,193.3,111.7,651
gam_v2,2021-06-01,2021,Maine,Eastern US,230031100,-68.033006,46.696431,MICMAC HEALTH DEPARTMENT,230031100,0,35,32.2196,2.7804,0,5.1,5.67,0,151,15.01719784,14.9847,15.7042,176,291.5,7.23,2.18,-0.17,11.93,1.79,5.3,388.1,286.6,876.3
gam_v2,2021-06-02,2021,Maine,Eastern US,230031100,-68.033006,46.696431,MICMAC HEALTH DEPARTMENT,230031100,0,35,34.5457,0.4543,0,5.6,5.67,0,152,14.87965764,14.9214,15.7722,313.8,294.9,8.71,2.7,0.48,16.95,-5.82,6.2,436.5,279.7,846.1
gam_v2,2021-06-03,2021,Maine,Eastern US,230031100,-68.033006,46.696431,MICMAC HEALTH DEPARTMENT,230031100,0,43,35.226,7.774,0,6.5,5.67,0,153,14.86267124,14.8576,15.889,153.2,292.3,10.11,0.72,2.86,17.07,5.31,9.1,411.2,228.8,355.1
gam_v2,2021-06-04,2021,Maine,Eastern US,230031100,-68.033006,46.696431,MICMAC HEALTH DEPARTMENT,230031100,0,44,39.3032,4.6968,0,5.8,5.67,0,154,14.99707738,14.8972,15.8272,302.2,295.9,10.64,2.45,1.5,20.01,3.35,8.9,461,270.5,895.5
gam_v2,2021-06-05,2021,Maine,Eastern US,230031100,-68.033006,46.696431,MICMAC HEALTH DEPARTMENT,230031100,0,56,42.7117,13.2883,0,8.7,5.67,0,155,14.98674077,14.9053,15.8626,225,297.2,11.9,2.32,2.27,20.66,-0.69,9.4,565.5,250.1,1018.8
gam_v2,2021-06-06,2021,Maine,Eastern US,230031100,-68.033006,46.696431,MICMAC HEALTH DEPARTMENT,230031100,0,27,36.0818,-9.0818,0,5.6,5.67,0,156,15.05538834,14.9005,16.0081,301.3,296.7,10.49,0.77,-0.8,20.38,-8.49,7.1,190.4,334.6,662.7
gam_v2,2021-06-08,2021,Maine,Eastern US,230031100,-68.033006,46.696431,MICMAC HEALTH DEPARTMENT,230031100,0,42,35.0835,6.9165,0,9,5.67,0,158,15.05538834,14.9811,15.9574,268.1,302.6,15.11,2.98,-0.21,21.48,-1.92,13.2,505.4,279.7,1119.4
gam_v2,2021-06-09,2021,Maine,Eastern US,230031100,-68.033006,46.696431,MICMAC HEALTH DEPARTMENT,230031100,0,37,33.2731,3.7269,0,3,5.67,0,159,15.05538834,15.0106,15.9574,340.3,294.1,9.55,1.5,-2.57,31.09,-13.86,4.6,404.7,313.7,860.2
gam_v2,2021-06-10,2021,Maine,Eastern US,230031100,-68.033006,46.696431,MICMAC HEALTH DEPARTMENT,230031100,0,29,30.5685,-1.5685,0,4.4,5.67,0,160,15.10531114,15.0366,15.9771,364.5,288.2,5.32,1.32,-3.02,29.26,-25.3,2.4,541.2,354.4,1348.8
gam_v2,2021-06-11,2021,Maine,Eastern US,230031100,-68.033006,46.696431,MICMAC HEALTH DEPARTMENT,230031100,0,31,33.2932,-2.2932,0,4.2,5.67,0,161,15.12094871,15.029,15.9714,300.1,292.3,5.82,0.59,0.28,22.33,-14.7,4.3,246.5,225.7,732.8
gam_v2,2021-06-12,2021,Maine,Eastern US,230031100,-68.033006,46.696431,MICMAC HEALTH DEPARTMENT,230031100,0,40,33.2015,6.7985,1,3.6,5.67,0,162,15.16659558,15.0242,15.9686,353.5,294.3,7.08,1.91,-0.07,11.07,-12.83,3.6,272,294.4,1095.1
gam_v2,2021-06-13,2021,Maine,Eastern US,230031100,-68.033006,46.696431,MICMAC HEALTH DEPARTMENT,230031100,0,34,30.9873,3.0127,1,4.6,5.67,0,163,15.16659558,15.0242,15.9686,363.3,293.5,7.04,-0.29,-1.89,14.01,-12.71,4.1,179.5,51.1,757.2
gam_v2,2021-06-14,2021,Maine,Eastern US,230031100,-68.033006,46.696431,MICMAC HEALTH DEPARTMENT,230031100,0,40,36.9972,3.0028,0,5.5,5.67,0,164,15.1866787,15.0235,15.9686,219.6,293.6,8.32,-1.44,2.63,10.2,1.38,8.2,379.5,197.4,812
gam_v2,2021-06-15,2021,Maine,Eastern US,230031100,-68.033006,46.696431,MICMAC HEALTH DEPARTMENT,230031100,0,30,30.5352,-0.5352,0,3,5.67,0,165,15.189574,15.0159,16.0052,137.5,292.2,10.19,-0.66,2.89,10.82,11.56,9.9,336.1,168,445.6
gam_v2,2021-06-16,2021,Maine,Eastern US,230031100,-68.033006,46.696431,MICMAC HEALTH DEPARTMENT,230031100,0,30,27.1859,2.8141,0,2.8,5.67,0,166,15.16014523,14.9907,15.9882,311.6,290.8,8.44,2.7,-1.1,11.82,11.49,5.4,389.5,308,1000.7
gam_v2,2021-06-17,2021,Maine,Eastern US,230031100,-68.033006,46.696431,MICMAC HEALTH DEPARTMENT,230031100,0,21,26.5774,-5.5774,0,3.8,5.67,0,167,15.18095489,14.9833,15.9911,233,291.1,7.8,2.91,0.77,13.78,-3.61,6,554.2,294.2,1214.3
gam_v2,2021-06-18,2021,Maine,Eastern US,230031100,-68.033006,46.696431,MICMAC HEALTH DEPARTMENT,230031100,0,38,36.76,1.24,1,5.1,5.67,0,168,15.25431365,14.9978,15.9233,298.2,296.6,9.15,1.57,2.25,10.8,-3.06,5.7,463.7,256.4,741.3
gam_v2,2021-06-19,2021,Maine,Eastern US,230031100,-68.033006,46.696431,MICMAC HEALTH DEPARTMENT,230031100,0,36,36.7331,-0.7331,0,7.1,5.67,0,169,15.25620065,14.9707,15.9233,253.8,296.6,11.47,0.51,3.05,14.83,10.19,10.7,538,242.4,911.3
gam_v2,2021-06-20,2021,Maine,Eastern US,230031100,-68.033006,46.696431,MICMAC HEALTH DEPARTMENT,230031100,0,28,35.9464,-7.9464,0,5.8,5.67,0,170,15.29972453,14.9595,15.9057,315.8,297,10.95,2.25,0.27,12.76,-4.84,8.9,315.3,286.5,918.8
gam_v2,2021-06-21,2021,Maine,Eastern US,230031100,-68.033006,46.696431,MICMAC HEALTH DEPARTMENT,230031100,0,49,38.4596,10.5404,0,8.5,5.67,0,171,15.29317655,14.9988,15.7755,216.8,297.1,12.4,0.19,2.52,16.99,3.79,9.8,271.5,210.1,545.5
gam_v2,2021-06-22,2021,Maine,Eastern US,230031100,-68.033006,46.696431,MICMAC HEALTH DEPARTMENT,230031100,0,22,23.2098,-1.2098,0,2.7,5.67,0,172,15.29317655,14.9461,15.8185,176.6,296.4,13.13,0.7,1.33,15.81,17.71,13.7,308.2,248.7,793.2
gam_v2,2021-06-23,2021,Maine,Eastern US,230031100,-68.033006,46.696431,MICMAC HEALTH DEPARTMENT,230031100,0,25,26.7244,-1.7244,0,3.5,5.67,0,173,15.29317655,14.9461,15.8185,356.9,290.9,6.74,2.87,-1.65,19.34,23.98,4.1,351,303.2,1054.5
gam_v2,2021-06-24,2021,Maine,Eastern US,230031100,-68.033006,46.696431,MICMAC HEALTH DEPARTMENT,230031100,0,31,32.9037,-1.9037,0,4.7,5.67,0,174,15.29317655,14.9461,15.8185,361.3,295,7.76,1.48,2.66,19.18,-1.24,5.4,294.7,235,656.2
gam_v2,2021-06-25,2021,Maine,Eastern US,230031100,-68.033006,46.696431,MICMAC HEALTH DEPARTMENT,230031100,0,30,32.6141,-2.6141,0,4.9,5.67,0,175,15.29317655,14.9461,15.8185,319.5,295.3,8.7,0.28,3.47,15.94,12.15,4.5,364.4,201.2,541.6
gam_v2,2021-06-26,2021,Maine,Eastern US,230031100,-68.033006,46.696431,MICMAC HEALTH DEPARTMENT,230031100,0,21,24.9401,-3.9401,0,5,5.67,0,176,15.31289282,14.9448,15.7926,126.9,294.1,11.44,-0.26,2.71,14.94,5.67,11.5,370.3,222.1,438.4
gam_v2,2021-06-27,2021,Maine,Eastern US,230031100,-68.033006,46.696431,MICMAC HEALTH DEPARTMENT,230031100,0,30,32.5665,-2.5665,0,7.9,5.67,0,177,15.30520409,14.9389,15.744,163.1,299.4,14.82,1.46,3.63,24.37,2.12,12.7,659.8,248.5,876.1
gam_v2,2021-06-28,2021,Maine,Eastern US,230031100,-68.033006,46.696431,MICMAC HEALTH DEPARTMENT,230031100,0,26,33.3951,-7.3951,0,4.1,5.67,0,178,15.30520409,14.9017,15.6777,319.9,299.2,14.9,2,-0.31,24.86,-0.45,11.3,224.7,328,529.2
gam_v2,2021-06-29,2021,Maine,Eastern US,230031100,-68.033006,46.696431,MICMAC HEALTH DEPARTMENT,230031100,0,24,29.0385,-5.0385,0,6,5.67,0,179,15.32042745,14.9017,15.8658,265.1,300.8,14,1.73,0,24.48,-1.39,13.5,284.7,272.3,752.3
gam_v2,2021-06-30,2021,Maine,Eastern US,230031100,-68.033006,46.696431,MICMAC HEALTH DEPARTMENT,230031100,0,25,25.4726,-0.4726,0,4.9,5.67,0,180,15.34413782,14.9252,16.0707,130.1,298.2,15.23,1.33,1.1,20.92,1.7,11.5,143.7,1.8,400.3
gam_v2,2021-07-01,2021,Maine,Eastern US,230031100,-68.033006,46.696431,MICMAC HEALTH DEPARTMENT,230031100,0,17,23.399,-6.399,0,1,6.36,0,181,15.40678936,14.9263,16.0775,159.7,294.2,11.32,0.89,-1.56,20.99,4.48,9.2,275.5,66.5,628.4
gam_v2,2021-07-02,2021,Maine,Eastern US,230031100,-68.033006,46.696431,MICMAC HEALTH DEPARTMENT,230031100,0,18,17.552,0.448,0,3.5,6.36,0,182,15.40678936,14.9154,16.0999,150.6,288.3,7.35,-2.07,-1.15,7.84,-0.17,6.4,437.1,69.2,780.6
gam_v2,2021-07-03,2021,Maine,Eastern US,230031100,-68.033006,46.696431,MICMAC HEALTH DEPARTMENT,230031100,0,18,20.3536,-2.3536,0,3,6.36,0,183,15.35121627,14.9135,16.1089,292.4,291.5,6.93,-1.9,-0.47,4.53,3.32,6.2,296.4,79.5,652.7
gam_v2,2021-07-04,2021,Maine,Eastern US,230031100,-68.033006,46.696431,MICMAC HEALTH DEPARTMENT,230031100,0,22,21.1981,0.8019,1,4.6,6.36,0,184,15.27179542,14.8823,16.1089,191.9,290.6,7.62,-1.47,-1.7,-4.27,-2.82,5.6,540.1,76.3,896.7
gam_v2,2021-07-05,2021,Maine,Eastern US,230031100,-68.033006,46.696431,MICMAC HEALTH DEPARTMENT,230031100,0,24,26.0297,-2.0297,0,4.1,6.36,0,185,15.20958197,14.8534,16.1089,346.9,296.5,8.92,2.44,-0.33,1.13,-13.13,6.1,261.7,294.6,654.8
gam_v2,2021-07-07,2021,Maine,Eastern US,230031100,-68.033006,46.696431,MICMAC HEALTH DEPARTMENT,230031100,0,21,26.3709,-5.3709,0,2.5,6.36,0,187,15.23214947,14.7515,16.1902,325.9,294.7,9.61,3.03,-1.38,26.4,0.56,5,576.2,300.6,1311.5
gam_v2,2021-07-08,2021,Maine,Eastern US,230031100,-68.033006,46.696431,MICMAC HEALTH DEPARTMENT,230031100,0,24,22.3118,1.6882,1,4.6,6.36,0,188,15.23214947,14.7834,16.1356,273.6,292.6,7.62,0.03,-0.33,22.92,1.77,5.1,188.4,355.5,585.2
gam_v2,2021-07-09,2021,Maine,Eastern US,230031100,-68.033006,46.696431,MICMAC HEALTH DEPARTMENT,230031100,0,18,24.0968,-6.0968,1,2.9,6.36,0,189,15.23214947,14.7834,16.1356,172,295.7,11.36,-0.07,2.25,15.26,13.17,11.9,501.5,241.4,748
gam_v2,2021-07-10,2021,Maine,Eastern US,230031100,-68.033006,46.696431,MICMAC HEALTH DEPARTMENT,230031100,0,24,25.2486,-1.2486,1,5.8,6.36,0,190,15.23214947,14.7921,16.1057,341.8,296.4,9.29,0.86,-2.4,10.08,3.07,6,341,354,625.1
gam_v2,2021-07-13,2021,Maine,Eastern US,230031100,-68.033006,46.696431,MICMAC HEALTH DEPARTMENT,230031100,0,24,26.5301,-2.5301,1,5.9,6.36,0,193,15.17690497,14.8097,16.123,228.8,295.8,9.99,-0.46,1.67,7.78,-2.2,7.9,184.5,210.4,509.1
gam_v2,2021-07-14,2021,Maine,Eastern US,230031100,-68.033006,46.696431,MICMAC HEALTH DEPARTMENT,230031100,0,18,25.1759,-7.1759,0,4.5,6.36,0,194,15.13193667,14.8097,16.0891,215.5,296.7,11.88,-0.5,4.01,12.94,7.12,11.7,526.9,169.4,417.6
gam_v2,2021-07-15,2021,Maine,Eastern US,230031100,-68.033006,46.696431,MICMAC HEALTH DEPARTMENT,230031100,0,22,29.6467,-7.6467,1,5.9,6.36,0,195,14.99854171,14.7544,15.856,304.4,300.1,13.67,0.62,2.17,13.65,4.82,12.5,265.4,270.6,539.2
gam_v2,2021-07-16,2021,Maine,Eastern US,230031100,-68.033006,46.696431,MICMAC HEALTH DEPARTMENT,230031100,0,32,28.9454,3.0546,1,5,6.36,0,196,15.08386128,14.7498,15.8815,254,298.6,13.69,1.16,1.72,19.25,8.62,14.3,532.4,240,897.2
gam_v2,2021-07-18,2021,Maine,Eastern US,230031100,-68.033006,46.696431,MICMAC HEALTH DEPARTMENT,230031100,0,23,25.916,-2.916,0,10.4,6.36,0,198,15.08386128,14.8745,15.8541,163,301,11.91,0.08,-0.18,8.28,0.05,9.5,22.6,36.3,422.2
gam_v2,2021-07-19,2021,Maine,Eastern US,230031100,-68.033006,46.696431,MICMAC HEALTH DEPARTMENT,230031100,0,28,26.3548,1.6452,0,8.7,6.36,0,199,15.11619599,14.9397,15.8314,228.9,300.7,12.35,-0.08,0.43,7.42,5.68,9.9,121.4,84.1,413
gam_v2,2021-07-21,2021,Maine,Eastern US,230031100,-68.033006,46.696431,MICMAC HEALTH DEPARTMENT,230031100,0,18,17.4711,0.5289,1,5.3,6.36,0,201,14.9833815,14.9628,15.8427,117.2,290.4,10.31,-1.68,-1.66,9.99,8.61,8,373.2,66.6,477.6
gam_v2,2021-07-22,2021,Maine,Eastern US,230031100,-68.033006,46.696431,MICMAC HEALTH DEPARTMENT,230031100,0,23,22.1063,0.8937,1,4.2,6.36,0,202,14.9833815,14.9628,15.8427,278.7,293.8,9.51,0.78,-1.7,6.45,-1.19,7.3,168.5,339.3,632.3
gam_v2,2021-07-23,2021,Maine,Eastern US,230031100,-68.033006,46.696431,MICMAC HEALTH DEPARTMENT,230031100,0,24,21.7147,2.2853,1,3.6,6.36,0,203,14.9833815,14.969,15.885,257.8,294.4,9.73,0.62,-1.76,1.68,-5.69,6.8,247,339.9,611.9
gam_v2,2021-07-24,2021,Maine,Eastern US,230031100,-68.033006,46.696431,MICMAC HEALTH DEPARTMENT,230031100,0,24,25.1161,-1.1161,1,5.2,6.36,0,204,14.9833815,14.8928,15.9162,306.8,299.2,10.34,1.15,0.18,-2.05,-7.66,7.5,179.3,294.1,561.4
gam_v2,2021-07-25,2021,Maine,Eastern US,230031100,-68.033006,46.696431,MICMAC HEALTH DEPARTMENT,230031100,0,32,24.9582,7.0418,0,6.1,6.36,0,205,15.02655642,14.9032,15.869,175.9,293.5,10.82,-0.29,3.54,5.8,4.96,9.6,427.3,200.6,454.8
gam_v2,2021-07-28,2021,Maine,Eastern US,230031100,-68.033006,46.696431,MICMAC HEALTH DEPARTMENT,230031100,0,27,23.6629,3.3371,0,3,6.36,0,208,15.0436447,14.8089,15.9061,307.1,291.7,7.74,1.78,-1.93,17.83,-0.9,5.2,369.2,323.3,896.3
gam_v2,2021-07-29,2021,Maine,Eastern US,230031100,-68.033006,46.696431,MICMAC HEALTH DEPARTMENT,230031100,0,27,24.4874,2.5126,1,3.5,6.36,0,209,15.0436447,14.8089,15.9061,263.5,294.6,8.34,1.85,1.27,15.16,-4.38,7.3,345.2,258.4,727
gam_v2,2021-07-30,2021,Maine,Eastern US,230031100,-68.033006,46.696431,MICMAC HEALTH DEPARTMENT,230031100,0,20,18.8063,1.1937,0,3.4,6.36,0,210,15.05530414,14.8213,15.904,181.8,292,9.81,0.98,1.37,10.15,6.79,9.5,236.3,272.7,478.1
gam_v2,2021-07-31,2021,Maine,Eastern US,230031100,-68.033006,46.696431,MICMAC HEALTH DEPARTMENT,230031100,0,21,21.4076,-0.4076,0,3.4,6.36,0,211,14.92740382,14.8213,15.904,272.4,292.1,8.2,3.6,-0.83,8.96,-3.71,6.7,482,303.2,1048.3
gam_v2,2021-08-01,2021,Maine,Eastern US,230031100,-68.033006,46.696431,MICMAC HEALTH DEPARTMENT,230031100,0,28,23.6312,4.3688,0,4.3,5.99,0,212,14.95112515,14.7063,15.896,274.8,294.2,8.93,2.33,0.89,15,-0.24,6.4,333.4,280.4,679.3
gam_v2,2021-08-02,2021,Maine,Eastern US,230031100,-68.033006,46.696431,MICMAC HEALTH DEPARTMENT,230031100,0,23,20.6148,2.3852,0,5,5.99,0,213,14.95112515,14.7665,15.896,129.2,293.6,9.83,1.27,0.49,10.49,6.94,8.3,131.5,222.7,380.1
gam_v2,2021-08-11,2021,Maine,Eastern US,230031100,-68.033006,46.696431,MICMAC HEALTH DEPARTMENT,230031100,0,26,29.9507,-3.9507,1,4.5,5.99,0,222,14.98886166,15.015,15.7969,256.1,299.2,13.84,-0.53,2.61,3.17,4.41,12.5,276.6,202.8,483.4
gam_v2,2021-08-15,2021,Maine,Eastern US,230031100,-68.033006,46.696431,MICMAC HEALTH DEPARTMENT,230031100,0,26,23.0933,2.9067,1,4.1,5.99,0,226,15.03000081,15.0358,15.9289,300.9,293.4,10.04,2.6,-1.47,22.1,3.12,5.9,434.7,304.5,829.2
gam_v2,2021-08-17,2021,Maine,Eastern US,230031100,-68.033006,46.696431,MICMAC HEALTH DEPARTMENT,230031100,0,27,26.2285,0.7715,0,9.5,5.99,0,228,15.14067482,15.0684,15.9593,283.6,300.2,11.62,1.79,1.3,7.05,-1.03,9.3,295.6,275.8,482.6
gam_v2,2021-08-18,2021,Maine,Eastern US,230031100,-68.033006,46.696431,MICMAC HEALTH DEPARTMENT,230031100,0,25,27.9553,-2.9553,0,7.6,5.99,0,229,15.17231727,15.0433,16.0113,193,299,13.65,1.36,1.21,9.2,2.26,11,192.6,232.3,329.3
gam_v2,2021-08-19,2021,Maine,Eastern US,230031100,-68.033006,46.696431,MICMAC HEALTH DEPARTMENT,230031100,0,27,29.7846,-2.7846,0,6.9,5.99,0,230,15.14949331,15.0433,16.0113,263.4,302.1,14.92,1.73,0.34,3.35,-2.64,11.5,210.7,293.7,575.4
gam_v2,2021-08-22,2021,Maine,Eastern US,230031100,-68.033006,46.696431,MICMAC HEALTH DEPARTMENT,230031100,0,25,25.5452,-0.5452,0,10.2,5.99,0,233,15.11191378,14.9918,15.9373,253.6,298.4,12.54,-0.87,2.07,6.06,0.62,11.4,207.4,128.5,438.5
gam_v2,2021-08-23,2021,Maine,Eastern US,230031100,-68.033006,46.696431,MICMAC HEALTH DEPARTMENT,230031100,0,16,24.8195,-8.8195,0,6,5.99,0,234,15.14236907,14.9918,15.9373,153.2,297.5,12.94,-0.92,1.74,4.98,4.01,14.2,361.2,155.7,381.1
gam_v2,2021-08-24,2021,Maine,Eastern US,230031100,-68.033006,46.696431,MICMAC HEALTH DEPARTMENT,230031100,0,20,28.9404,-8.9404,1,5.2,5.99,0,235,15.13818861,15.021,16.0207,182.7,299.8,15.17,1.22,0.5,6.12,-0.6,13.1,231.7,273.9,513.7
gam_v2,2021-08-27,2021,Maine,Eastern US,230031100,-68.033006,46.696431,MICMAC HEALTH DEPARTMENT,230031100,0,30,26.7501,3.2499,1,3.1,5.99,0,238,15.15341214,15.0839,16.0658,219.9,296.1,10.29,2.15,-2.09,27.83,-5.97,6.4,500.7,312.6,1036.4
gam_v2,2021-08-28,2021,Maine,Eastern US,230031100,-68.033006,46.696431,MICMAC HEALTH DEPARTMENT,230031100,0,29,25.6583,3.3417,0,3.4,5.99,0,239,15.15130243,15.0119,16.0175,189.7,292.3,7.43,0.19,-1.53,8.17,-11.72,4.1,268,20.5,484
gam_v2,2021-08-29,2021,Maine,Eastern US,230031100,-68.033006,46.696431,MICMAC HEALTH DEPARTMENT,230031100,0,28,25.809,2.191,1,3.1,5.99,0,240,15.12951461,14.9444,15.9989,189.6,292.8,8.26,0.53,1.6,13.86,-9.65,6.6,328.9,220.6,567.4
gam_v2,2021-08-30,2021,Maine,Eastern US,230031100,-68.033006,46.696431,MICMAC HEALTH DEPARTMENT,230031100,0,18,20.6206,-2.6206,0,3.5,5.99,0,241,15.13225777,14.8701,15.9127,106.8,295,11.75,-0.05,2.88,17.41,1.39,13.2,400,248.4,478.1
gam_v2,2021-09-01,2021,Maine,Eastern US,230031100,-68.033006,46.696431,MICMAC HEALTH DEPARTMENT,230031100,0,21,20.592,0.408,0,3.6,4.59,0,243,14.93140423,15.0025,15.9318,191.6,292,9.23,2.18,-0.4,20.1,2.49,7.1,336.3,287.1,914.2
gam_v2,2021-09-02,2021,Maine,Eastern US,230031100,-68.033006,46.696431,MICMAC HEALTH DEPARTMENT,230031100,0,16,15.0947,0.9053,0,3.1,4.59,0,244,14.93140423,15.0025,15.9318,125.9,289.5,8.43,-0.7,-2.03,9.55,9.81,7.5,192.4,86.9,318.7
gam_v2,2021-09-03,2021,Maine,Eastern US,230031100,-68.033006,46.696431,MICMAC HEALTH DEPARTMENT,230031100,0,27,20.6851,6.3149,0,2.6,4.59,0,245,14.92935835,15.0025,15.9318,162.8,289,8.08,1.6,-3.66,1.78,-4.2,6.2,512.6,26.1,865.6
gam_v2,2021-09-04,2021,Maine,Eastern US,230031100,-68.033006,46.696431,MICMAC HEALTH DEPARTMENT,230031100,0,26,24.1623,1.8377,0,3.3,4.59,0,246,14.90628078,14.983,15.9641,234.3,290.4,6.68,1.41,-2.9,3.83,-20.62,5.4,488.3,33.2,1192.7
gam_v2,2021-09-05,2021,Maine,Eastern US,230031100,-68.033006,46.696431,MICMAC HEALTH DEPARTMENT,230031100,0,22,19.8072,2.1928,1,3.2,4.59,0,247,14.94478692,15.0112,16.0118,162.5,289.9,6.94,-1.25,1.13,12.95,-1.29,5.9,25.8,107.3,343.5
gam_v2,2021-09-06,2021,Maine,Eastern US,230031100,-68.033006,46.696431,MICMAC HEALTH DEPARTMENT,230031100,0,32,27.5281,4.4719,0,3.7,4.59,0,248,14.94954429,15.0112,16.0118,214.2,295.7,10.07,-0.11,2.13,15.31,12.08,9.2,338.1,258.5,730
gam_v2,2021-09-07,2021,Maine,Eastern US,230031100,-68.033006,46.696431,MICMAC HEALTH DEPARTMENT,230031100,0,21,23.6545,-2.6545,0,4,4.59,0,249,14.90281528,14.9579,16.0118,223.8,292.6,10.03,2.87,0.43,15.27,-2.02,6.7,412.2,284.2,747
gam_v2,2021-09-09,2021,Maine,Eastern US,230031100,-68.033006,46.696431,MICMAC HEALTH DEPARTMENT,230031100,0,34,23.9962,10.0038,0,6.2,4.59,0,251,14.84680121,14.9478,15.8443,67.4,292.4,11.59,-0.36,2.73,18.04,20.86,11.3,362.4,184.1,532.6
gam_v2,2021-09-10,2021,Maine,Eastern US,230031100,-68.033006,46.696431,MICMAC HEALTH DEPARTMENT,230031100,0,24,18.6507,5.3493,0,3.6,4.59,0,252,14.84680121,15.0316,15.7998,141.3,291.3,10.21,1.05,-1.2,9,17.88,8.7,287.5,309.2,431.7
gam_v2,2021-09-11,2021,Maine,Eastern US,230031100,-68.033006,46.696431,MICMAC HEALTH DEPARTMENT,230031100,0,31,24.3826,6.6174,1,4.1,4.59,0,253,14.84680121,15.0453,15.7998,235.5,291.6,7.46,2.99,0.09,18.21,-4.31,5,478.6,289,872.8
gam_v2,2021-09-13,2021,Maine,Eastern US,230031100,-68.033006,46.696431,MICMAC HEALTH DEPARTMENT,230031100,0,22,23.038,-1.038,1,3.2,4.59,0,255,14.92849993,15.0812,15.7506,184.4,290.7,7.85,2.51,-0.33,20.15,-4.57,5.8,399.2,289.4,966.3
gam_v2,2021-09-14,2021,Maine,Eastern US,230031100,-68.033006,46.696431,MICMAC HEALTH DEPARTMENT,230031100,0,27,23.0952,3.9048,1,2.6,4.59,0,256,14.94121403,15.0643,15.8628,231.8,288.9,6.29,0.89,-1.55,15.09,-6.74,4.1,386.7,336.8,999.8
gam_v2,2021-09-15,2021,Maine,Eastern US,230031100,-68.033006,46.696431,MICMAC HEALTH DEPARTMENT,230031100,0,19,24.8655,-5.8655,0,2.4,4.59,0,257,14.99418475,15.0869,15.8628,66.9,291.1,8.83,-0.96,3.51,24.04,5.74,8.8,500.5,166.7,579.3
gam_v2,2021-09-16,2021,Maine,Eastern US,230031100,-68.033006,46.696431,MICMAC HEALTH DEPARTMENT,230031100,0,22,21.5438,0.4562,0,3.6,4.59,0,258,14.97320954,15.023,15.728,208.5,292.7,8.74,1.81,-0.26,21.39,1.11,6.1,262.6,293.3,540.5
gam_v2,2021-09-17,2021,Maine,Eastern US,230031100,-68.033006,46.696431,MICMAC HEALTH DEPARTMENT,230031100,0,26,26.9644,-0.9644,0,3,4.59,0,259,14.97320954,15.023,15.728,225.7,293.9,7.9,0.67,2.54,12.18,2.6,6.9,220.2,199,387.6
gam_v2,2021-09-18,2021,Maine,Eastern US,230031100,-68.033006,46.696431,MICMAC HEALTH DEPARTMENT,230031100,0,30,25.825,4.175,1,4.3,4.59,0,260,15.02914237,15.023,15.728,162.8,295.7,10.7,1.53,1.2,15.29,6.24,11.6,470.5,252.2,652.8
gam_v2,2021-09-19,2021,Maine,Eastern US,230031100,-68.033006,46.696431,MICMAC HEALTH DEPARTMENT,230031100,0,25,22.5521,2.4479,1,3.2,4.59,0,261,15.06999543,15.0389,15.728,226.9,290.2,6.78,0.28,-2.66,11.04,-9.81,5,327.9,1,609.3
gam_v2,2021-09-20,2021,Maine,Eastern US,230031100,-68.033006,46.696431,MICMAC HEALTH DEPARTMENT,230031100,0,22,21.791,0.209,1,3.7,4.59,0,262,15.08701415,15.0389,15.6729,216,292.5,6.54,0.41,0.59,10.16,-11.86,4.8,67.7,297.5,374.7
gam_v2,2021-09-21,2021,Maine,Eastern US,230031100,-68.033006,46.696431,MICMAC HEALTH DEPARTMENT,230031100,0,32,27.8951,4.1049,1,3.5,4.59,0,263,15.10602241,15.0389,15.6209,210.6,294.1,8.01,0.39,3.03,7.22,3.21,5.6,407.8,214.8,513.9
gam_v2,2021-09-22,2021,Maine,Eastern US,230031100,-68.033006,46.696431,MICMAC HEALTH DEPARTMENT,230031100,0,28,28.2747,-0.2747,1,3.8,4.59,0,264,15.19164548,15.081,15.7925,172.5,295.6,10.23,0.4,2.99,13.95,10.28,11.2,461,221.5,463.9
gam_v2,2021-09-24,2021,Maine,Eastern US,230031100,-68.033006,46.696431,MICMAC HEALTH DEPARTMENT,230031100,0,34,29.4839,4.5161,1,4.5,4.59,0,266,15.27960349,15.1068,15.7925,146.9,295.9,11.45,-1.9,3.16,7.97,15.36,12.1,491.4,156.8,469.2
gam_v2,2021-09-25,2021,Maine,Eastern US,230031100,-68.033006,46.696431,MICMAC HEALTH DEPARTMENT,230031100,0,27,23.3324,3.6676,0,4.3,4.59,0,267,15.27960349,15.0234,15.8277,174.1,293.4,10.63,0.14,1.78,11.15,14.3,7.1,198.3,262.7,351.3
gam_v2,2021-09-26,2021,Maine,Eastern US,230031100,-68.033006,46.696431,MICMAC HEALTH DEPARTMENT,230031100,0,27,22.2267,4.7733,0,3.3,4.59,0,268,15.27960349,14.9879,15.8277,52.5,292,11.34,-0.27,1.33,2.22,18.16,12.7,191.4,134.8,601.1
gam_v2,2021-09-27,2021,Maine,Eastern US,230031100,-68.033006,46.696431,MICMAC HEALTH DEPARTMENT,230031100,0,22,22.5568,-0.5568,0,3.8,4.59,0,269,15.23874458,14.8945,15.8527,180.5,289.9,7.72,2.28,1.7,24.84,5.36,5.7,494.1,270.8,757
gam_v2,2021-09-28,2021,Maine,Eastern US,230031100,-68.033006,46.696431,MICMAC HEALTH DEPARTMENT,230031100,0,17,19.909,-2.909,0,3.4,4.59,0,270,15.16555412,14.8585,15.8744,185.8,288.5,6.92,1.65,-0.26,29.48,5.33,5.2,187.6,286.2,561.2
gam_v2,2021-09-29,2021,Maine,Eastern US,230031100,-68.033006,46.696431,MICMAC HEALTH DEPARTMENT,230031100,0,20,18.2155,1.7845,0,3.5,4.59,0,271,15.2339846,14.9782,15.8237,169.1,287.9,5.86,-0.52,-1.82,10.95,7.66,4.7,148,34.1,436.8
gam_v2,2021-09-30,2021,Maine,Eastern US,230031100,-68.033006,46.696431,MICMAC HEALTH DEPARTMENT,230031100,0,12,18.7997,-6.7997,0,3.3,4.59,0,272,15.2339846,14.9213,15.8677,99.6,286.3,6.52,0.27,-2.53,-5.17,3.14,6,509.3,48.4,781.8
gam_v2,2021-10-01,2021,Maine,Eastern US,230031100,-68.033006,46.696431,MICMAC HEALTH DEPARTMENT,230031100,0,19,19.0084,-0.0084,0,2.4,5.12,0,273,15.24563512,14.9335,15.9851,113.1,283.3,5.6,1.49,-1.24,3.15,-7.75,4.4,312.5,338.2,756.8
gam_v2,2021-10-02,2021,Maine,Eastern US,230031100,-68.033006,46.696431,MICMAC HEALTH DEPARTMENT,230031100,0,17,18.576,-1.576,0,2.8,5.12,0,274,15.24563512,14.9435,15.9928,137.7,286,5.96,1.46,-0.79,14.74,-10.58,5.4,212.1,340.8,444.9
gam_v2,2021-10-03,2021,Maine,Eastern US,230031100,-68.033006,46.696431,MICMAC HEALTH DEPARTMENT,230031100,0,17,16.9817,0.0183,0,3.5,5.12,0,275,15.24839836,14.9435,15.9928,95,285.7,6.08,0.67,-1.17,17.38,-9.57,5.6,161.1,309.8,334.8
gam_v2,2021-10-04,2021,Maine,Eastern US,230031100,-68.033006,46.696431,MICMAC HEALTH DEPARTMENT,230031100,0,22,21.3483,0.6517,0,4,5.12,0,276,15.22348126,15.0013,15.9928,186.7,288.6,5.44,0.14,-1.69,4.72,-12.17,4.6,234.3,356.4,495.1
gam_v2,2021-10-05,2021,Maine,Eastern US,230031100,-68.033006,46.696431,MICMAC HEALTH DEPARTMENT,230031100,0,20,22.3595,-2.3595,0,4.8,5.12,0,277,15.23729903,15.0013,16.0217,180.9,291.2,5.17,-0.05,-0.85,6.02,-4.31,3.2,70.9,326.9,330.1
gam_v2,2021-10-06,2021,Maine,Eastern US,230031100,-68.033006,46.696431,MICMAC HEALTH DEPARTMENT,230031100,0,22,21.5115,0.4885,0,5.1,5.12,0,278,15.23337298,14.9696,16.0765,177.9,292.6,6.82,1.99,-0.76,10.95,-11,5.1,310.4,314,404
gam_v2,2021-10-09,2021,Maine,Eastern US,230031100,-68.033006,46.696431,MICMAC HEALTH DEPARTMENT,230031100,0,21,26.0066,-5.0066,1,4,5.12,0,281,15.23337298,14.9733,16.0272,170.6,287.3,4.61,-0.44,1.88,4.21,-13.46,1.7,148.4,135.5,444.9
gam_v2,2021-10-10,2021,Maine,Eastern US,230031100,-68.033006,46.696431,MICMAC HEALTH DEPARTMENT,230031100,0,18,22.4742,-4.4742,1,3.8,5.12,0,282,15.23337298,14.9733,16.0272,80.4,285.2,5.69,0.54,1.97,5.63,3.78,4.9,174.7,238.4,371.2
gam_v2,2021-10-11,2021,Maine,Eastern US,230031100,-68.033006,46.696431,MICMAC HEALTH DEPARTMENT,230031100,0,19,22.8634,-3.8634,0,5.6,5.12,0,283,15.23337298,14.9733,16.0272,139.2,292.7,7.66,1.06,0.79,8.87,-4.73,7.9,198.8,278.3,286.6
gam_v2,2021-10-12,2021,Maine,Eastern US,230031100,-68.033006,46.696431,MICMAC HEALTH DEPARTMENT,230031100,0,22,23.697,-1.697,0,6.7,5.12,0,284,15.26348515,14.9938,16.036,68.1,294.5,10.16,1.27,0.67,12.55,-14.93,9.1,313.4,273.1,315.5
gam_v2,2021-10-14,2021,Maine,Eastern US,230031100,-68.033006,46.696431,MICMAC HEALTH DEPARTMENT,230031100,0,19,24.3184,-5.3184,0,4.3,5.12,0,286,15.21076388,14.9509,16.0723,134.7,293.4,9.91,-0.53,-1.38,5.47,-10.58,8.6,247.6,38.2,506
gam_v2,2021-10-15,2021,Maine,Eastern US,230031100,-68.033006,46.696431,MICMAC HEALTH DEPARTMENT,230031100,0,21,22.8494,-1.8494,0,3.1,5.12,0,287,15.21076388,14.9992,16.0788,90,290.2,8.96,-0.36,0.77,13.06,-12,7.9,35.8,135.8,306.9
gam_v2,2021-10-16,2021,Maine,Eastern US,230031100,-68.033006,46.696431,MICMAC HEALTH DEPARTMENT,230031100,0,31,26.2589,4.7411,0,2.1,5.12,0,288,15.16540757,15.0184,16.0566,44.3,287.3,8.88,-2.06,2.71,14.49,3.46,8.5,336.1,160.2,422.1
gam_v2,2021-10-17,2021,Maine,Eastern US,230031100,-68.033006,46.696431,MICMAC HEALTH DEPARTMENT,230031100,0,25,26.6024,-1.6024,0,2.6,5.12,0,289,15.06223403,14.9757,15.9925,79.2,288.8,9.23,0.58,1.54,9.43,27.45,7.8,372.5,266.4,850.4
gam_v2,2021-10-18,2021,Maine,Eastern US,230031100,-68.033006,46.696431,MICMAC HEALTH DEPARTMENT,230031100,0,13,20.5629,-7.5629,0,2.5,5.12,0,290,15.06223403,14.9757,15.9925,56.8,282.7,6.19,2.69,-0.58,3.97,4.25,4.8,504.7,310.4,1017.6
gam_v2,2021-10-19,2021,Maine,Eastern US,230031100,-68.033006,46.696431,MICMAC HEALTH DEPARTMENT,230031100,0,16,17.1433,-1.1433,0,2.6,5.12,0,291,14.94919706,14.8138,15.9469,49.2,279.9,5.08,3.28,-0.26,6.36,-5.12,3.8,568.9,303.5,1132.4
gam_v2,2021-10-20,2021,Maine,Eastern US,230031100,-68.033006,46.696431,MICMAC HEALTH DEPARTMENT,230031100,0,11,16.7615,-5.7615,0,3.9,5.12,0,292,14.94919706,14.8138,15.8604,111.4,286.1,5.56,1.78,-0.78,8.18,-15.93,5.2,272,15.6,568.7
gam_v2,2021-10-21,2021,Maine,Eastern US,230031100,-68.033006,46.696431,MICMAC HEALTH DEPARTMENT,230031100,0,22,19.6956,2.3044,0,4.8,5.12,0,293,14.70735632,14.9441,15.6938,94.7,287.1,6.45,0.65,1.15,22.86,-6.15,5.5,262.1,272.8,326.6
gam_v2,2021-10-22,2021,Maine,Eastern US,230031100,-68.033006,46.696431,MICMAC HEALTH DEPARTMENT,230031100,0,33,25.9327,7.0673,0,5.8,5.12,0,294,15.02974759,14.9928,15.7539,59.2,289.6,8.35,-0.71,1.97,19.21,11.22,9.6,474.3,206.1,467.1
gam_v2,2021-10-23,2021,Maine,Eastern US,230031100,-68.033006,46.696431,MICMAC HEALTH DEPARTMENT,230031100,0,18,21.1519,-3.1519,0,3.1,5.12,0,295,15.02974759,15.0198,15.8797,77.5,283.4,5.23,1.41,-1.15,8.83,16.24,4.8,123.8,334.4,595.2
gam_v2,2021-10-24,2021,Maine,Eastern US,230031100,-68.033006,46.696431,MICMAC HEALTH DEPARTMENT,230031100,0,22,24.2891,-2.2891,0,3.4,5.12,0,296,15.02974759,15.0198,15.8797,90.6,281.3,3.98,3.14,-1.3,4.82,1.43,2.9,478.7,305.4,771.6
gam_v2,2021-10-25,2021,Maine,Eastern US,230031100,-68.033006,46.696431,MICMAC HEALTH DEPARTMENT,230031100,0,13,21.7708,-8.7708,0,4.2,5.12,0,297,15.16352857,14.9894,15.8797,94.7,283.3,4.5,1.95,-0.34,18.85,-1.28,4.4,347,335.2,620.1
gam_v2,2021-10-26,2021,Maine,Eastern US,230031100,-68.033006,46.696431,MICMAC HEALTH DEPARTMENT,230031100,0,27,21.3227,5.6773,0,3.8,5.12,0,298,15.13579343,14.9894,15.8797,119.9,286.1,4.89,-1.51,-0.95,9.79,0.49,4.2,182.6,88.5,366
gam_v2,2021-10-27,2021,Maine,Eastern US,230031100,-68.033006,46.696431,MICMAC HEALTH DEPARTMENT,230031100,0,30,24.8018,5.1982,0,2.6,5.12,0,299,15.13579343,14.9894,15.8797,86.9,282.1,4.68,-1.97,-2.91,-9.65,-7.85,4.1,571.8,65.3,712.2
gam_v2,2021-10-28,2021,Maine,Eastern US,230031100,-68.033006,46.696431,MICMAC HEALTH DEPARTMENT,230031100,0,27,25.5952,1.4048,0,3,5.12,0,300,15.13579343,14.9894,15.8797,117.3,282.8,4.44,-1.27,-2.86,-12.52,-6.96,3.6,527.1,63,713.1
gam_v2,2021-10-29,2021,Maine,Eastern US,230031100,-68.033006,46.696431,MICMAC HEALTH DEPARTMENT,230031100,0,25,25.2667,-0.2667,0,3.8,5.12,0,301,15.19680764,14.9635,15.8797,133,284,4.2,-0.74,-1.8,-6.61,-3.47,3.1,490.2,65.9,579.8
gam_v2,2021-10-30,2021,Maine,Eastern US,230031100,-68.033006,46.696431,MICMAC HEALTH DEPARTMENT,230031100,0,26,22.4077,3.5923,0,4.5,5.12,0,302,15.19680764,14.9414,15.8896,103.7,283.8,4.53,-1.33,0.82,3.09,4.72,5,257.7,101.7,419.2
gam_v2,2021-10-31,2021,Maine,Eastern US,230031100,-68.033006,46.696431,MICMAC HEALTH DEPARTMENT,230031100,0,35,29.6779,5.3221,0,2.2,5.12,0,303,15.18472179,14.9516,15.8957,46.8,288.3,6.86,-3.16,1.87,-0.65,25,7.3,677.8,113.4,1306.6
gam_v2,2022-04-08,2022,Maine,Eastern US,230031100,-68.033006,46.696431,MICMAC HEALTH DEPARTMENT,230031100,0,37,37.7582,-0.7582,0,2.4,5.48,0,97,15.02443071,14.7071,15.4244,93.9,275.1,3.87,-3.83,1.46,10.57,24.77,3.4,668.2,114,653.6
gam_v2,2022-04-09,2022,Maine,Eastern US,230031100,-68.033006,46.696431,MICMAC HEALTH DEPARTMENT,230031100,0,39,40.3064,-1.3064,0,4.3,5.48,0,98,15.02443071,14.6591,15.4244,204,282.9,4.21,0.18,0.84,13.66,20.54,3.1,349.8,267.4,595.3
gam_v2,2022-04-10,2022,Maine,Eastern US,230031100,-68.033006,46.696431,MICMAC HEALTH DEPARTMENT,230031100,0,29,33.7237,-4.7237,0,4.2,5.48,0,99,15.02443071,14.7331,15.4244,117.1,280.4,4.53,-0.26,-0.67,5.12,7.5,4.2,209.6,90.5,382.8
gam_v2,2022-04-11,2022,Maine,Eastern US,230031100,-68.033006,46.696431,MICMAC HEALTH DEPARTMENT,230031100,0,35,39.5544,-4.5544,0,5.9,5.48,0,100,15.08388008,14.8503,15.4244,260.8,282.4,4.03,2.24,-3.01,3.29,-19.97,2.8,460,318.1,714.6
gam_v2,2022-04-12,2022,Maine,Eastern US,230031100,-68.033006,46.696431,MICMAC HEALTH DEPARTMENT,230031100,0,33,33.4368,-0.4368,0,5.9,5.48,0,101,15.0786369,14.884,15.4244,123.7,283.6,4.34,1.33,0.88,18.38,-1.25,4.3,303.3,264.2,354.1
gam_v2,2022-04-13,2022,Maine,Eastern US,230031100,-68.033006,46.696431,MICMAC HEALTH DEPARTMENT,230031100,0,41,38.6523,2.3477,0,5.8,5.48,0,102,15.05766765,14.9204,15.4244,244.1,284.3,4.04,1.66,-1.23,34.87,-20.06,2.6,386,293.2,843.3
gam_v2,2022-04-14,2022,Maine,Eastern US,230031100,-68.033006,46.696431,MICMAC HEALTH DEPARTMENT,230031100,0,39,32.5217,6.4783,0,5.3,5.48,0,103,15.05766765,14.9153,15.4244,118.4,282.5,4.88,-2,1.98,26.12,-9.12,3.9,180,113.4,370.7
gam_v2,2022-04-15,2022,Maine,Eastern US,230031100,-68.033006,46.696431,MICMAC HEALTH DEPARTMENT,230031100,0,41,39.953,1.047,0,3.4,5.48,0,104,15.05766765,14.9153,15.4244,230.7,286.1,4.87,0.75,1.89,16.74,17.08,3.7,325.9,278.8,826.1
gam_v2,2022-04-16,2022,Maine,Eastern US,230031100,-68.033006,46.696431,MICMAC HEALTH DEPARTMENT,230031100,0,42,37.9731,4.0269,0,3.8,5.48,0,105,15.11174682,14.9498,15.4244,154.5,281,4.33,2.36,2.84,36.77,18.42,4.4,482.3,251.1,1051.2
gam_v2,2022-04-17,2022,Maine,Eastern US,230031100,-68.033006,46.696431,MICMAC HEALTH DEPARTMENT,230031100,0,33,35.0888,-2.0888,0,3.9,5.48,0,106,15.21417251,14.9642,15.4244,193.5,278.8,3.52,2.06,-2.01,10.73,10.32,2.4,328.2,299.2,792.8
gam_v2,2022-04-18,2022,Maine,Eastern US,230031100,-68.033006,46.696431,MICMAC HEALTH DEPARTMENT,230031100,0,43,43.2368,-0.2368,0,5.3,5.48,0,107,15.21417251,14.9642,15.9114,296.2,283,3.4,2.18,-2.03,2.92,-13.52,2,456.7,335.4,1064.9
gam_v2,2022-04-19,2022,Maine,Eastern US,230031100,-68.033006,46.696431,MICMAC HEALTH DEPARTMENT,230031100,0,35,38.1075,-3.1075,0,2.3,5.48,0,108,15.21417251,15.0298,15.9114,61.3,275.7,3.72,-4.59,1.95,5.76,31.49,2.2,697.9,116.8,809.3
gam_v2,2022-04-20,2022,Maine,Eastern US,230031100,-68.033006,46.696431,MICMAC HEALTH DEPARTMENT,230031100,0,39,37.253,1.747,0,4.9,5.48,0,109,15.21417251,15.0298,15.9114,180,278.4,3.99,3.68,2.24,12.95,16.61,2.5,693.2,285.9,1453.8
gam_v2,2022-04-21,2022,Maine,Eastern US,230031100,-68.033006,46.696431,MICMAC HEALTH DEPARTMENT,230031100,0,42,40.6173,1.3827,0,3.8,5.48,0,110,15.21417251,15.0298,15.9114,188.3,280.4,3.4,0.83,2.24,23.94,-2.1,2.2,118.2,314,792.9
gam_v2,2022-04-22,2022,Maine,Eastern US,230031100,-68.033006,46.696431,MICMAC HEALTH DEPARTMENT,230031100,0,42,37.2549,4.7451,0,4.6,5.48,0,111,15.21417251,15.0298,15.9114,189.6,282.7,4.63,2.6,0.42,18.02,4.98,3.2,509.6,289.6,1247.5
gam_v2,2022-04-23,2022,Maine,Eastern US,230031100,-68.033006,46.696431,MICMAC HEALTH DEPARTMENT,230031100,0,46,46.0256,-0.0256,0,4.3,5.48,0,112,15.21417251,15.0889,16.1352,314.6,278.2,2.49,2.37,-4.24,18.12,-24.67,1,527.7,329.3,1085.6
gam_v2,2022-04-24,2022,Maine,Eastern US,230031100,-68.033006,46.696431,MICMAC HEALTH DEPARTMENT,230031100,0,41,44.8032,-3.8032,0,4,5.48,0,113,15.21417251,15.0889,16.1352,304.3,282.2,3.04,0.5,-3.45,9.48,-37.85,2.1,493.8,24.1,994.9
gam_v2,2022-04-25,2022,Maine,Eastern US,230031100,-68.033006,46.696431,MICMAC HEALTH DEPARTMENT,230031100,0,40,39.5376,0.4624,0,4,5.48,0,114,15.18981368,15.0682,16.116,205.7,284.7,4.58,-1.47,0.71,2.4,-11.63,4,390.5,73.6,731.3
gam_v2,2022-04-26,2022,Maine,Eastern US,230031100,-68.033006,46.696431,MICMAC HEALTH DEPARTMENT,230031100,0,32,39.3274,-7.3274,0,4.8,5.48,0,115,15.1711177,15.0163,16.0764,79.1,284.8,6.01,-0.12,3.31,19.85,6.7,5.4,647.5,233.7,821.8
gam_v2,2022-04-27,2022,Maine,Eastern US,230031100,-68.033006,46.696431,MICMAC HEALTH DEPARTMENT,230031100,0,26,27.6586,-1.6586,0,3.1,5.48,0,116,15.1711177,15.0163,16.0764,91.2,282.6,6.02,-0.02,-1.38,15.88,18.87,5.7,49,77.5,292.6
gam_v2,2022-04-28,2022,Maine,Eastern US,230031100,-68.033006,46.696431,MICMAC HEALTH DEPARTMENT,230031100,0,34,37.285,-3.285,0,4.8,5.48,0,117,15.11050155,14.9431,16.0474,117.9,278.1,3.78,1.7,-6.2,-4.43,-2.24,2.9,416.5,20.5,883.5
gam_v2,2022-04-29,2022,Maine,Eastern US,230031100,-68.033006,46.696431,MICMAC HEALTH DEPARTMENT,230031100,0,33,36.3234,-3.3234,0,3.3,5.48,0,118,15.11050155,14.9431,16.0474,110.9,276.9,3.67,0.88,-5.99,-11.78,-12.04,2.9,623.2,35.8,1062.5
gam_v2,2022-04-30,2022,Maine,Eastern US,230031100,-68.033006,46.696431,MICMAC HEALTH DEPARTMENT,230031100,0,38,36.122,1.878,0,3.3,5.48,0,119,15.19191303,14.8928,16.0474,168.6,279.3,3.91,0.49,-4.18,-10.26,-14.12,3.3,498.2,35.1,929.2
gam_v2,2022-05-01,2022,Maine,Eastern US,230031100,-68.033006,46.696431,MICMAC HEALTH DEPARTMENT,230031100,0,38,35.0423,2.9577,0,3.7,5.57,0,120,15.18811251,14.7844,16.0876,220.2,282.8,4.37,0.09,-2.96,-5.72,-11.94,3.3,410.8,25.8,821.5
gam_v2,2022-05-02,2022,Maine,Eastern US,230031100,-68.033006,46.696431,MICMAC HEALTH DEPARTMENT,230031100,0,42,39.0063,2.9937,0,5,5.57,0,121,15.15275202,14.8359,16.0876,308.3,288.7,4.67,-0.67,-0.41,1.06,-4.05,3.8,41.6,348.8,505.5
gam_v2,2022-05-03,2022,Maine,Eastern US,230031100,-68.033006,46.696431,MICMAC HEALTH DEPARTMENT,230031100,0,37,43.0542,-6.0542,0,4.2,5.57,0,122,15.15275202,14.847,15.9895,250.7,290.5,5.95,-0.63,2.1,-1.44,2.07,4.1,215.6,217.4,558
gam_v2,2022-05-04,2022,Maine,Eastern US,230031100,-68.033006,46.696431,MICMAC HEALTH DEPARTMENT,230031100,0,31,34.7939,-3.7939,0,3.3,5.57,0,123,15.14561769,14.852,15.9895,58.4,284.1,6.52,0.76,2.98,18.27,5.75,5.5,518.2,210.4,413.8
gam_v2,2022-05-05,2022,Maine,Eastern US,230031100,-68.033006,46.696431,MICMAC HEALTH DEPARTMENT,230031100,0,45,43.5862,1.4138,0,4.5,5.57,0,124,15.17218663,14.9298,15.9895,315.8,283.9,4.25,2.43,-2.72,22.32,-2.77,2.3,513.2,300.7,1114.4
gam_v2,2022-05-06,2022,Maine,Eastern US,230031100,-68.033006,46.696431,MICMAC HEALTH DEPARTMENT,230031100,0,34,38.6194,-4.6194,0,3.6,5.57,0,125,15.20062042,14.9526,15.9175,239.6,279.2,3.25,2.04,-2.09,24.08,-8.83,2.3,346.3,322.1,1107.5
gam_v2,2022-05-07,2022,Maine,Eastern US,230031100,-68.033006,46.696431,MICMAC HEALTH DEPARTMENT,230031100,0,45,44.3316,0.6684,0,4.6,5.57,0,126,15.15525869,14.9526,15.9175,336.5,283.8,3.18,0.1,-2.27,11.22,-17.11,1.9,249,5.7,935.3
gam_v2,2022-05-08,2022,Maine,Eastern US,230031100,-68.033006,46.696431,MICMAC HEALTH DEPARTMENT,230031100,0,47,46.4673,0.5327,0,6,5.57,0,127,15.15525869,14.9526,15.9175,339,287.7,3.1,-0.96,-0.83,2.86,-7.52,1.4,102.8,68.6,592.5
gam_v2,2022-05-09,2022,Maine,Eastern US,230031100,-68.033006,46.696431,MICMAC HEALTH DEPARTMENT,230031100,0,49,45.8191,3.1809,0,7,5.57,0,128,15.15525869,14.9526,15.9175,334.4,291.2,4.14,-1.17,-0.23,3.72,-8.06,2.5,44.4,273.4,475.6
gam_v2,2022-05-10,2022,Maine,Eastern US,230031100,-68.033006,46.696431,MICMAC HEALTH DEPARTMENT,230031100,0,48,45.5865,2.4135,0,5.8,5.57,0,129,15.15786412,14.9471,15.871,333.1,292,5.37,-1.17,1.46,-7.69,-7.23,2.2,171.7,84.4,540.2
gam_v2,2022-05-11,2022,Maine,Eastern US,230031100,-68.033006,46.696431,MICMAC HEALTH DEPARTMENT,230031100,0,46,46.7214,-0.7214,0,5.3,5.57,0,130,15.16188133,14.988,15.8372,328.9,294.5,6.32,-0.01,2.39,-0.6,4.33,3.1,117.4,148.5,465.2
gam_v2,2022-05-13,2022,Maine,Eastern US,230031100,-68.033006,46.696431,MICMAC HEALTH DEPARTMENT,230031100,0,45,41.4954,3.5046,0,7.6,5.57,0,132,15.1847054,15.0274,15.7938,215.5,296,9.87,1.28,2.43,19.96,-6.12,7.7,495.8,246.1,1085
gam_v2,2022-05-15,2022,Maine,Eastern US,230031100,-68.033006,46.696431,MICMAC HEALTH DEPARTMENT,230031100,0,30,33.4695,-3.4695,0,5.5,5.57,0,134,15.1829611,15.0698,15.7938,97.2,289.7,8.52,-3.13,0.84,2.92,-1.05,6.6,379.5,122.9,567.6
gam_v2,2022-05-16,2022,Maine,Eastern US,230031100,-68.033006,46.696431,MICMAC HEALTH DEPARTMENT,230031100,0,31,30.1058,0.8942,1,2.5,5.57,0,135,15.1829611,15.0978,15.3599,237.7,294.1,8.91,-0.95,2.12,10.3,6.69,10.3,313.3,252.2,445.4
gam_v2,2022-05-17,2022,Maine,Eastern US,230031100,-68.033006,46.696431,MICMAC HEALTH DEPARTMENT,230031100,0,31,38.4638,-7.4638,0,1.3,5.57,0,136,15.20446574,15.024,15.5529,193.1,290.7,8.73,0.29,3.34,4.92,18.59,6.3,639.3,270.4,1161.9
gam_v2,2022-05-18,2022,Maine,Eastern US,230031100,-68.033006,46.696431,MICMAC HEALTH DEPARTMENT,230031100,0,40,39.8312,0.1688,0,4.5,5.57,0,137,15.21227381,15.0531,15.6253,319.4,285.7,4.51,4.61,-1.63,14.87,-8.49,2.2,815.6,319.6,1278.7
gam_v2,2022-05-19,2022,Maine,Eastern US,230031100,-68.033006,46.696431,MICMAC HEALTH DEPARTMENT,230031100,0,42,42.6371,-0.6371,0,4.7,5.57,0,138,15.22645183,15.0757,15.6253,280.4,289.3,4.88,0.45,0.98,18.13,-1.53,2.9,65.6,229.1,690.1
gam_v2,2022-05-20,2022,Maine,Eastern US,230031100,-68.033006,46.696431,MICMAC HEALTH DEPARTMENT,230031100,0,47,38.6057,8.3943,0,5.4,5.57,0,139,15.21372417,15.015,15.6253,263,288.8,6.36,0.27,2.58,16.29,-4.82,5.6,193.9,228.3,614.4
gam_v2,2022-05-21,2022,Maine,Eastern US,230031100,-68.033006,46.696431,MICMAC HEALTH DEPARTMENT,230031100,0,34,34.0272,-0.0272,1,5,5.57,0,140,15.17523774,14.9852,15.7286,235.6,295.3,8.91,-0.06,4.61,21.1,-0.24,10.1,548,219.8,481.7
gam_v2,2022-05-23,2022,Maine,Eastern US,230031100,-68.033006,46.696431,MICMAC HEALTH DEPARTMENT,230031100,0,29,39.2612,-10.2612,0,3.6,5.57,0,142,15.20796214,14.8535,15.7567,348.7,293,6.87,2.1,-3.18,32.48,11.13,3.1,468.7,321.2,1109.6
gam_v2,2022-05-24,2022,Maine,Eastern US,230031100,-68.033006,46.696431,MICMAC HEALTH DEPARTMENT,230031100,0,37,38.467,-1.467,0,4.4,5.57,0,143,15.20796214,14.891,15.7046,312.7,289.7,4.84,0.03,-0.58,26.99,-0.17,2.6,194,14.5,832.4
gam_v2,2022-05-25,2022,Maine,Eastern US,230031100,-68.033006,46.696431,MICMAC HEALTH DEPARTMENT,230031100,0,35,39.2962,-4.2962,0,4.6,5.57,0,144,15.21150419,14.8424,15.6983,335.8,293.6,6.29,1.07,1.34,17.04,-8.97,5.3,216.1,245.5,682.9
gam_v2,2022-05-26,2022,Maine,Eastern US,230031100,-68.033006,46.696431,MICMAC HEALTH DEPARTMENT,230031100,0,30,32.0118,-2.0118,0,4.4,5.57,0,145,15.21695098,14.7052,15.6534,154.2,291.6,8.59,0,1.69,24.85,-7.25,7.3,381.8,227,465
gam_v2,2022-05-27,2022,Maine,Eastern US,230031100,-68.033006,46.696431,MICMAC HEALTH DEPARTMENT,230031100,0,18,24.6787,-6.6787,0,5,5.57,0,146,15.21695098,14.7052,15.6534,88.9,291.7,9.67,-0.02,3.08,24.37,2.58,11,709.8,247.3,721.3
gam_v2,2022-05-28,2022,Maine,Eastern US,230031100,-68.033006,46.696431,MICMAC HEALTH DEPARTMENT,230031100,0,25,30.0448,-5.0448,0,3.1,5.57,0,147,15.21695098,14.7052,15.6534,189.9,295.6,11.33,1.32,1.22,19.76,13.67,9.9,195.2,276.8,369.9
gam_v2,2022-05-29,2022,Maine,Eastern US,230031100,-68.033006,46.696431,MICMAC HEALTH DEPARTMENT,230031100,0,35,35.6217,-0.6217,0,4.6,5.57,0,148,15.14600164,14.7052,15.6534,330.5,294.7,8.32,3.15,-0.09,22.94,-5.01,5.9,520.6,285.8,904.4
gam_v2,2022-05-30,2022,Maine,Eastern US,230031100,-68.033006,46.696431,MICMAC HEALTH DEPARTMENT,230031100,0,34,31.5722,2.4278,0,4.5,5.57,0,149,15.09723254,14.7509,15.6086,202.9,292.5,9.09,2.28,-0.88,27.49,-15.79,7.5,387.7,278.7,645.5
gam_v2,2022-05-31,2022,Maine,Eastern US,230031100,-68.033006,46.696431,MICMAC HEALTH DEPARTMENT,230031100,0,34,33.2312,0.7688,0,2.7,5.57,0,150,15.09723254,14.7985,15.6192,357.7,287.2,5.5,0.09,-3.25,25.49,-25.01,3.2,385.8,13.5,977.8
gam_v2,2022-06-01,2022,Maine,Eastern US,230031100,-68.033006,46.696431,MICMAC HEALTH DEPARTMENT,230031100,0,33,36.2265,-3.2265,0,3.6,5.67,0,151,15.09723254,14.8396,15.5677,362.1,290.1,5.48,0.28,-2.58,9.28,-28.97,3.6,287.1,7.5,822.6
gam_v2,2022-06-02,2022,Maine,Eastern US,230031100,-68.033006,46.696431,MICMAC HEALTH DEPARTMENT,230031100,0,37,36.8336,0.1664,0,4.5,5.67,0,152,15.04630238,14.7788,15.5642,348.9,292.9,6.2,-0.55,-1.7,8.47,-11.01,3.3,110.9,9.1,655.6
gam_v2,2022-06-03,2022,Maine,Eastern US,230031100,-68.033006,46.696431,MICMAC HEALTH DEPARTMENT,230031100,0,27,33.2778,-6.2778,0,5.2,5.67,0,153,15.0512828,14.7788,15.5642,235,292,7.74,-1.58,1.01,10.93,1.66,6.2,193.3,119.8,635.3
gam_v2,2022-06-04,2022,Maine,Eastern US,230031100,-68.033006,46.696431,MICMAC HEALTH DEPARTMENT,230031100,0,25,32.0465,-7.0465,0,3.7,5.67,0,154,15.0512828,14.7346,15.6404,166.9,290.1,8.68,-1.15,2.24,9.81,3.38,7.6,229.1,203.6,405.3
gam_v2,2022-06-05,2022,Maine,Eastern US,230031100,-68.033006,46.696431,MICMAC HEALTH DEPARTMENT,230031100,0,24,28.9615,-4.9615,0,3.4,5.67,0,155,15.03382535,14.749,15.6466,174.6,288,8.05,0.58,1.2,1.87,5.97,5.7,370.9,272.2,923.3
gam_v2,2022-06-06,2022,Maine,Eastern US,230031100,-68.033006,46.696431,MICMAC HEALTH DEPARTMENT,230031100,0,27,30.3402,-3.3402,0,3.9,5.67,0,156,15.0561036,14.7877,15.6123,249,291.1,7.42,0.92,-1.28,-0.22,-7.56,5.8,154,354.8,534.8
gam_v2,2022-06-07,2022,Maine,Eastern US,230031100,-68.033006,46.696431,MICMAC HEALTH DEPARTMENT,230031100,0,36,37.8918,-1.8918,0,4.8,5.67,0,157,15.0561036,14.8208,15.6123,330.1,294.6,7.81,0.6,1.49,6.26,-2.63,5.5,44.4,247.5,546.9
gam_v2,2022-06-08,2022,Maine,Eastern US,230031100,-68.033006,46.696431,MICMAC HEALTH DEPARTMENT,230031100,0,32,34.3688,-2.3688,0,3.7,5.67,0,158,15.04862859,14.842,15.6399,104.4,289.1,9.54,-1.3,3.63,8.03,6.63,9.5,677,186.6,543.4
gam_v2,2022-06-09,2022,Maine,Eastern US,230031100,-68.033006,46.696431,MICMAC HEALTH DEPARTMENT,230031100,0,23,30.3594,-7.3594,0,1.8,5.67,0,159,15.00264736,14.8983,15.6347,142.1,290.2,9.66,-0.38,0.95,10.74,9.69,9,104.2,251.6,411.6
gam_v2,2022-06-10,2022,Maine,Eastern US,230031100,-68.033006,46.696431,MICMAC HEALTH DEPARTMENT,230031100,0,29,28.9329,0.0671,0,3.1,5.67,0,160,15.00264736,14.9492,15.6989,243.3,290.9,9.17,2.76,0.98,13.93,8.83,6.6,477.9,269.4,767
gam_v2,2022-06-11,2022,Maine,Eastern US,230031100,-68.033006,46.696431,MICMAC HEALTH DEPARTMENT,230031100,0,28,33.3769,-5.3769,0,4.4,5.67,0,161,15.00264736,14.9492,15.6989,342.6,295.1,9.4,2.74,0.96,15.31,2.78,6.6,391.8,285,869.4
gam_v2,2022-06-12,2022,Maine,Eastern US,230031100,-68.033006,46.696431,MICMAC HEALTH DEPARTMENT,230031100,0,36,35.4089,0.5911,0,5.1,5.67,0,162,15.00264736,14.9492,15.6989,322.8,296.9,9.51,1.01,0.74,8.07,3.81,7.2,199.9,278.1,740.2
gam_v2,2022-06-13,2022,Maine,Eastern US,230031100,-68.033006,46.696431,MICMAC HEALTH DEPARTMENT,230031100,0,32,31.4274,0.5726,0,5.3,5.67,0,163,14.96773932,14.9492,15.6989,204.3,293.1,10.82,-1.23,2.54,10.76,7.45,10.3,414.2,192.7,469.2
gam_v2,2022-06-14,2022,Maine,Eastern US,230031100,-68.033006,46.696431,MICMAC HEALTH DEPARTMENT,230031100,0,27,27.7303,-0.7303,0,4.6,5.67,0,164,14.99568911,14.9147,15.8469,185.8,291.7,9.76,0.39,-1.34,-2,-0.59,9.1,138.5,347.8,403.4
gam_v2,2022-06-15,2022,Maine,Eastern US,230031100,-68.033006,46.696431,MICMAC HEALTH DEPARTMENT,230031100,0,30,34.8237,-4.8237,0,4.7,5.67,0,165,14.92147552,14.8883,15.883,358.3,298,8.81,0.18,-1.07,0.28,-10.02,5.1,292.3,63.4,527.6
gam_v2,2022-06-16,2022,Maine,Eastern US,230031100,-68.033006,46.696431,MICMAC HEALTH DEPARTMENT,230031100,0,33,37.1386,-4.1386,0,4.5,5.67,0,166,14.92147552,14.8921,15.8267,219.3,295.1,9.64,0.7,3.26,7.88,-9.74,5.7,347.4,199.5,600
gam_v2,2022-06-17,2022,Maine,Eastern US,230031100,-68.033006,46.696431,MICMAC HEALTH DEPARTMENT,230031100,0,28,30.7038,-2.7038,1,4.3,5.67,0,167,14.92147552,14.9403,15.8117,253.5,296.5,10.69,0.74,3.8,16.04,10.74,11.5,643.9,249.6,928.5
gam_v2,2022-06-18,2022,Maine,Eastern US,230031100,-68.033006,46.696431,MICMAC HEALTH DEPARTMENT,230031100,0,15,23.0613,-8.0613,0,3.1,5.67,0,168,14.87452662,14.9429,15.7643,131.5,290.5,10.11,1.66,-0.9,2.04,5.41,8.3,176.9,295.7,364.2
gam_v2,2022-06-19,2022,Maine,Eastern US,230031100,-68.033006,46.696431,MICMAC HEALTH DEPARTMENT,230031100,0,16,17.9643,-1.9643,0,2.6,5.67,0,169,14.91422206,15.0407,15.7283,106.6,282.8,6.01,1.14,-4.97,-4.5,-1.4,4.4,624.3,29.1,872.8
gam_v2,2022-06-20,2022,Maine,Eastern US,230031100,-68.033006,46.696431,MICMAC HEALTH DEPARTMENT,230031100,0,25,19.9719,5.0281,0,4.3,5.67,0,170,14.90909424,15.0622,15.736,188.2,285.7,6.02,0.62,-3.24,0.41,-13.21,4.6,465.1,22.2,978.7
gam_v2,2022-06-21,2022,Maine,Eastern US,230031100,-68.033006,46.696431,MICMAC HEALTH DEPARTMENT,230031100,0,28,26.6596,1.3404,0,3.8,5.67,0,171,14.99727214,15.0622,15.7284,370,292.7,6.22,-0.53,-0.64,-3.24,-17.27,4,289.4,14.9,611.4
gam_v2,2022-06-22,2022,Maine,Eastern US,230031100,-68.033006,46.696431,MICMAC HEALTH DEPARTMENT,230031100,0,26,31.7574,-5.7574,0,3.6,5.67,0,172,15.01864302,15.0547,15.6846,337.4,293.4,7.84,-0.73,3.71,2.44,1.36,5.5,303.8,176.2,609.9
gam_v2,2022-06-23,2022,Maine,Eastern US,230031100,-68.033006,46.696431,MICMAC HEALTH DEPARTMENT,230031100,0,37,36.8225,0.1775,0,5.4,5.67,0,173,14.99589829,15.0401,15.6722,301.7,294.5,8.74,0.25,3.7,3.78,14.49,8.3,436.8,204.6,618.1
gam_v2,2022-06-27,2022,Maine,Eastern US,230031100,-68.033006,46.696431,MICMAC HEALTH DEPARTMENT,230031100,0,31,31.3988,-0.3988,0,7.3,5.67,0,177,14.99173748,14.9914,15.7366,131.9,295.2,13.09,0.05,3.57,12.55,9.21,11.5,546.8,213.2,592.9
gam_v2,2022-06-28,2022,Maine,Eastern US,230031100,-68.033006,46.696431,MICMAC HEALTH DEPARTMENT,230031100,0,30,27.7746,2.2254,0,4.4,5.67,0,178,15.02960698,14.9914,15.7366,363.7,294.1,9.08,2.35,-0.53,17.37,10.68,5.4,375.6,292.9,1226.7
gam_v2,2022-06-29,2022,Maine,Eastern US,230031100,-68.033006,46.696431,MICMAC HEALTH DEPARTMENT,230031100,0,32,35.0255,-3.0255,0,5,5.67,0,179,15.03920283,15.008,15.7032,343.7,296.8,9.32,1.35,1.79,11.58,5.38,7.1,252.8,256.9,790.4
gam_v2,2022-06-30,2022,Maine,Eastern US,230031100,-68.033006,46.696431,MICMAC HEALTH DEPARTMENT,230031100,0,27,25.968,1.032,0,3.4,5.67,0,180,15.08951824,14.9643,15.6701,223.4,293.2,10.2,0.65,-1.64,8.15,0.26,7.1,227.7,337.8,572.9
gam_v2,2022-07-01,2022,Maine,Eastern US,230031100,-68.033006,46.696431,MICMAC HEALTH DEPARTMENT,230031100,0,35,35.7302,-0.7302,0,6.4,6.36,0,181,15.08951824,14.9715,15.692,212.7,297.4,10.51,0.92,2.29,17.49,-1.29,8.1,369.9,224.2,557.5
gam_v2,2022-07-03,2022,Maine,Eastern US,230031100,-68.033006,46.696431,MICMAC HEALTH DEPARTMENT,230031100,0,23,28.3923,-5.3923,1,3.8,6.36,0,183,15.09832351,14.8478,15.7872,288.3,293.8,9.28,2.2,-0.46,26.28,5.48,5.9,229.7,296.7,979.2
gam_v2,2022-07-04,2022,Maine,Eastern US,230031100,-68.033006,46.696431,MICMAC HEALTH DEPARTMENT,230031100,0,27,29.1496,-2.1496,0,2.9,6.36,0,184,15.10551279,14.7023,15.818,348.5,293.1,8.12,3.3,-0.52,20.5,-8.17,4.6,493.8,292.4,968.8
gam_v2,2022-07-05,2022,Maine,Eastern US,230031100,-68.033006,46.696431,MICMAC HEALTH DEPARTMENT,230031100,0,24,30.2247,-6.2247,0,5,6.36,0,185,15.10551279,14.7023,15.818,248,295.4,9.97,2.31,0.57,23.32,-10.7,6.8,368.5,281.1,779.4
gam_v2,2022-07-06,2022,Maine,Eastern US,230031100,-68.033006,46.696431,MICMAC HEALTH DEPARTMENT,230031100,0,28,25.5393,2.4607,0,3.7,6.36,0,186,15.07923607,14.7023,15.8363,270.7,292.6,9.63,-0.2,-2.85,15.49,-1.63,4.8,259.2,39.3,514.2
gam_v2,2022-07-07,2022,Maine,Eastern US,230031100,-68.033006,46.696431,MICMAC HEALTH DEPARTMENT,230031100,0,27,25.2653,1.7347,0,4,6.36,0,187,15.07235511,14.608,15.8965,274.8,292.3,7.92,1.21,-1.19,15.63,-7.85,4.6,211.4,341,725.8
gam_v2,2022-07-08,2022,Maine,Eastern US,230031100,-68.033006,46.696431,MICMAC HEALTH DEPARTMENT,230031100,0,27,29.6887,-2.6887,0,4.9,6.36,0,188,15.12132135,14.608,15.8594,274,295.2,9.74,1.66,1.2,19.53,-1.48,8.4,303.1,261.9,593.5
gam_v2,2022-07-09,2022,Maine,Eastern US,230031100,-68.033006,46.696431,MICMAC HEALTH DEPARTMENT,230031100,0,22,27.4577,-5.4577,1,3.4,6.36,0,189,15.08707574,14.6758,15.8273,340.4,291.5,7.34,2.31,-1.85,21.06,-8.48,4.3,471.2,323.3,1118.7
gam_v2,2022-07-10,2022,Maine,Eastern US,230031100,-68.033006,46.696431,MICMAC HEALTH DEPARTMENT,230031100,0,28,27.1502,0.8498,1,4.5,6.36,0,190,15.10130205,14.6097,15.7647,350.5,294.6,7.87,2.05,-0.47,12.85,-9.84,5.1,251.2,300.3,843.9
gam_v2,2022-07-13,2022,Maine,Eastern US,230031100,-68.033006,46.696431,MICMAC HEALTH DEPARTMENT,230031100,0,29,30.0309,-1.0309,1,6.1,6.36,0,193,15.09965704,14.7476,15.8008,330.3,296.1,12.17,2.32,0.02,19.29,6.36,8.5,327.3,294.8,855.3
gam_v2,2022-07-14,2022,Maine,Eastern US,230031100,-68.033006,46.696431,MICMAC HEALTH DEPARTMENT,230031100,0,23,26.4053,-3.4053,1,5.3,6.36,0,194,15.04342238,14.7476,15.8008,155.8,297.3,10.82,-0.52,-0.59,16.79,7.62,7.2,173.9,88.8,547.2
gam_v2,2022-07-15,2022,Maine,Eastern US,230031100,-68.033006,46.696431,MICMAC HEALTH DEPARTMENT,230031100,0,27,26.2709,0.7291,1,5.3,6.36,0,195,15.04024145,14.8202,15.749,326.2,295.7,10.01,1.75,-1.15,12.03,-1.97,6.4,355,305,675.6
gam_v2,2022-07-16,2022,Maine,Eastern US,230031100,-68.033006,46.696431,MICMAC HEALTH DEPARTMENT,230031100,0,28,28.8935,-0.8935,1,5.5,6.36,0,196,15.03725111,14.8398,15.7665,279.6,297.8,10.82,2.09,1.1,16.9,-3.78,6.3,365.9,274,721.8
gam_v2,2022-07-19,2022,Maine,Eastern US,230031100,-68.033006,46.696431,MICMAC HEALTH DEPARTMENT,230031100,0,36,28.0061,7.9939,1,3.4,6.36,0,199,15.03603529,14.8684,15.7186,212.4,298.4,14.01,1.01,0.24,14.62,4.54,9.7,188.5,83.7,729.7
gam_v2,2022-07-20,2022,Maine,Eastern US,230031100,-68.033006,46.696431,MICMAC HEALTH DEPARTMENT,230031100,0,26,25.6088,0.3912,1,5.5,6.36,0,200,15.03603529,14.878,15.6858,341.4,296.3,10.86,2.89,-0.89,17.74,-13.14,6.4,506.8,304,743
gam_v2,2022-07-25,2022,Maine,Eastern US,230031100,-68.033006,46.696431,MICMAC HEALTH DEPARTMENT,230031100,0,35,29.6885,5.3115,0,4.2,6.36,0,205,15.04905918,14.922,15.9306,179.3,298,15.42,1.28,2.89,22.55,11.5,13.4,662.3,249.7,837.5
gam_v2,2022-07-26,2022,Maine,Eastern US,230031100,-68.033006,46.696431,MICMAC HEALTH DEPARTMENT,230031100,0,23,25.8162,-2.8162,0,2.9,6.36,0,206,15.04905918,14.9045,15.8963,310.2,295.9,10.7,2.85,1.27,23.54,5.45,7.4,521.1,277.4,932.5
gam_v2,2022-07-27,2022,Maine,Eastern US,230031100,-68.033006,46.696431,MICMAC HEALTH DEPARTMENT,230031100,0,22,23.37,-1.37,0,4.6,6.36,0,207,15.03246482,14.8746,15.942,289.2,296,11.02,2.29,0.08,16.77,-4.67,8.6,367,286.7,996.2
gam_v2,2022-07-28,2022,Maine,Eastern US,230031100,-68.033006,46.696431,MICMAC HEALTH DEPARTMENT,230031100,0,39,26.8833,12.1167,0,5.5,6.36,0,208,15.03246482,14.8691,15.942,294.4,298.4,12.29,0.69,1.19,12.29,1.4,9.7,127.2,256.8,629.5
gam_v2,2022-07-29,2022,Maine,Eastern US,230031100,-68.033006,46.696431,MICMAC HEALTH DEPARTMENT,230031100,0,29,28.9899,0.0101,0,4.4,6.36,0,209,15.11391071,14.8691,15.942,314.3,298.6,12.68,1.16,2.09,19.9,10.01,9.1,479.7,262.4,883.4
gam_v2,2022-07-30,2022,Maine,Eastern US,230031100,-68.033006,46.696431,MICMAC HEALTH DEPARTMENT,230031100,0,17,22.6851,-5.6851,0,3.6,6.36,0,210,15.09253515,14.8865,16.0333,261.9,295.7,10.99,2.54,0.76,19.15,1.04,8.7,505.4,271.1,952.9
gam_v2,2022-07-31,2022,Maine,Eastern US,230031100,-68.033006,46.696431,MICMAC HEALTH DEPARTMENT,230031100,0,18,23.8999,-5.8999,1,5.7,6.36,0,211,15.1091536,14.8759,16.0457,311.8,298.7,11.83,2.56,0.34,13.24,-6.72,9,455,283.7,710.4
gam_v2,2022-08-01,2022,Maine,Eastern US,230031100,-68.033006,46.696431,MICMAC HEALTH DEPARTMENT,230031100,0,33,25.053,7.947,1,5.3,5.99,0,212,15.1091536,14.8953,16.0398,258.7,298.6,12.71,1.32,1.78,8.48,1.53,11.6,386.9,263.3,639.6
gam_v2,2022-08-02,2022,Maine,Eastern US,230031100,-68.033006,46.696431,MICMAC HEALTH DEPARTMENT,230031100,0,34,28.5362,5.4638,0,5.4,5.99,0,213,15.1091536,14.8953,16.0398,230.5,299.7,14.16,0.77,2.62,14.82,7.29,12.1,341.5,220.1,480
gam_v2,2022-08-03,2022,Maine,Eastern US,230031100,-68.033006,46.696431,MICMAC HEALTH DEPARTMENT,230031100,0,23,21.8299,1.1701,0,3.1,5.99,0,214,15.09505546,14.9055,16.0874,295.2,295.6,10.14,0.99,-0.84,19.32,0.09,6.1,276.1,344.4,579.8
gam_v2,2022-08-05,2022,Maine,Eastern US,230031100,-68.033006,46.696431,MICMAC HEALTH DEPARTMENT,230031100,0,17,22.0239,-5.0239,1,5.1,5.99,0,216,15.09505546,14.8965,16.1391,256,297.3,13.56,0.92,-0.96,15.13,1.3,8.7,307.7,308.8,488.7
gam_v2,2022-08-06,2022,Maine,Eastern US,230031100,-68.033006,46.696431,MICMAC HEALTH DEPARTMENT,230031100,0,20,25.1854,-5.1854,1,5.9,5.99,0,217,15.22253098,14.887,16.1089,302.9,299.2,10.88,-0.35,1.29,14.91,-1.5,7.7,61.1,250.7,444
gam_v2,2022-08-07,2022,Maine,Eastern US,230031100,-68.033006,46.696431,MICMAC HEALTH DEPARTMENT,230031100,0,37,33.1136,3.8864,0,6.9,5.99,0,218,15.27604978,14.8745,16.1661,218,302,17.08,2.4,1.5,20.07,3.96,14.1,640.8,266.8,841.4
gam_v2,2022-08-08,2022,Maine,Eastern US,230031100,-68.033006,46.696431,MICMAC HEALTH DEPARTMENT,230031100,0,20,20.4719,-0.4719,0,2.1,5.99,0,219,15.29345917,14.7637,16.1824,152.8,292.3,9.48,-0.22,-1.29,24.7,-0.37,5.2,289,6.6,450.3
gam_v2,2022-08-09,2022,Maine,Eastern US,230031100,-68.033006,46.696431,MICMAC HEALTH DEPARTMENT,230031100,0,18,19.1039,-1.1039,0,2.7,5.99,0,220,15.29345917,14.7509,16.1827,152.6,290.6,9.59,-2.06,-1.29,19.64,0.91,7.4,438.4,76.5,709.4
gam_v2,2022-08-10,2022,Maine,Eastern US,230031100,-68.033006,46.696431,MICMAC HEALTH DEPARTMENT,230031100,0,22,20.8058,1.1942,0,5.2,5.99,0,221,15.29345917,14.7408,16.2583,217.4,294.1,9.25,-0.69,0.79,13.29,-1.12,7.6,217.6,83.8,495.5
gam_v2,2022-08-11,2022,Maine,Eastern US,230031100,-68.033006,46.696431,MICMAC HEALTH DEPARTMENT,230031100,0,25,25.8068,-0.8068,1,4.1,5.99,0,222,15.29345917,14.7881,16.3646,193,295.1,11.98,0.81,1.76,15.58,10.01,10,242.6,247.2,416.4
gam_v2,2022-08-12,2022,Maine,Eastern US,230031100,-68.033006,46.696431,MICMAC HEALTH DEPARTMENT,230031100,0,16,21.1917,-5.1917,0,4.3,5.99,0,223,15.29345917,14.7881,16.3646,265.2,293.6,10.5,1.26,-1.25,12.58,10.15,7.8,185.9,338.7,482.2
gam_v2,2022-08-13,2022,Maine,Eastern US,230031100,-68.033006,46.696431,MICMAC HEALTH DEPARTMENT,230031100,0,13,19.1687,-6.1687,0,4.6,5.99,0,224,15.18047451,14.8166,16.0853,187.4,294.4,9.45,0.62,-0.89,5.59,6.51,7.8,162,336.7,602.6
gam_v2,2022-08-14,2022,Maine,Eastern US,230031100,-68.033006,46.696431,MICMAC HEALTH DEPARTMENT,230031100,0,20,18.5863,1.4137,0,5.4,5.99,0,225,15.25016375,14.858,15.9603,221.6,295.1,10.54,-0.13,-1.26,0.99,3.96,9.3,146.1,47,552.4
gam_v2,2022-08-15,2022,Maine,Eastern US,230031100,-68.033006,46.696431,MICMAC HEALTH DEPARTMENT,230031100,0,20,22.7676,-2.7676,0,5.3,5.99,0,226,15.23495503,14.9568,15.8651,292,297.6,10.06,1.17,-0.13,8.02,-1.9,7.2,222.6,303.1,509.9
gam_v2,2022-08-17,2022,Maine,Eastern US,230031100,-68.033006,46.696431,MICMAC HEALTH DEPARTMENT,230031100,0,20,18.9611,1.0389,1,4.5,5.99,0,228,15.23495503,14.9393,15.8904,94.2,292.5,10.88,-1.79,-2.45,-7.22,2.93,9.1,428.5,73.4,523.2
gam_v2,2022-08-18,2022,Maine,Eastern US,230031100,-68.033006,46.696431,MICMAC HEALTH DEPARTMENT,230031100,0,19,24.34,-5.34,0,2,5.99,0,229,15.22236598,14.8995,15.8567,203,294.8,11.85,-2.73,-0.5,-8.08,2.77,10.8,414.3,143.3,730.3
gam_v2,2022-08-19,2022,Maine,Eastern US,230031100,-68.033006,46.696431,MICMAC HEALTH DEPARTMENT,230031100,0,18,20.2828,-2.2828,0,4.1,5.99,0,230,15.22236598,14.8995,15.8567,246.1,295.9,11.25,2,-0.15,10.28,-5.33,9.3,295.3,299.4,523.2
gam_v2,2022-08-22,2022,Maine,Eastern US,230031100,-68.033006,46.696431,MICMAC HEALTH DEPARTMENT,230031100,0,35,27.0537,7.9463,0,7,5.99,0,233,15.05560573,14.8576,15.9756,178,296.6,12.63,0.21,2.99,10.81,6.16,9.5,382,205.8,460.9
gam_v2,2022-08-23,2022,Maine,Eastern US,230031100,-68.033006,46.696431,MICMAC HEALTH DEPARTMENT,230031100,0,23,21.1978,1.8022,0,5,5.99,0,234,15.05560573,14.957,15.9957,140,292.5,11.54,-1.42,0.87,6.99,6.77,6.5,345.4,110.3,446.8
gam_v2,2022-08-24,2022,Maine,Eastern US,230031100,-68.033006,46.696431,MICMAC HEALTH DEPARTMENT,230031100,0,24,22.977,1.023,0,4.2,5.99,0,235,15.05560573,14.9842,15.9957,216.8,296.2,11.13,0.16,0.94,10.3,2.18,10,42.2,346.6,333.3
gam_v2,2022-08-26,2022,Maine,Eastern US,230031100,-68.033006,46.696431,MICMAC HEALTH DEPARTMENT,230031100,0,18,18.4802,-0.4802,0,8.3,5.99,0,237,15.01151891,14.9558,15.9461,103.5,291.6,9.42,-0.42,-0.13,17.99,7.69,6.8,65.8,162.2,336.8
gam_v2,2022-08-27,2022,Maine,Eastern US,230031100,-68.033006,46.696431,MICMAC HEALTH DEPARTMENT,230031100,0,20,20.9247,-0.9247,0,5.5,5.99,0,238,15.01865506,14.9774,15.9461,246.1,292.3,8.28,1.09,-1.75,16.68,-1.76,6.1,202.8,327.7,543.2
gam_v2,2022-08-28,2022,Maine,Eastern US,230031100,-68.033006,46.696431,MICMAC HEALTH DEPARTMENT,230031100,0,24,26.0012,-2.0012,0,5.5,5.99,0,239,15.05296862,14.9859,15.9907,273.7,295.2,8.53,1.55,1.31,11.83,-3.99,6.7,152.5,249.6,480.8
gam_v2,2022-08-29,2022,Maine,Eastern US,230031100,-68.033006,46.696431,MICMAC HEALTH DEPARTMENT,230031100,0,25,23.9344,1.0656,0,9.2,5.99,0,240,15.05296862,14.9519,15.942,170.6,298,11.47,1.03,1.97,18.54,-0.93,12.4,363.8,257.8,451.1
gam_v2,2022-08-31,2022,Maine,Eastern US,230031100,-68.033006,46.696431,MICMAC HEALTH DEPARTMENT,230031100,0,40,29.3603,10.6397,0,2.3,5.99,0,242,14.96272162,14.8932,15.9601,132.2,296,14.38,-0.09,2.86,7.68,23.34,14.9,536.3,171.5,475.1
gam_v2,2022-09-01,2022,Maine,Eastern US,230031100,-68.033006,46.696431,MICMAC HEALTH DEPARTMENT,230031100,0,21,22.7049,-1.7049,0,3.3,4.59,0,243,14.96272162,14.8994,15.9603,196.8,292.9,9.62,1.92,0.96,14.88,10.13,6.3,404.8,266.3,788.9
gam_v2,2022-09-02,2022,Maine,Eastern US,230031100,-68.033006,46.696431,MICMAC HEALTH DEPARTMENT,230031100,0,27,24.4279,2.5721,0,2.6,4.59,0,244,14.88246228,14.9469,15.9773,266.9,292.2,7.26,1.9,-0.05,20.28,-5.37,4.9,326.2,291,700.1
gam_v2,2022-09-03,2022,Maine,Eastern US,230031100,-68.033006,46.696431,MICMAC HEALTH DEPARTMENT,230031100,0,24,24.6796,-0.6796,0,3.5,4.59,0,245,14.88246228,14.9655,15.9441,240.1,296.8,9.55,0.29,2.5,11.66,4.91,8.6,210.6,249.9,396
gam_v2,2022-09-04,2022,Maine,Eastern US,230031100,-68.033006,46.696431,MICMAC HEALTH DEPARTMENT,230031100,0,12,19.3667,-7.3667,0,3.3,4.59,0,246,14.93948276,14.968,15.9128,189.3,293,9.67,0.67,-0.48,13.43,3.18,7.2,319.2,327.1,671.9
gam_v2,2022-09-05,2022,Maine,Eastern US,230031100,-68.033006,46.696431,MICMAC HEALTH DEPARTMENT,230031100,0,15,20.9925,-5.9925,0,3.1,4.59,0,247,14.93948276,15.0038,15.82,231.1,291.4,6.91,-0.93,-1.29,13.66,1.23,5.4,159.5,61.7,467.5
gam_v2,2022-09-06,2022,Maine,Eastern US,230031100,-68.033006,46.696431,MICMAC HEALTH DEPARTMENT,230031100,0,22,20.8883,1.1117,1,3.5,4.59,0,248,14.94494295,15.0038,15.82,254.2,293.2,7.43,-0.84,-0.13,5.79,-6.04,6.4,64.7,34,414.7
gam_v2,2022-09-07,2022,Maine,Eastern US,230031100,-68.033006,46.696431,MICMAC HEALTH DEPARTMENT,230031100,0,23,22.9667,0.0333,1,4.5,4.59,0,249,14.94494295,15.0124,15.7598,248.4,295.6,7.68,0.92,0.3,1.04,-6.31,6.5,88.3,309.5,413.3
gam_v2,2022-09-13,2022,Maine,Eastern US,230031100,-68.033006,46.696431,MICMAC HEALTH DEPARTMENT,230031100,0,25,26.5227,-1.5227,0,9.1,4.59,0,255,14.79761023,14.9923,15.6062,193.2,298.1,11.94,0.29,1.19,7.85,3.1,10.3,128.1,203.7,404
gam_v2,2022-09-14,2022,Maine,Eastern US,230031100,-68.033006,46.696431,MICMAC HEALTH DEPARTMENT,230031100,0,29,24.9586,4.0414,0,1.7,4.59,0,256,14.79761023,15.0185,15.6438,149.9,294.6,11.92,1.3,1.09,10.48,6.78,10.9,481.2,269.5,850.4
gam_v2,2022-09-15,2022,Maine,Eastern US,230031100,-68.033006,46.696431,MICMAC HEALTH DEPARTMENT,230031100,0,17,22.9441,-5.9441,0,2.8,4.59,0,257,14.81325297,15.0197,15.4748,212.1,287.5,5.81,5.21,-2.37,15.75,-8.47,3.9,752,317.7,1449.8
gam_v2,2022-09-16,2022,Maine,Eastern US,230031100,-68.033006,46.696431,MICMAC HEALTH DEPARTMENT,230031100,0,26,24.0423,1.9577,0,3.2,4.59,0,258,14.81325297,15.0197,15.4748,231.8,287.1,5.06,3.96,-2.84,24.8,-15.56,3.6,622.4,321.6,1236.1
gam_v2,2022-09-17,2022,Maine,Eastern US,230031100,-68.033006,46.696431,MICMAC HEALTH DEPARTMENT,230031100,0,25,22.3087,2.6913,0,2.9,4.59,0,259,14.79119503,14.9931,15.6046,227.8,289.7,5.6,2.69,-1.05,20.36,-20.46,4,473.6,314.6,777.6
gam_v2,2022-09-18,2022,Maine,Eastern US,230031100,-68.033006,46.696431,MICMAC HEALTH DEPARTMENT,230031100,0,24,21.7352,2.2648,0,3.7,4.59,0,260,14.89872164,14.9744,15.6066,167.5,288.4,6.11,0.9,-0.85,24.07,-10.01,2.7,396.7,337.4,883
gam_v2,2022-09-19,2022,Maine,Eastern US,230031100,-68.033006,46.696431,MICMAC HEALTH DEPARTMENT,230031100,0,22,20.4886,1.5114,0,4.3,4.59,0,261,14.76909803,14.9712,15.6224,218.3,289.5,5.19,-0.73,-1.07,15.47,-7.31,3.7,137.3,19.6,416.8
gam_v2,2022-09-20,2022,Maine,Eastern US,230031100,-68.033006,46.696431,MICMAC HEALTH DEPARTMENT,230031100,0,16,18.4067,-2.4067,0,3.1,4.59,0,262,14.76909803,14.9712,15.6224,70.6,284.5,6.27,-2.3,-0.5,-0.91,2.54,3.5,348.6,85.9,680.2
gam_v2,2022-09-21,2022,Maine,Eastern US,230031100,-68.033006,46.696431,MICMAC HEALTH DEPARTMENT,230031100,0,13,17.4707,-4.4707,0,2.4,4.59,0,263,14.67143643,14.9712,15.6224,114.9,288.7,7.77,-0.48,-1.34,2.94,-3.86,7.7,303.9,89.9,514.1
gam_v2,2022-09-22,2022,Maine,Eastern US,230031100,-68.033006,46.696431,MICMAC HEALTH DEPARTMENT,230031100,0,16,22.244,-6.244,0,2.4,4.59,0,264,14.67143643,14.869,15.6224,44.5,289.3,9.27,-0.03,1.74,18.54,13.63,10.6,445.2,205.8,584.2
gam_v2,2022-09-23,2022,Maine,Eastern US,230031100,-68.033006,46.696431,MICMAC HEALTH DEPARTMENT,230031100,0,24,21.8735,2.1265,0,3,4.59,0,265,14.88770411,14.8509,15.5815,177.1,286.3,5.93,2.58,-3.06,5.85,2.25,4.2,717,316.7,1216.7
gam_v2,2022-09-24,2022,Maine,Eastern US,230031100,-68.033006,46.696431,MICMAC HEALTH DEPARTMENT,230031100,0,26,23.4967,2.5033,0,3.9,4.59,0,266,14.97339191,14.8649,15.629,202.2,288.6,5.15,3.69,-5.47,0.62,-22.11,3.8,744.9,341.4,824.1
gam_v2,2022-09-25,2022,Maine,Eastern US,230031100,-68.033006,46.696431,MICMAC HEALTH DEPARTMENT,230031100,0,20,20.0349,-0.0349,0,4.2,4.59,0,267,15.04937733,14.8868,15.6403,186,291,6.8,2.39,0.48,14.74,-0.49,5.1,375.3,276.6,474.7
gam_v2,2022-09-26,2022,Maine,Eastern US,230031100,-68.033006,46.696431,MICMAC HEALTH DEPARTMENT,230031100,0,22,26.5418,-4.5418,0,5,4.59,0,268,15.11816264,14.8399,15.7571,120.4,291,8.83,-0.08,1.61,10.6,12.02,9.1,357.7,222.2,675.8
gam_v2,2022-09-27,2022,Maine,Eastern US,230031100,-68.033006,46.696431,MICMAC HEALTH DEPARTMENT,230031100,0,30,27.4774,2.5226,0,5.7,4.59,0,269,15.1049519,14.8178,15.8973,140.7,291.4,8.9,-0.01,2.65,15.46,19.6,7.3,354.1,214.3,465.4
gam_v2,2022-09-28,2022,Maine,Eastern US,230031100,-68.033006,46.696431,MICMAC HEALTH DEPARTMENT,230031100,0,21,20.9042,0.0958,0,5.3,4.59,0,270,15.14715793,14.8685,15.8973,163.8,289.8,8.11,1.48,0.59,9.48,3.74,6.6,268,288.7,602.9
gam_v2,2022-09-29,2022,Maine,Eastern US,230031100,-68.033006,46.696431,MICMAC HEALTH DEPARTMENT,230031100,0,17,20.059,-3.059,0,3.9,4.59,0,271,15.14715793,14.932,15.8973,200.5,286.6,5.89,2.3,-1.35,10.51,-5.87,4.3,419.6,309.7,984.7
gam_v2,2022-09-30,2022,Maine,Eastern US,230031100,-68.033006,46.696431,MICMAC HEALTH DEPARTMENT,230031100,0,23,20.373,2.627,0,3.4,4.59,0,272,15.22243382,14.932,15.8973,196.4,290.2,5.35,1.82,0.62,11.59,-3.06,3.7,195.6,278.9,395.6
gam_v2,2023-04-14,2023,Maine,Eastern US,230031100,-68.033006,46.696431,MICMAC HEALTH DEPARTMENT,230031100,0,44,40.71,3.29,0,7,5.48,0,103,15.2600423,14.7587,14.7794,271.7,284.7,5.53,1.71,-2.81,33.87,-20.55,2.9,505.7,332.1,856
gam_v2,2023-04-17,2023,Maine,Eastern US,230031100,-68.033006,46.696431,MICMAC HEALTH DEPARTMENT,230031100,0,31,28.0759,2.9241,0,4.1,5.48,0,106,15.26865358,14.9355,14.7794,97.4,286.2,7.06,-2.08,1.77,4.32,6.59,7.7,215.4,130.9,302
gam_v2,2023-04-18,2023,Maine,Eastern US,230031100,-68.033006,46.696431,MICMAC HEALTH DEPARTMENT,230031100,0,33,33.2169,-0.2169,0,2.9,5.48,0,107,15.28226049,14.9537,14.7794,97.4,284.9,6.37,-1.31,2.42,3.84,24.72,5.2,308,259.1,488.7
gam_v2,2023-04-19,2023,Maine,Eastern US,230031100,-68.033006,46.696431,MICMAC HEALTH DEPARTMENT,230031100,0,28,34.3062,-6.3062,0,3.7,5.48,0,108,15.28226049,14.9925,14.7794,159.1,281.5,4.61,2.4,1.25,11.64,8.84,3.6,413.4,258.8,1016.7
gam_v2,2023-04-20,2023,Maine,Eastern US,230031100,-68.033006,46.696431,MICMAC HEALTH DEPARTMENT,230031100,0,33,35.1188,-2.1188,0,4.5,5.48,0,109,15.29720917,14.9925,14.7794,196.7,279.7,3.86,2.69,-1.65,17.17,-16.17,2.1,373.1,299,1021.4
gam_v2,2023-04-21,2023,Maine,Eastern US,230031100,-68.033006,46.696431,MICMAC HEALTH DEPARTMENT,230031100,0,35,38.2941,-3.2941,0,5.8,5.48,0,110,15.29720917,15.052,15.167,257.3,283.6,3.58,0.46,-0.67,18.36,-18.92,2.6,179.6,14.5,660
gam_v2,2023-04-22,2023,Maine,Eastern US,230031100,-68.033006,46.696431,MICMAC HEALTH DEPARTMENT,230031100,0,43,42.7384,0.2616,0,3.9,5.48,0,111,15.25088828,15.0679,15.9041,252,286.3,5.1,-2.37,2.6,6.91,-1.66,3,247.9,108.7,568.5
gam_v2,2023-04-23,2023,Maine,Eastern US,230031100,-68.033006,46.696431,MICMAC HEALTH DEPARTMENT,230031100,0,45,41.6417,3.3583,0,5,5.48,0,112,15.22949387,15.0868,15.9041,266,286.9,5.2,-2.96,1.94,-1.94,7.95,4,358.8,87.1,544.1
gam_v2,2023-04-24,2023,Maine,Eastern US,230031100,-68.033006,46.696431,MICMAC HEALTH DEPARTMENT,230031100,0,43,37.0495,5.9505,0,5.8,5.48,0,113,15.22949387,15.0868,15.9041,129.7,284,4.96,-2.54,0.69,-8.16,12.6,4.1,278.3,88.1,560.2
gam_v2,2023-04-25,2023,Maine,Eastern US,230031100,-68.033006,46.696431,MICMAC HEALTH DEPARTMENT,230031100,0,36,36.8752,-0.8752,0,5.7,5.48,0,114,15.22949387,15.0868,15.9041,168.5,283.5,4.82,-1.31,1.11,-9.92,17.43,4.4,224.9,115,475.1
gam_v2,2023-04-26,2023,Maine,Eastern US,230031100,-68.033006,46.696431,MICMAC HEALTH DEPARTMENT,230031100,0,38,41.7826,-3.7826,0,5.1,5.48,0,115,15.22949387,15.0868,15.9041,225.2,285.7,4.9,0.04,1.21,-1.15,18.6,4.5,126.2,205,478.1
gam_v2,2023-04-27,2023,Maine,Eastern US,230031100,-68.033006,46.696431,MICMAC HEALTH DEPARTMENT,230031100,0,44,40.3287,3.6713,0,5.8,5.48,0,116,15.22949387,15.0868,15.9041,239.5,286.1,4.91,0.7,-0.88,-4.14,8.51,3.7,107.7,297.9,682.7
gam_v2,2023-04-28,2023,Maine,Eastern US,230031100,-68.033006,46.696431,MICMAC HEALTH DEPARTMENT,230031100,0,46,44.0589,1.9411,0,6.9,5.48,0,117,15.28206669,15.0868,15.9041,295.1,290.2,4.99,0.5,-1.44,-1.62,-2.81,3.9,182.9,323.4,696.3
gam_v2,2023-04-29,2023,Maine,Eastern US,230031100,-68.033006,46.696431,MICMAC HEALTH DEPARTMENT,230031100,0,45,45.5939,-0.5939,0,6.2,5.48,0,118,15.2743691,15.0661,16.0481,252.8,289.2,5.87,-1.34,2.13,2.88,1.05,4.4,167.2,203.4,549.5
gam_v2,2023-04-30,2023,Maine,Eastern US,230031100,-68.033006,46.696431,MICMAC HEALTH DEPARTMENT,230031100,0,39,42.3673,-3.3673,0,4.5,5.48,0,119,15.22374792,15.0377,16.0725,190.2,284.7,5.76,-1.85,2.52,7.13,7.39,3.1,376.3,132.2,701
gam_v2,2023-05-01,2023,Maine,Eastern US,230031100,-68.033006,46.696431,MICMAC HEALTH DEPARTMENT,230031100,0,44,38.9732,5.0268,0,3,5.57,0,120,15.22374792,15.035,16.0725,59.6,281.8,5.46,-6.31,1.96,-5.81,22.99,4.8,755.4,111,761.7
gam_v2,2023-05-02,2023,Maine,Eastern US,230031100,-68.033006,46.696431,MICMAC HEALTH DEPARTMENT,230031100,0,41,39.2116,1.7884,0,4.8,5.57,0,121,15.22374792,14.985,16.0725,227.5,286.2,6.26,-3.2,1.51,-5.82,18.78,5.1,276.4,127.9,720.4
gam_v2,2023-05-03,2023,Maine,Eastern US,230031100,-68.033006,46.696431,MICMAC HEALTH DEPARTMENT,230031100,0,42,37.4342,4.5658,0,5.2,5.57,0,122,15.24913375,14.9549,15.9895,166.4,280.3,4.29,-3.6,-1.3,-10.21,10.32,3.9,539.7,90.4,785.5
gam_v2,2023-05-04,2023,Maine,Eastern US,230031100,-68.033006,46.696431,MICMAC HEALTH DEPARTMENT,230031100,0,38,36.9921,1.0079,0,3.2,5.57,0,123,15.24913375,14.923,15.9735,168.4,282.2,4.75,-2.42,-2.64,-9.72,-1.18,4.5,624.9,71.6,661.5
gam_v2,2023-05-05,2023,Maine,Eastern US,230031100,-68.033006,46.696431,MICMAC HEALTH DEPARTMENT,230031100,0,40,41.8653,-1.8653,0,3.8,5.57,0,124,15.22518649,14.9107,15.941,276.8,288.3,5.32,-0.23,-2.9,-11.19,-4.46,4.1,294.6,25.1,837.5
gam_v2,2023-05-06,2023,Maine,Eastern US,230031100,-68.033006,46.696431,MICMAC HEALTH DEPARTMENT,230031100,0,44,40.545,3.455,0,4.4,5.57,0,125,15.22518649,14.8369,15.991,310.3,291,6.65,1.51,-2.62,1.88,-15.16,4.1,403.4,19.2,868.4
gam_v2,2023-05-07,2023,Maine,Eastern US,230031100,-68.033006,46.696431,MICMAC HEALTH DEPARTMENT,230031100,0,44,40.8733,3.1267,0,3,5.57,0,126,15.27739606,14.8581,15.8082,322.4,291.7,6.67,2.54,-1.03,12.26,-9.58,3.2,481.9,303.5,1127.7
gam_v2,2023-05-08,2023,Maine,Eastern US,230031100,-68.033006,46.696431,MICMAC HEALTH DEPARTMENT,230031100,0,37,36.9891,0.0109,0,5.1,5.57,0,127,15.27739606,14.8581,15.8082,246.2,284.1,4.87,1.65,-3.55,18.71,-9.59,2.6,394.9,355.8,1135
gam_v2,2023-05-09,2023,Maine,Eastern US,230031100,-68.033006,46.696431,MICMAC HEALTH DEPARTMENT,230031100,0,35,38.0306,-3.0306,0,4.1,5.57,0,128,15.27739606,14.8581,15.8082,276.6,282.3,3.55,1.81,-2.68,7.65,-15.99,1.8,437,359.6,1328.7
gam_v2,2023-05-13,2023,Maine,Eastern US,230031100,-68.033006,46.696431,MICMAC HEALTH DEPARTMENT,230031100,0,33,38.4286,-5.4286,1,3,5.57,0,132,15.17156898,14.9388,15.8571,231.7,287.4,6.2,3.15,-2.14,19.77,-4.34,3.7,495.5,299,1450.8
gam_v2,2023-05-14,2023,Maine,Eastern US,230031100,-68.033006,46.696431,MICMAC HEALTH DEPARTMENT,230031100,0,40,39.8003,0.1997,1,3.3,5.57,0,133,15.09372604,14.9489,15.8273,309.3,285.8,4.25,3.01,-3.19,7.06,-14.8,2.6,647.4,333.5,1491.3
gam_v2,2023-05-15,2023,Maine,Eastern US,230031100,-68.033006,46.696431,MICMAC HEALTH DEPARTMENT,230031100,0,41,39.3945,1.6055,1,4.2,5.57,0,134,15.1933755,14.9505,15.7102,204.9,289.5,5.9,4.33,0.12,15.09,-13.84,3.5,701,281.7,1037
gam_v2,2023-05-16,2023,Maine,Eastern US,230031100,-68.033006,46.696431,MICMAC HEALTH DEPARTMENT,230031100,0,40,31.1694,8.8306,1,4.6,5.57,0,135,15.1933755,14.9546,15.7526,91.7,284,5.97,2.19,-1,28.41,-4.59,3.8,375,302,999.4
gam_v2,2023-05-17,2023,Maine,Eastern US,230031100,-68.033006,46.696431,MICMAC HEALTH DEPARTMENT,230031100,0,38,34.5357,3.4643,0,4.8,5.57,0,136,15.1933755,14.9546,15.7526,241.7,278.7,3.33,2.04,-3.13,20.22,3.9,1.7,395.7,331.6,1334.5
gam_v2,2023-05-18,2023,Maine,Eastern US,230031100,-68.033006,46.696431,MICMAC HEALTH DEPARTMENT,230031100,0,35,39.7365,-4.7365,1,4.3,5.57,0,137,15.14034669,14.9721,15.8023,333.3,284.8,3.32,2.93,-1.4,10,-19.91,1.9,437.9,312.6,1270.7
gam_v2,2023-05-22,2023,Maine,Eastern US,230031100,-68.033006,46.696431,MICMAC HEALTH DEPARTMENT,230031100,0,39,40.2706,-1.2706,1,4.8,5.57,0,141,15.26428049,14.9842,15.8092,359,287,3.73,0.87,-2.05,22.47,2.34,1.9,263.3,336.6,935.9
gam_v2,2023-05-23,2023,Maine,Eastern US,230031100,-68.033006,46.696431,MICMAC HEALTH DEPARTMENT,230031100,0,40,42.07,-2.07,1,5,5.57,0,142,15.30803075,14.9812,15.7588,351.2,291.5,5.2,-0.43,2.4,14.07,-1.6,4.2,266.8,217.5,691.4
gam_v2,2023-05-24,2023,Maine,Eastern US,230031100,-68.033006,46.696431,MICMAC HEALTH DEPARTMENT,230031100,0,35,31.8244,3.1756,1,4.7,5.57,0,143,15.29417638,14.967,15.7727,114.6,286.1,6.59,0.79,1.68,16.64,11.58,5.3,310.1,210.2,541.3
gam_v2,2023-05-25,2023,Maine,Eastern US,230031100,-68.033006,46.696431,MICMAC HEALTH DEPARTMENT,230031100,0,19,24.9604,-5.9604,1,3.6,5.57,0,144,15.29417638,14.9427,15.8131,100.8,281.2,5.46,0.67,-3.49,0.66,4.32,4.1,551.8,46.8,725.6
gam_v2,2023-05-26,2023,Maine,Eastern US,230031100,-68.033006,46.696431,MICMAC HEALTH DEPARTMENT,230031100,0,24,29.6922,-5.6922,1,4,5.57,0,145,15.29417638,14.9063,15.7595,175.3,287.6,5.43,1.45,-2.15,-6.68,-14.16,4.8,338.4,26.1,601.4
gam_v2,2023-05-29,2023,Maine,Eastern US,230031100,-68.033006,46.696431,MICMAC HEALTH DEPARTMENT,230031100,0,39,37.3584,1.6416,1,4.8,5.57,0,148,15.37966839,14.8765,15.7595,356.6,291,5.47,-0.04,-2.66,10.08,-23.21,3,434.7,24,1170.5
gam_v2,2023-06-03,2023,Maine,Eastern US,230031100,-68.033006,46.696431,MICMAC HEALTH DEPARTMENT,230031100,0,26,31.2791,-5.2791,1,2.3,5.67,0,153,15.41121208,14.8209,15.7354,283,286.7,5.28,-2.75,-3.09,-1.39,-3.73,3.7,604.6,61.6,832.9
gam_v2,2023-06-04,2023,Maine,Eastern US,230031100,-68.033006,46.696431,MICMAC HEALTH DEPARTMENT,230031100,0,24,25.3315,-1.3315,0,2.3,5.67,0,154,15.1762213,14.8073,15.7432,131.8,285.8,5.85,-2.08,-2.16,-8.88,0.23,5,489.1,74.7,634.6
gam_v2,2023-06-05,2023,Maine,Eastern US,230031100,-68.033006,46.696431,MICMAC HEALTH DEPARTMENT,230031100,0,23,24.6553,-1.6553,1,1.8,5.67,0,155,15.19704214,14.8617,15.8507,126.7,285.8,6.55,-1.47,-2.04,-6.26,1.33,5.9,405.1,78.8,410.6
gam_v2,2023-06-06,2023,Maine,Eastern US,230031100,-68.033006,46.696431,MICMAC HEALTH DEPARTMENT,230031100,0,22,24.0045,-2.0045,1,1.6,5.67,0,156,15.19704214,14.9433,15.8507,88.7,285.4,7.05,0,-4.35,-6.39,-6.61,6.8,641.8,62.9,823.8
gam_v2,2023-06-07,2023,Maine,Eastern US,230031100,-68.033006,46.696431,MICMAC HEALTH DEPARTMENT,230031100,0,20,20.2836,-0.2836,1,3,5.67,0,157,15.0650737,14.9394,15.9196,87.2,283.9,6.54,-0.64,-2.99,-10.82,-4.51,6.2,357.5,74.5,575.8
gam_v2,2023-06-08,2023,Maine,Eastern US,230031100,-68.033006,46.696431,MICMAC HEALTH DEPARTMENT,230031100,0,16,24.5345,-8.5345,1,3.1,5.67,0,158,14.96268366,14.9588,15.9411,181.5,288.1,7.13,-1.83,-1.28,-8.1,1.39,6.4,266.1,75.8,576.6
gam_v2,2023-06-09,2023,Maine,Eastern US,230031100,-68.033006,46.696431,MICMAC HEALTH DEPARTMENT,230031100,0,16,23.4315,-7.4315,1,3.2,5.67,0,159,15.11188944,15.0231,15.8934,147.9,287.4,7.24,-1.26,-0.86,-5.56,3.3,6.3,256.6,79,397.3
gam_v2,2023-06-15,2023,Maine,Eastern US,230031100,-68.033006,46.696431,MICMAC HEALTH DEPARTMENT,230031100,0,39,33.9126,5.0874,1,3.6,5.67,0,165,15.02811871,15.0422,15.8165,198,293.8,10.84,-0.04,1.37,-4.13,-0.46,9.2,239,198.5,486.4
gam_v2,2023-06-16,2023,Maine,Eastern US,230031100,-68.033006,46.696431,MICMAC HEALTH DEPARTMENT,230031100,0,26,28.1799,-2.1799,1,3.8,5.67,0,166,14.99473185,15.0394,15.7421,227.9,292.1,8.76,1.06,-1.34,8.1,-1.4,8.1,118.9,340.9,554.4
gam_v2,2023-06-17,2023,Maine,Eastern US,230031100,-68.033006,46.696431,MICMAC HEALTH DEPARTMENT,230031100,0,25,21.2384,3.7616,1,2.3,5.67,0,167,14.99473185,15.0379,15.9235,79.4,286.7,8.14,-2.68,-1.32,-0.02,5.61,6.8,416.4,75.4,479.6
gam_v2,2023-06-18,2023,Maine,Eastern US,230031100,-68.033006,46.696431,MICMAC HEALTH DEPARTMENT,230031100,0,21,21.9689,-0.9689,1,2.5,5.67,0,168,15.04912838,15.0379,15.8985,101.6,286,6.88,-1.95,-3.58,-7.71,-1.47,6.3,556,67.2,599.4
gam_v2,2023-06-19,2023,Maine,Eastern US,230031100,-68.033006,46.696431,MICMAC HEALTH DEPARTMENT,230031100,0,24,21.4901,2.5099,1,3.7,5.67,0,169,15.12570763,15.0662,15.9129,176.5,288.3,7.51,0.14,-1.93,2.37,-3.73,6.6,294.5,62,571.8
gam_v2,2023-06-20,2023,Maine,Eastern US,230031100,-68.033006,46.696431,MICMAC HEALTH DEPARTMENT,230031100,0,29,25.4447,3.5553,1,4.1,5.67,0,170,15.0866521,15.0669,15.9011,278,292.3,7.69,-0.4,-1.45,-2.13,-4.15,6.7,152.2,23.8,450.8
gam_v2,2023-06-21,2023,Maine,Eastern US,230031100,-68.033006,46.696431,MICMAC HEALTH DEPARTMENT,230031100,0,36,32.0334,3.9666,1,4.9,5.67,0,171,15.0866521,15.0486,15.9011,362.8,298,8.42,1,-0.28,-7.97,-5.28,6.3,68.6,316.2,564.1
gam_v2,2023-06-27,2023,Maine,Eastern US,230031100,-68.033006,46.696431,MICMAC HEALTH DEPARTMENT,230031100,0,21,24.8511,-3.8511,1,2,5.67,0,177,15.0904176,14.9387,15.8693,212.6,296.2,11.26,-2.13,2.57,4.75,13.05,12.4,485.5,150.1,393.1
gam_v2,2023-06-28,2023,Maine,Eastern US,230031100,-68.033006,46.696431,MICMAC HEALTH DEPARTMENT,230031100,0,37,28.582,8.418,1,2.2,5.67,0,178,15.05049716,14.8969,15.8723,196.1,297.5,13.29,-0.8,3.92,8.34,18.77,13.6,485,200.2,446.4
gam_v2,2023-06-29,2023,Maine,Eastern US,230031100,-68.033006,46.696431,MICMAC HEALTH DEPARTMENT,230031100,0,31,28.1572,2.8428,1,3.9,5.67,0,179,15.11648874,14.9024,15.8908,183.6,296.7,13.44,-0.29,2.62,5.67,13.57,12.9,406.7,203.3,403.2
gam_v2,2023-07-01,2023,Maine,Eastern US,230031100,-68.033006,46.696431,MICMAC HEALTH DEPARTMENT,230031100,0,29,28.8109,0.1891,1,5.8,6.36,0,181,15.19824655,14.8333,16.0454,245.2,297.5,13.11,-0.24,2.62,8.41,7.3,12.5,253.9,199,565
gam_v2,2023-07-04,2023,Maine,Eastern US,230031100,-68.033006,46.696431,MICMAC HEALTH DEPARTMENT,230031100,0,30,29.1704,0.8296,0,9.5,6.36,0,184,15.13719378,14.7809,15.9994,321.7,301.1,13.13,0.02,-1.28,4.8,1.32,12.1,96.1,350.7,534.4
gam_v2,2023-07-09,2023,Maine,Eastern US,230031100,-68.033006,46.696431,MICMAC HEALTH DEPARTMENT,230031100,0,26,24.7808,1.2192,1,4.8,6.36,0,189,15.22267762,14.9002,16.0492,239.4,298.8,14.75,-0.2,2.06,5.48,6.24,13.7,269.5,207.5,448.4
gam_v2,2023-07-10,2023,Maine,Eastern US,230031100,-68.033006,46.696431,MICMAC HEALTH DEPARTMENT,230031100,0,20,22.9126,-2.9126,1,5.3,6.36,0,190,15.22267762,14.9002,16.031,210.6,297.9,14.37,-1.38,1.62,2.3,13.23,13.2,298.1,123.4,646.8
gam_v2,2023-07-11,2023,Maine,Eastern US,230031100,-68.033006,46.696431,MICMAC HEALTH DEPARTMENT,230031100,0,14,23.2468,-9.2468,1,1.8,6.36,0,191,15.22267762,14.9002,15.9821,164,296.1,14.46,-1.92,1.68,-1.49,16.75,12.5,418.3,122.7,547.8
gam_v2,2023-07-15,2023,Maine,Eastern US,230031100,-68.033006,46.696431,MICMAC HEALTH DEPARTMENT,230031100,0,31,25.0831,5.9169,1,5.2,6.36,0,195,15.09453454,14.9434,15.9088,208.5,297.2,14.43,-0.84,2.32,9.56,9.28,14.5,415.8,189.7,427.2
gam_v2,2023-07-16,2023,Maine,Eastern US,230031100,-68.033006,46.696431,MICMAC HEALTH DEPARTMENT,230031100,0,20,24.2096,-4.2096,0,2.9,6.36,0,196,15.09453454,14.8835,15.832,111.8,298.1,14.54,-0.96,2.81,11.6,10.94,15.4,337.3,198.5,412.8
gam_v2,2023-07-17,2023,Maine,Eastern US,230031100,-68.033006,46.696431,MICMAC HEALTH DEPARTMENT,230031100,0,28,28.776,-0.776,1,3.7,6.36,0,197,15.11449388,14.9678,15.8359,285.7,300.3,15.11,0.26,3.02,11.75,10.96,13.8,309.4,261.4,660.4
gam_v2,2023-07-23,2023,Maine,Eastern US,230031100,-68.033006,46.696431,MICMAC HEALTH DEPARTMENT,230031100,0,23,23.3655,-0.3655,1,4.5,6.36,0,203,14.95619299,15.0106,15.9847,299.9,298.1,13,1.21,0.99,10.32,9.25,11,224.9,266.8,571.2
gam_v2,2023-07-29,2023,Maine,Eastern US,230031100,-68.033006,46.696431,MICMAC HEALTH DEPARTMENT,230031100,0,20,22.7927,-2.7927,1,3.6,6.36,0,209,15.1656806,15.0822,16.2383,231.2,295.1,10.68,2.82,-0.7,28.28,0.41,6.4,471.5,306.7,1029.8
gam_v2,2023-07-30,2023,Maine,Eastern US,230031100,-68.033006,46.696431,MICMAC HEALTH DEPARTMENT,230031100,0,23,23.3788,-0.3788,1,4.1,6.36,0,210,15.1656806,15.0822,16.2383,320.4,293.8,9.02,1.98,-1.62,14.88,0.44,6,367.5,324.5,881.1
gam_v2,2023-07-31,2023,Maine,Eastern US,230031100,-68.033006,46.696431,MICMAC HEALTH DEPARTMENT,230031100,0,25,17.528,7.472,1,4.2,6.36,0,211,15.1656806,15.0822,16.2383,200.7,291.7,9.58,1.61,0,16.36,4.96,7.6,161,310.6,479.1
gam_v2,2023-08-01,2023,Maine,Eastern US,230031100,-68.033006,46.696431,MICMAC HEALTH DEPARTMENT,230031100,0,23,21.4531,1.5469,1,4.1,5.99,0,212,15.1656806,15.0346,16.2383,274.5,291.3,8.03,1.99,-1,13.55,1.84,5.8,308.3,302.6,863.9
gam_v2,2023-08-02,2023,Maine,Eastern US,230031100,-68.033006,46.696431,MICMAC HEALTH DEPARTMENT,230031100,0,21,22.0416,-1.0416,1,3.9,5.99,0,213,15.20236156,14.7374,16.2013,287.4,292.9,8.31,2.15,-0.18,9.54,-4.52,6.3,331.8,302.8,766.2
gam_v2,2023-08-03,2023,Maine,Eastern US,230031100,-68.033006,46.696431,MICMAC HEALTH DEPARTMENT,230031100,0,33,27.6093,5.3907,1,4.8,5.99,0,214,15.20236156,14.9386,16.2013,244.1,294,9.04,0.58,2.51,12.52,1.92,6.7,255,219.5,619.7
gam_v2,2023-08-04,2023,Maine,Eastern US,230031100,-68.033006,46.696431,MICMAC HEALTH DEPARTMENT,230031100,0,25,24.5461,0.4539,1,4.6,5.99,0,215,15.20193386,14.9386,16.2013,106.2,291.3,10.93,-0.97,4.11,10.01,10.63,9.8,468.9,179.9,528.9
gam_v2,2023-08-06,2023,Maine,Eastern US,230031100,-68.033006,46.696431,MICMAC HEALTH DEPARTMENT,230031100,0,20,21.9891,-1.9891,1,5.1,5.99,0,217,15.18044462,14.9386,16.2211,237.6,293.8,10.47,2.51,-0.32,12.45,-8.38,7.7,450.9,290.3,658.7
gam_v2,2023-08-07,2023,Maine,Eastern US,230031100,-68.033006,46.696431,MICMAC HEALTH DEPARTMENT,230031100,0,27,22.0397,4.9603,1,5.8,5.99,0,218,15.24319552,14.9386,16.2211,197.5,295,10.81,0.08,-0.3,9.66,-5.38,9.7,138.8,4.7,474.5
gam_v2,2023-08-08,2023,Maine,Eastern US,230031100,-68.033006,46.696431,MICMAC HEALTH DEPARTMENT,230031100,0,24,20.5814,3.4186,0,4.2,5.99,0,219,15.24319552,14.9386,16.2211,88,290.4,10.36,-2.87,1.83,8.9,6.77,8.6,374.8,123.1,502.7
gam_v2,2023-08-09,2023,Maine,Eastern US,230031100,-68.033006,46.696431,MICMAC HEALTH DEPARTMENT,230031100,0,20,22.649,-2.649,0,3.7,5.99,0,220,15.30264597,14.9386,16.2211,145.7,293.3,11.68,0.25,-0.74,5.21,-0.9,11.2,375.6,94.5,931.1
gam_v2,2023-08-10,2023,Maine,Eastern US,230031100,-68.033006,46.696431,MICMAC HEALTH DEPARTMENT,230031100,0,21,23.8929,-2.8929,1,4.6,5.99,0,221,15.30264597,14.9386,16.2211,264.6,295.9,11.07,1.85,-1.53,11.7,-1.92,8.2,367.1,312.8,619.1
gam_v2,2023-08-13,2023,Maine,Eastern US,230031100,-68.033006,46.696431,MICMAC HEALTH DEPARTMENT,230031100,0,25,22.2927,2.7073,0,5.9,5.99,0,224,15.00104003,15.1763,15.7306,170,295.9,11.52,-0.77,1.68,10.78,7.63,12.9,354.4,179.8,431.7
gam_v2,2023-08-14,2023,Maine,Eastern US,230031100,-68.033006,46.696431,MICMAC HEALTH DEPARTMENT,230031100,0,20,22.8206,-2.8206,1,4.8,5.99,0,225,15.00104003,14.9536,15.8558,202.7,296.6,12.06,0.76,-0.59,14.94,1.02,10.8,214.3,279,585.1
gam_v2,2023-08-15,2023,Maine,Eastern US,230031100,-68.033006,46.696431,MICMAC HEALTH DEPARTMENT,230031100,0,24,20.5777,3.4223,1,5.5,5.99,0,226,15.01462508,14.7896,15.8558,186.6,298,11.58,0.48,-0.4,16.63,-0.33,9.4,62.5,305.7,397.4
gam_v2,2023-08-17,2023,Maine,Eastern US,230031100,-68.033006,46.696431,MICMAC HEALTH DEPARTMENT,230031100,0,24,26.2155,-2.2155,1,5.6,5.99,0,228,15.01462508,14.8407,15.8364,248.3,296.6,12.25,-0.63,2.57,9.64,2.74,10.1,241.6,180.3,470.7
gam_v2,2023-08-18,2023,Maine,Eastern US,230031100,-68.033006,46.696431,MICMAC HEALTH DEPARTMENT,230031100,0,24,20.8898,3.1102,0,2.5,5.99,0,229,15.01462508,14.8407,15.8364,104.9,294.3,13.13,-1.89,1.55,6.1,17.27,12.8,460.3,113.2,573.7
gam_v2,2023-08-19,2023,Maine,Eastern US,230031100,-68.033006,46.696431,MICMAC HEALTH DEPARTMENT,230031100,0,23,25.0439,-2.0439,0,5,5.99,0,230,14.92990784,14.8407,15.8364,253.1,295.7,12.37,0.08,2.2,4.68,19.66,8.2,320.3,249.2,706.3
gam_v2,2023-08-20,2023,Maine,Eastern US,230031100,-68.033006,46.696431,MICMAC HEALTH DEPARTMENT,230031100,0,20,23.217,-3.217,1,4.5,5.99,0,231,14.97589916,14.8407,15.7575,172.6,295.6,11.37,1.17,0.74,8.49,-6.74,9.2,171.8,261.9,611.5
gam_v2,2023-08-22,2023,Maine,Eastern US,230031100,-68.033006,46.696431,MICMAC HEALTH DEPARTMENT,230031100,0,25,25.2589,-0.2589,1,4.9,5.99,0,233,14.97589916,14.8363,15.7185,282,291.3,7.79,1.88,-1.99,15.92,-7.67,4.4,504.3,324.6,1000.2
gam_v2,2023-08-23,2023,Maine,Eastern US,230031100,-68.033006,46.696431,MICMAC HEALTH DEPARTMENT,230031100,0,27,21.9121,5.0879,0,5.4,5.99,0,234,14.97589916,14.8363,15.7185,281.3,294.9,8.02,2.22,-0.56,10.64,-14,6.8,395.8,283.9,723
gam_v2,2023-08-25,2023,Maine,Eastern US,230031100,-68.033006,46.696431,MICMAC HEALTH DEPARTMENT,230031100,0,31,25.0504,5.9496,0,3.5,5.99,0,236,14.92542449,14.7836,15.6836,173.3,290.5,9.23,-0.79,3.09,7.83,0.79,6.1,504.1,186.4,586.3
gam_v2,2023-08-26,2023,Maine,Eastern US,230031100,-68.033006,46.696431,MICMAC HEALTH DEPARTMENT,230031100,0,19,17.6256,1.3744,0,2.9,5.99,0,237,14.8567261,14.7715,15.6424,84.3,292.5,10.89,0.1,0.86,13.32,7.15,10,172.7,281.2,389.1
gam_v2,2023-08-27,2023,Maine,Eastern US,230031100,-68.033006,46.696431,MICMAC HEALTH DEPARTMENT,230031100,0,24,19.8737,4.1263,1,3.7,5.99,0,238,14.91011687,14.7715,15.63,230.2,292.6,9.03,0.87,-1.79,10.13,0.67,7.2,280.1,0,696.3
gam_v2,2023-08-29,2023,Maine,Eastern US,230031100,-68.033006,46.696431,MICMAC HEALTH DEPARTMENT,230031100,0,25,24.9847,0.0153,1,4.8,5.99,0,240,14.88999212,14.7279,15.5753,167.7,293.9,11.43,0.44,2.52,22.28,7.46,10.7,344.3,217.4,482.7
gam_v2,2023-08-30,2023,Maine,Eastern US,230031100,-68.033006,46.696431,MICMAC HEALTH DEPARTMENT,230031100,0,28,24.9328,3.0672,0,2.8,5.99,0,241,14.83748779,14.7917,15.6389,138.5,295.2,12.43,0.16,1.05,17.04,13.98,10,222.1,223.1,481.3
gam_v2,2023-08-31,2023,Maine,Eastern US,230031100,-68.033006,46.696431,MICMAC HEALTH DEPARTMENT,230031100,0,26,25.8321,0.1679,1,4.7,5.99,0,242,14.83748779,14.8961,15.7322,270.6,289.6,7.67,2.49,-2.81,17.84,-5.42,4,570.6,8.2,1081.5
gam_v2,2023-09-08,2023,Maine,Eastern US,230031100,-68.033006,46.696431,MICMAC HEALTH DEPARTMENT,230031100,0,30,32.6905,-2.6905,0,8.5,4.59,0,250,14.95228168,14.9185,15.7263,166.9,298.5,15.77,0.19,2.39,11.1,5.48,14.6,292,193.7,400.9
gam_v2,2023-09-09,2023,Maine,Eastern US,230031100,-68.033006,46.696431,MICMAC HEALTH DEPARTMENT,230031100,0,17,26.6342,-9.6342,0,4.1,4.59,0,251,14.95228168,14.9853,15.7893,179.2,295.5,13.02,1.72,1.32,11.48,5.89,9.6,522.3,257.4,588.1
gam_v2,2023-09-10,2023,Maine,Eastern US,230031100,-68.033006,46.696431,MICMAC HEALTH DEPARTMENT,230031100,0,21,20.67,0.33,1,3.5,4.59,0,252,15.19356349,14.9969,15.8015,166.8,294.7,9.8,0.91,-0.46,12.23,5.96,8.1,145.8,339.4,413.7
gam_v2,2023-09-11,2023,Maine,Eastern US,230031100,-68.033006,46.696431,MICMAC HEALTH DEPARTMENT,230031100,0,14,19.328,-5.328,1,2.9,4.59,0,253,15.19356349,14.9969,15.9704,155.5,294,10.4,-0.92,-1.16,14.38,5.64,9.3,93,61.7,327.7
gam_v2,2023-09-12,2023,Maine,Eastern US,230031100,-68.033006,46.696431,MICMAC HEALTH DEPARTMENT,230031100,0,12,23.3323,-11.3323,1,2.4,4.59,0,254,15.19356349,15.0303,16.0188,141.7,293.3,10.74,-1.91,0.16,13.53,6.82,9.1,387,76.7,510
gam_v2,2023-09-13,2023,Maine,Eastern US,230031100,-68.033006,46.696431,MICMAC HEALTH DEPARTMENT,230031100,0,23,25.5652,-2.5652,1,2.5,4.59,0,255,15.26652209,15.0303,16.0188,106.5,294.7,11.93,-1.52,1.49,12.09,13.33,12.4,217.8,156.7,352.4
gam_v2,2023-09-14,2023,Maine,Eastern US,230031100,-68.033006,46.696431,MICMAC HEALTH DEPARTMENT,230031100,0,20,26.9025,-6.9025,1,3.4,4.59,0,256,15.1346312,15.0951,15.9658,217.4,294.9,11.29,1.26,1.08,12.66,19.82,8,326.7,262.5,643.1
gam_v2,2023-09-15,2023,Maine,Eastern US,230031100,-68.033006,46.696431,MICMAC HEALTH DEPARTMENT,230031100,0,20,19.934,0.066,0,5.3,4.59,0,257,15.1346312,14.9387,15.8772,189.7,292.1,8.11,1.33,-0.91,10.82,-0.25,6,420.5,308.8,839.8
gam_v2,2023-09-16,2023,Maine,Eastern US,230031100,-68.033006,46.696431,MICMAC HEALTH DEPARTMENT,230031100,0,22,18.0437,3.9563,0,2.1,4.59,0,258,15.02891271,14.9387,15.8929,65,288.1,8.74,-0.82,-4.59,-10.18,-3.36,5.7,536.2,77.1,495.8
gam_v2,2023-09-19,2023,Maine,Eastern US,230031100,-68.033006,46.696431,MICMAC HEALTH DEPARTMENT,230031100,0,26,21.9912,4.0088,1,2.5,4.59,0,261,14.9925807,14.9386,15.98,70,290,9.86,-2.12,-0.74,0.31,9.76,8,410.7,97.9,757.4
gam_v2,2023-09-20,2023,Maine,Eastern US,230031100,-68.033006,46.696431,MICMAC HEALTH DEPARTMENT,230031100,0,25,22.7362,2.2638,1,4,4.59,0,262,14.9925807,14.9486,15.9507,195.9,291.9,8.9,2.55,-2.48,9.82,-5.64,7.3,399.8,335.8,703.1
gam_v2,2023-09-21,2023,Maine,Eastern US,230031100,-68.033006,46.696431,MICMAC HEALTH DEPARTMENT,230031100,0,20,22.0199,-2.0199,1,4.1,4.59,0,263,14.99238942,14.9203,15.9934,210.9,289.3,7.12,0.99,-2.12,14.61,-14.6,5.4,320.5,353.9,719.7
gam_v2,2023-10-04,2023,Maine,Eastern US,230031100,-68.033006,46.696431,MICMAC HEALTH DEPARTMENT,230031100,0,19,23.527,-4.527,1,4.6,5.12,0,276,15.13107169,15.0194,15.8233,153,294.9,9.55,-1.06,0.94,11.64,-7.95,11.1,167,229.2,380.4
gam_v2,2023-10-06,2023,Maine,Eastern US,230031100,-68.033006,46.696431,MICMAC HEALTH DEPARTMENT,230031100,0,27,29.3061,-2.3061,0,5.5,5.12,0,278,15.15434748,15.0572,15.6956,168.2,294.7,10.52,-0.27,3.51,9.91,14.35,10.1,412.1,193.7,470.1
gam_v2,2023-10-07,2023,Maine,Eastern US,230031100,-68.033006,46.696431,MICMAC HEALTH DEPARTMENT,230031100,0,32,24.7229,7.2771,0,2.5,5.12,0,279,15.15434748,15.0572,15.8944,43.3,289.6,10.28,-1.69,2.58,3.4,16.26,9.8,465.2,134.2,465.9
gam_v2,2023-10-08,2023,Maine,Eastern US,230031100,-68.033006,46.696431,MICMAC HEALTH DEPARTMENT,230031100,0,29,26.4681,2.5319,0,2,5.12,0,280,15.2085358,15.0998,15.9209,53.2,289.5,9.62,-3.87,1.79,-3.89,26.09,9.9,402,160.3,633.6
gam_v2,2023-10-09,2023,Maine,Eastern US,230031100,-68.033006,46.696431,MICMAC HEALTH DEPARTMENT,230031100,0,24,26.7683,-2.7683,0,3.9,5.12,0,281,15.2085358,15.1283,15.9209,99.7,286.9,7,-1.33,2.33,0.49,20.16,7.4,380.3,175,665.2
gam_v2,2023-10-10,2023,Maine,Eastern US,230031100,-68.033006,46.696431,MICMAC HEALTH DEPARTMENT,230031100,0,18,22.0024,-4.0024,0,4.3,5.12,0,282,15.15338475,15.1623,15.9209,118.6,287.1,6.58,-0.33,1.6,2.59,7.95,4.6,152.9,240.7,410.1
gam_v2,2023-10-11,2023,Maine,Eastern US,230031100,-68.033006,46.696431,MICMAC HEALTH DEPARTMENT,230031100,0,23,22.2691,0.7309,0,5.6,5.12,0,283,15.0365139,15.0822,15.9317,103.5,286.3,6.3,-0.14,1.73,8.66,8.6,4.7,178,240,350.2
gam_v2,2023-10-12,2023,Maine,Eastern US,230031100,-68.033006,46.696431,MICMAC HEALTH DEPARTMENT,230031100,0,22,21.2125,0.7875,0,3.6,5.12,0,284,15.0365139,15.0172,15.9118,121.3,286.9,6.66,0.37,1.2,7.1,7.65,4.8,193.2,252.2,374.2
gam_v2,2023-10-13,2023,Maine,Eastern US,230031100,-68.033006,46.696431,MICMAC HEALTH DEPARTMENT,230031100,0,22,20.4045,1.5955,0,3.6,5.12,0,285,14.50244336,14.9201,16.0709,105.3,286.1,6.62,1.18,-2.07,-3.14,-3.67,6.2,247.4,341.5,483.8
gam_v2,2023-10-14,2023,Maine,Eastern US,230031100,-68.033006,46.696431,MICMAC HEALTH DEPARTMENT,230031100,0,22,22.0822,-0.0822,0,2,5.12,0,286,14.50244336,14.9201,16.0709,109,284.7,6.18,2.77,-2.11,3.76,-6.95,4.8,468,356.9,841
gam_v2,2023-10-15,2023,Maine,Eastern US,230031100,-68.033006,46.696431,MICMAC HEALTH DEPARTMENT,230031100,0,23,22.2145,0.7855,0,2.6,5.12,0,287,14.50244336,14.9201,16.0709,77.4,285.9,6.41,1.04,-1.71,-4.52,-8.89,6.7,404.4,22.3,1030.1
gam_v2,2023-10-16,2023,Maine,Eastern US,230031100,-68.033006,46.696431,MICMAC HEALTH DEPARTMENT,230031100,0,18,21.9849,-3.9849,0,3.3,5.12,0,288,14.50244336,14.9201,16.0709,56.3,284.1,6.85,-0.66,-3.41,-13.26,-6.44,5.7,566.6,50.3,946.2
gam_v2,2023-10-17,2023,Maine,Eastern US,230031100,-68.033006,46.696431,MICMAC HEALTH DEPARTMENT,230031100,0,18,19.4565,-1.4565,0,3.8,5.12,0,289,14.96924323,14.998,16.0709,116.1,283.4,5.45,0.22,-1.81,-5.84,-10.93,4.4,164.9,32.7,413.4
gam_v2,2023-10-18,2023,Maine,Eastern US,230031100,-68.033006,46.696431,MICMAC HEALTH DEPARTMENT,230031100,0,21,20.5428,0.4572,0,4.3,5.12,0,290,15.18899793,14.9535,16.0709,105.1,286.1,5.22,1.35,0.53,4.72,-3.59,4.4,259,280.8,397.9
gam_v2,2023-10-19,2023,Maine,Eastern US,230031100,-68.033006,46.696431,MICMAC HEALTH DEPARTMENT,230031100,0,25,24.0949,0.9051,0,4.3,5.12,0,291,15.18899793,14.9535,16.0709,112.9,286.9,6.05,2.26,1.3,13.1,0.84,5.1,479.6,258.7,638.1
gam_v2,2023-10-20,2023,Maine,Eastern US,230031100,-68.033006,46.696431,MICMAC HEALTH DEPARTMENT,230031100,0,31,28.5036,2.4964,0,4.1,5.12,0,292,15.18899793,14.9535,16.0709,78.5,287.3,7.28,0.43,2.95,18.82,14.03,7.1,528.6,222,668.3
gam_v2,2023-10-21,2023,Maine,Eastern US,230031100,-68.033006,46.696431,MICMAC HEALTH DEPARTMENT,230031100,0,26,24.4812,1.5188,0,1.3,5.12,0,293,15.18899793,14.9535,16.0709,61.8,289.2,8.7,-1.82,0.49,5.1,11.66,9,369.7,125.3,492.8
gam_v2,2023-10-22,2023,Maine,Eastern US,230031100,-68.033006,46.696431,MICMAC HEALTH DEPARTMENT,230031100,0,22,21.9078,0.0922,0,5.4,5.12,0,294,14.93742551,15.0015,15.7356,46.2,284.9,7.38,-0.41,-3.54,-6.04,-5,4.9,755.5,47.8,1043.4
gam_v2,2023-10-23,2023,Maine,Eastern US,230031100,-68.033006,46.696431,MICMAC HEALTH DEPARTMENT,230031100,0,24,22.2895,1.7105,0,4.8,5.12,0,295,14.93742551,15.0015,15.7356,136,283.7,4.87,0.36,-2.27,5.29,-10.43,3.4,249.1,25.4,654.8
gam_v2,2023-10-24,2023,Maine,Eastern US,230031100,-68.033006,46.696431,MICMAC HEALTH DEPARTMENT,230031100,0,22,23.5847,-1.5847,0,4.5,5.12,0,296,14.99544989,15.0015,15.7356,138.2,284.2,4.36,1.69,0.83,12.6,-7.31,3.7,321.2,260.2,537.7
gam_v2,2023-10-25,2023,Maine,Eastern US,230031100,-68.033006,46.696431,MICMAC HEALTH DEPARTMENT,230031100,0,23,24.3976,-1.3976,0,5.6,5.12,0,297,14.99544989,15.0015,15.7356,40.3,287.1,6.38,0.87,2.17,25.39,-1.16,6.1,656.2,252.6,564.2
gam_v2,2023-10-27,2023,Maine,Eastern US,230031100,-68.033006,46.696431,MICMAC HEALTH DEPARTMENT,230031100,0,24,26.2686,-2.2686,0,8.3,5.12,0,299,15.22330698,15.0492,15.847,62.7,291.4,9.42,-0.81,1.94,18.23,-0.09,8.9,426.2,250.5,416.5
gam_v2,2023-10-28,2023,Maine,Eastern US,230031100,-68.033006,46.696431,MICMAC HEALTH DEPARTMENT,230031100,0,28,28.9914,-0.9914,0,5.9,5.12,0,300,15.26792244,15.0492,15.9433,79.9,293.3,10.02,2.22,1.11,27.02,2.44,10.8,761.1,253.3,944.6
gam_v2,2023-10-29,2023,Maine,Eastern US,230031100,-68.033006,46.696431,MICMAC HEALTH DEPARTMENT,230031100,0,28,27.3473,0.6527,0,3.8,5.12,0,301,15.26521951,15.0425,15.9429,81.2,279.4,3.22,2.2,-1.49,45.25,1.39,2.1,462.2,293.9,1031.7
gam_v2,2023-10-30,2023,Maine,Eastern US,230031100,-68.033006,46.696431,MICMAC HEALTH DEPARTMENT,230031100,0,28,23.6528,4.3472,0,2.7,5.12,0,302,15.26521951,15.0001,15.9241,40.6,273.1,2.89,-0.38,0.04,46.3,10.65,2.1,70.6,317.2,323.6
gam_v2,2023-10-31,2023,Maine,Eastern US,230031100,-68.033006,46.696431,MICMAC HEALTH DEPARTMENT,230031100,0,26,28.5751,-2.5751,0,4.7,5.12,0,303,15.26521951,15.0001,15.9241,127.8,275.3,2.76,2.33,-0.82,38.32,5.47,1.6,499.4,301.7,823.9
