{
"type": "FeatureCollection",
"name": "map_boundaries",
"features": [
{ "type": "Feature", "properties": { "ID": "Yukon" }, "geometry": { "type": "Polygon", "coordinates": [ [ [ -141.0055639, 69.6509464 ], [ -141.0050061, 68.4847098 ], [ -141.0042309, 66.8811384 ], [ -141.0031457, 64.548671 ], [ -141.002293, 62.6535928 ], [ -141.0011562, 60.3210737 ], [ -140.01579, 60.1873868 ], [ -139.6283459, 60.3340962 ], [ -139.101608, 60.3466019 ], [ -139.0602066, 60.0000589 ], [ -135.7194364, 60.0000589 ], [ -132.3873659, 60.0000589 ], [ -130.0072786, 60.0000589 ], [ -126.1991906, 60.0000589 ], [ -123.8191034, 60.0000589 ], [ -124.4164054, 60.4793061 ], [ -124.5665, 60.93899 ], [ -125.3218, 60.78792 ], [ -125.8260351, 60.8831316 ], [ -126.8845235, 60.7818717 ], [ -127.1457479, 61.4651891 ], [ -127.9728, 61.68869 ], [ -128.5466, 62.12179 ], [ -129.1300195, 62.1160538 ], [ -129.1969405, 62.5071669 ], [ -129.7645027, 62.8515644 ], [ -130.1294159, 63.316549 ], [ -129.8228454, 63.4779345 ], [ -130.098, 63.78231 ], [ -130.7399471, 63.9734081 ], [ -131.1456071, 64.42413 ], [ -131.6194283, 64.3686553 ], [ -132.0538, 64.69641 ], [ -132.5691119, 64.7749612 ], [ -132.3539, 65.069 ], [ -132.7134183, 65.228577 ], [ -132.1822, 65.58354 ], [ -132.5615, 66.0293 ], [ -133.6118, 65.96187 ], [ -133.6006, 66.55935 ], [ -134.0301, 66.98661 ], [ -136.1622001, 67.0036624 ], [ -136.1894, 67.56425 ], [ -136.4448, 67.72558 ], [ -136.4449, 68.9099 ], [ -137.1911515, 68.9479027 ], [ -138.6367081, 69.2836775 ], [ -139.1437882, 69.5136579 ], [ -139.9179581, 69.621324 ], [ -141.0055639, 69.6509464 ] ] ] } },
{ "type": "Feature", "properties": { "ID": "Wyoming" }, "geometry": { "type": "Polygon", "coordinates": [ [ [ -111.0502381, 41.9998332 ], [ -111.0499207, 40.9998332 ], [ -109.0463318, 40.9998332 ], [ -106.8480164, 40.9998332 ], [ -104.0537293, 40.9998332 ], [ -104.0531189, 43.0003703 ], [ -104.056659, 45.0001017 ], [ -105.7778992, 45.0001017 ], [ -107.1922547, 45.0001017 ], [ -109.1506043, 45.0000285 ], [ -111.0507996, 45.0000285 ], [ -111.0513855, 44.4978801 ], [ -111.0507019, 43.0927287 ], [ -111.0502381, 41.9998332 ] ] ] } },
{ "type": "Feature", "properties": { "ID": "Wisconsin" }, "geometry": { "type": "Polygon", "coordinates": [ [ [ -90.6412781, 42.5117717 ], [ -87.8042453, 42.4917999 ], [ -87.7830583, 42.8118437 ], [ -87.9072799, 43.267225 ], [ -87.7004891, 43.7093599 ], [ -87.7243326, 43.9254232 ], [ -87.3279713, 44.8035114 ], [ -87.6601612, 44.812931 ], [ -87.599502, 45.1050051 ], [ -87.8026062, 45.6870402 ], [ -88.1152039, 45.924589 ], [ -88.8372742, 46.0355998 ], [ -89.1192322, 46.148173 ], [ -90.1184998, 46.3406291 ], [ -90.409406, 46.5890875 ], [ -90.9660176, 46.9500146 ], [ -91.9634704, 46.6906798 ], [ -92.1112017, 46.7682387 ], [ -92.2915955, 46.6596721 ], [ -92.2925721, 46.0833293 ], [ -92.7040955, 45.91309 ], [ -92.8831971, 45.5761271 ], [ -92.667743, 45.4454387 ], [ -92.8197937, 44.757841 ], [ -92.1026062, 44.4369181 ], [ -91.662616, 44.0732707 ], [ -91.2950135, 43.9189738 ], [ -91.2501404, 43.5009562 ], [ -91.0454773, 42.7420939 ], [ -90.6412781, 42.5117717 ] ] ] } },
{ "type": "Feature", "properties": { "ID": "West Virginia" }, "geometry": { "type": "Polygon", "coordinates": [ [ [ -80.5202332, 40.6467814 ], [ -80.8752381, 39.6287883 ], [ -81.2269471, 39.398466 ], [ -82.058368, 39.0032267 ], [ -82.3316834, 38.4436076 ], [ -82.5894471, 38.4193156 ], [ -82.6311951, 38.1528605 ], [ -82.2964539, 37.688383 ], [ -81.9652283, 37.538676 ], [ -81.8237976, 37.2864055 ], [ -81.5456238, 37.2127726 ], [ -80.9482605, 37.2948283 ], [ -80.2943055, 37.5092326 ], [ -80.2848572, 37.6851359 ], [ -79.7920105, 38.2802043 ], [ -79.6359559, 38.5921183 ], [ -79.2973816, 38.4248332 ], [ -78.9881775, 38.845634 ], [ -78.8622254, 38.7931926 ], [ -78.4138855, 39.1663859 ], [ -78.3221619, 39.4508342 ], [ -77.8357361, 39.1441691 ], [ -77.7346863, 39.3310588 ], [ -78.1329773, 39.7013469 ], [ -78.7451844, 39.5754191 ], [ -79.4879334, 39.2098674 ], [ -79.4774353, 39.721757 ], [ -80.5194031, 39.7214885 ], [ -80.5202332, 40.6467814 ] ] ] } },
{ "type": "Feature", "properties": { "ID": "Washington" }, "geometry": { "type": "Polygon", "coordinates": [ [ [ -117.0381511, 48.9925145 ], [ -119.3560433, 48.9925145 ], [ -121.3343204, 48.9925145 ], [ -122.7530168, 48.9925145 ], [ -122.440297, 48.5807152 ], [ -122.320424, 47.9420841 ], [ -122.7919816, 48.0829125 ], [ -124.0501819, 48.177263 ], [ -124.5748939, 48.3704076 ], [ -124.7346072, 48.1704036 ], [ -124.4227596, 47.7418887 ], [ -124.1718923, 47.0419485 ], [ -123.9130022, 46.7277687 ], [ -123.9251743, 46.2515406 ], [ -123.6929675, 46.3052023 ], [ -123.1800948, 46.1791021 ], [ -122.9101746, 46.1078898 ], [ -122.7388611, 45.6628459 ], [ -122.2610535, 45.5663127 ], [ -121.7926453, 45.7213908 ], [ -121.1328797, 45.6241496 ], [ -120.2299012, 45.7370646 ], [ -119.5916932, 45.9211467 ], [ -119.0023621, 45.9995158 ], [ -116.8788269, 46.0014689 ], [ -117.0368348, 46.3632609 ], [ -117.0414918, 47.4202547 ], [ -117.0381511, 48.9925145 ] ] ] } },
{ "type": "Feature", "properties": { "ID": "Virginia" }, "geometry": { "type": "Polygon", "coordinates": [ [ [ -76.0317277, 36.550279 ], [ -76.0132544, 36.550157 ], [ -75.9669221, 36.5498099 ], [ -75.9627173, 36.709296 ], [ -75.9278865, 36.7062035 ], [ -75.8806453, 36.5492618 ], [ -75.8531007, 36.549028 ], [ -75.9889301, 36.9119585 ], [ -76.2689013, 36.9614154 ], [ -76.3785049, 37.2723324 ], [ -76.2479089, 37.903471 ], [ -76.6146134, 38.1503767 ], [ -76.8817732, 38.1770267 ], [ -77.3265925, 38.4509337 ], [ -77.2298885, 38.6566837 ], [ -77.0477715, 38.7157235 ], [ -77.119781, 38.9340641 ], [ -77.7346863, 39.3310588 ], [ -77.8357361, 39.1441691 ], [ -78.3221619, 39.4508342 ], [ -78.4138855, 39.1663859 ], [ -78.8622254, 38.7931926 ], [ -78.9881775, 38.845634 ], [ -79.2973816, 38.4248332 ], [ -79.6359559, 38.5921183 ], [ -79.7920105, 38.2802043 ], [ -80.2848572, 37.6851359 ], [ -80.2943055, 37.5092326 ], [ -80.9482605, 37.2948283 ], [ -81.5456238, 37.2127726 ], [ -81.8237976, 37.2864055 ], [ -81.9652283, 37.538676 ], [ -82.6325867, 37.1639201 ], [ -83.137201, 36.7499553 ], [ -83.6674744, 36.604008 ], [ -81.6588562, 36.60955 ], [ -80.0895935, 36.5397746 ], [ -77.8987488, 36.5422648 ], [ -76.0317277, 36.550279 ] ] ] } },
{ "type": "Feature", "properties": { "ID": "Vermont" }, "geometry": { "type": "Polygon", "coordinates": [ [ [ -71.5058481, 45.0137311 ], [ -73.3513409, 45.0046336 ], [ -73.2947205, 44.4696818 ], [ -73.4385437, 44.0527629 ], [ -73.2470398, 43.552006 ], [ -73.2655157, 42.7456012 ], [ -72.4668152, 42.7292765 ], [ -72.5554627, 42.8779582 ], [ -72.3978699, 43.5314006 ], [ -72.2135437, 43.7846232 ], [ -72.0422547, 44.2816935 ], [ -71.6780213, 44.4461223 ], [ -71.5058481, 45.0137311 ] ] ] } },
{ "type": "Feature", "properties": { "ID": "Utah" }, "geometry": { "type": "Polygon", "coordinates": [ [ [ -109.0463318, 40.9998332 ], [ -111.0499207, 40.9998332 ], [ -111.0502381, 41.9998332 ], [ -112.3593934, 41.9999064 ], [ -114.0425476, 42.0000773 ], [ -114.0418885, 40.5946818 ], [ -114.0412781, 39.1892863 ], [ -114.0402039, 37.0031291 ], [ -112.4797059, 37.0020793 ], [ -111.2313172, 37.0012492 ], [ -109.0466248, 36.9998088 ], [ -109.0466004, 38.3747599 ], [ -109.0464539, 39.7498088 ], [ -109.0463318, 40.9998332 ] ] ] } },
{ "type": "Feature", "properties": { "ID": "Texas" }, "geometry": { "type": "Polygon", "coordinates": [ [ [ -106.5060524, 31.7702583 ], [ -106.1643162, 31.4477973 ], [ -106.0653041, 31.410952 ], [ -106.0462614, 31.4046475 ], [ -106.0211466, 31.4021671 ], [ -106.0047393, 31.3969477 ], [ -105.5909403, 31.0714379 ], [ -105.5786413, 31.0521626 ], [ -105.5657222, 31.0166609 ], [ -105.5559554, 31.0026049 ], [ -105.3637707, 30.8503661 ], [ -105.3343151, 30.8438032 ], [ -105.277006, 30.8194119 ], [ -105.229257, 30.8102135 ], [ -105.0084952, 30.6769917 ], [ -104.8865905, 30.551883 ], [ -104.8840067, 30.5418578 ], [ -104.8821464, 30.5209289 ], [ -104.8797176, 30.5108519 ], [ -104.8524324, 30.4388667 ], [ -104.7493896, 30.2644587 ], [ -104.7421549, 30.2598595 ], [ -104.7245849, 30.2522114 ], [ -104.7152315, 30.2439949 ], [ -104.6815643, 30.1929385 ], [ -104.6786704, 30.1703559 ], [ -104.6804791, 30.1341308 ], [ -104.684639, 30.1111347 ], [ -104.6991084, 30.0314497 ], [ -104.6804791, 29.9423078 ], [ -104.5308241, 29.667906 ], [ -104.4440077, 29.5892028 ], [ -104.3490264, 29.537578 ], [ -104.3384845, 29.524013 ], [ -104.3206044, 29.5322554 ], [ -104.2927508, 29.5328238 ], [ -104.267171, 29.5265709 ], [ -104.2122906, 29.4846614 ], [ -104.1945139, 29.4489271 ], [ -104.057313, 29.3390372 ], [ -103.9281219, 29.2930193 ], [ -103.8641206, 29.2813663 ], [ -103.7941766, 29.2775939 ], [ -103.7694236, 29.2575434 ], [ -103.7777177, 29.2352967 ], [ -103.6731246, 29.1735692 ], [ -103.3015452, 29.0023652 ], [ -103.1479886, 28.9851053 ], [ -103.1227705, 28.9964741 ], [ -103.1092055, 29.0233717 ], [ -103.1046838, 29.0578657 ], [ -102.988386, 29.1771349 ], [ -102.8968929, 29.2202847 ], [ -102.8830694, 29.3437656 ], [ -102.7796649, 29.5923034 ], [ -102.6834692, 29.7437153 ], [ -102.3021746, 29.8893912 ], [ -101.9722465, 29.8181811 ], [ -101.8874196, 29.8122899 ], [ -101.8059775, 29.8119282 ], [ -101.7945312, 29.7958568 ], [ -101.6322155, 29.7756513 ], [ -101.5802807, 29.7815683 ], [ -101.5539774, 29.7966837 ], [ -101.5428928, 29.7710521 ], [ -101.5218088, 29.7659362 ], [ -101.5057633, 29.7738943 ], [ -101.4902862, 29.7855474 ], [ -101.4709076, 29.791516 ], [ -101.4093092, 29.7657811 ], [ -101.4065446, 29.7528879 ], [ -101.3833677, 29.7184972 ], [ -101.3643507, 29.6766651 ], [ -101.3362388, 29.6543151 ], [ -101.3097804, 29.6545476 ], [ -101.301073, 29.6495092 ], [ -101.3027266, 29.6338512 ], [ -101.3108656, 29.6127672 ], [ -101.3121576, 29.5978586 ], [ -101.3009696, 29.5941379 ], [ -101.2835805, 29.6078063 ], [ -101.2587758, 29.620157 ], [ -101.2190108, 29.6102868 ], [ -101.2177705, 29.5841902 ], [ -101.226478, 29.5544504 ], [ -101.163562, 29.5013012 ], [ -101.1347782, 29.4876586 ], [ -101.0679606, 29.4694943 ], [ -101.0377815, 29.4600634 ], [ -101.0296167, 29.4429843 ], [ -101.0259476, 29.4143556 ], [ -101.0162325, 29.3900676 ], [ -100.987397, 29.3663223 ], [ -100.9147399, 29.3370476 ], [ -100.8160896, 29.2707726 ], [ -100.6689668, 29.1162084 ], [ -100.6289176, 28.9843301 ], [ -100.6379093, 28.9628844 ], [ -100.6243184, 28.9247214 ], [ -100.3970971, 28.5927261 ], [ -100.2843392, 28.2965168 ], [ -100.1976261, 28.2071683 ], [ -100.1728731, 28.1985383 ], [ -100.0748946, 28.1544066 ], [ -99.8788083, 27.9018381 ], [ -99.8912882, 27.8760257 ], [ -99.8709277, 27.8544766 ], [ -99.8633571, 27.8456658 ], [ -99.8618585, 27.8360798 ], [ -99.8633571, 27.8046605 ], [ -99.7003696, 27.6591914 ], [ -99.6448691, 27.6327331 ], [ -99.6335262, 27.633069 ], [ -99.6124422, 27.6436368 ], [ -99.600169, 27.6464273 ], [ -99.5072031, 27.5737702 ], [ -99.4729158, 27.4266474 ], [ -99.4975913, 27.3387975 ], [ -99.4319881, 27.207591 ], [ -99.4357863, 27.1884191 ], [ -99.4503332, 27.1451659 ], [ -99.4524519, 27.1250121 ], [ -99.4501782, 27.1204646 ], [ -99.445734, 27.1147285 ], [ -99.441419, 27.1074938 ], [ -99.4420391, 27.0896137 ], [ -99.4617279, 27.0569542 ], [ -99.3768493, 26.9537564 ], [ -99.336981, 26.9247659 ], [ -99.2482784, 26.8270975 ], [ -99.1811248, 26.6299002 ], [ -99.1712805, 26.5639611 ], [ -99.1648726, 26.5404483 ], [ -99.0854976, 26.4076399 ], [ -99.0663515, 26.404746 ], [ -99.0476446, 26.4069681 ], [ -99.0278784, 26.4062446 ], [ -99.022995, 26.4033507 ], [ -99.016432, 26.3944624 ], [ -99.0040555, 26.3938423 ], [ -98.9869506, 26.4000951 ], [ -98.9628436, 26.3995267 ], [ -98.9298999, 26.3922403 ], [ -98.8930287, 26.367849 ], [ -98.8702136, 26.3721382 ], [ -98.8508349, 26.3640766 ], [ -98.8423341, 26.3658336 ], [ -98.8360813, 26.3721382 ], [ -98.7958512, 26.3683141 ], [ -98.7463969, 26.3321406 ], [ -98.7359324, 26.3200483 ], [ -98.7399115, 26.3032535 ], [ -98.6405635, 26.2418102 ], [ -98.2226562, 26.0754121 ], [ -98.1502317, 26.0636815 ], [ -98.1031028, 26.074947 ], [ -98.0833107, 26.0709162 ], [ -97.9416656, 26.0568086 ], [ -97.8020101, 26.0637332 ], [ -97.6796144, 26.0346394 ], [ -97.6226412, 26.0090596 ], [ -97.6130552, 25.9959854 ], [ -97.6047869, 25.9799657 ], [ -97.5943225, 25.9663748 ], [ -97.5202701, 25.9127864 ], [ -97.4254181, 25.8548571 ], [ -97.345733, 25.8522216 ], [ -97.3451646, 25.8717036 ], [ -97.3522701, 25.8944929 ], [ -97.3551123, 25.9127864 ], [ -97.2530513, 25.9634809 ], [ -97.550201, 27.009182 ], [ -97.1840714, 27.8366153 ], [ -97.0249731, 28.0414493 ], [ -96.2049048, 28.586656 ], [ -95.6019181, 28.7638614 ], [ -95.1589249, 29.0457217 ], [ -94.888824, 29.3759626 ], [ -94.0601294, 29.6818301 ], [ -93.7984212, 29.9856066 ], [ -93.7524109, 30.3926799 ], [ -93.5147644, 31.0420451 ], [ -94.0432312, 31.9981974 ], [ -94.0412537, 33.0109416 ], [ -94.047284, 33.5541545 ], [ -94.4841004, 33.6474162 ], [ -94.8727478, 33.7559123 ], [ -95.2203064, 33.9629435 ], [ -95.9378846, 33.8955607 ], [ -96.2027283, 33.763676 ], [ -96.8555603, 33.8748332 ], [ -97.3717469, 33.8304973 ], [ -97.8007508, 33.8878459 ], [ -98.3432801, 34.1434611 ], [ -98.4906922, 34.075175 ], [ -99.1930359, 34.2322307 ], [ -99.2654969, 34.4115519 ], [ -99.6808045, 34.3946818 ], [ -99.9992859, 34.575468 ], [ -100.0023865, 36.4998576 ], [ -101.8075379, 36.5001506 ], [ -103.0002381, 36.5001994 ], [ -103.0476746, 35.3381389 ], [ -103.0551453, 33.9479533 ], [ -103.0655945, 32.0016887 ], [ -104.8426697, 32.0009807 ], [ -106.6621766, 32.0002971 ], [ -106.5914978, 31.8272014 ], [ -106.5530701, 31.8121867 ], [ -106.5060524, 31.7702583 ] ] ] } },
{ "type": "Feature", "properties": { "ID": "Tennessee" }, "geometry": { "type": "Polygon", "coordinates": [ [ [ -89.7238465, 36.0004924 ], [ -90.1030701, 35.385551 ], [ -90.0845887, 35.1889689 ], [ -90.3042176, 35.0000773 ], [ -88.1790711, 34.9978312 ], [ -85.6056824, 34.9852092 ], [ -84.3246277, 34.9870646 ], [ -84.3005066, 35.2083537 ], [ -83.7280945, 35.5665568 ], [ -83.4992127, 35.5699748 ], [ -82.8782898, 35.9555705 ], [ -82.1987732, 36.1585246 ], [ -81.7404969, 36.4094523 ], [ -81.6588562, 36.60955 ], [ -83.6674744, 36.604008 ], [ -83.7303406, 36.5857707 ], [ -86.0668152, 36.6344767 ], [ -86.464032, 36.6625773 ], [ -87.8332703, 36.644218 ], [ -88.042743, 36.4986369 ], [ -89.4244568, 36.4989543 ], [ -89.4943787, 36.5014201 ], [ -89.5598816, 36.5001506 ], [ -89.7238465, 36.0004924 ] ] ] } },
{ "type": "Feature", "properties": { "ID": "South Dakota" }, "geometry": { "type": "Polygon", "coordinates": [ [ [ -104.0448914, 45.9420207 ], [ -104.056659, 45.0001017 ], [ -104.0531189, 43.0003703 ], [ -101.4733094, 43.0003215 ], [ -98.4851014, 43.0001994 ], [ -98.0068787, 42.7840861 ], [ -97.3011658, 42.887089 ], [ -96.7088562, 42.6774943 ], [ -96.48266, 42.518339 ], [ -96.6379578, 42.7510539 ], [ -96.4553894, 43.1217326 ], [ -96.4535584, 43.5001262 ], [ -96.4536072, 45.2965617 ], [ -96.8630555, 45.6007609 ], [ -96.5563416, 45.9417521 ], [ -99.351825, 45.9418742 ], [ -101.2155457, 45.9419474 ], [ -104.0448914, 45.9420207 ] ] ] } },
{ "type": "Feature", "properties": { "ID": "South Carolina" }, "geometry": { "type": "Polygon", "coordinates": [ [ [ -80.8902889, 32.0326602 ], [ -80.0051163, 32.6115583 ], [ -79.2029516, 33.1929385 ], [ -78.9379777, 33.6420759 ], [ -78.5731583, 33.8826031 ], [ -79.6535096, 34.7957316 ], [ -80.7762391, 34.8257365 ], [ -81.0735291, 35.1542033 ], [ -82.287201, 35.2058879 ], [ -83.1147644, 35.0004435 ], [ -83.3554871, 34.7084269 ], [ -82.8572937, 34.4606486 ], [ -82.5705262, 33.9678019 ], [ -81.9239441, 33.4585734 ], [ -81.7597351, 33.1559367 ], [ -81.5176209, 33.0395549 ], [ -81.4057557, 32.6242961 ], [ -81.2007508, 32.48455 ], [ -81.0778992, 32.0871135 ], [ -80.8902889, 32.0326602 ] ] ] } },
{ "type": "Feature", "properties": { "ID": "Saskatchewan" }, "geometry": { "type": "Polygon", "coordinates": [ [ [ -109.9993211, 48.9926179 ], [ -108.3656288, 48.9926179 ], [ -106.6071832, 48.9926179 ], [ -104.0475744, 48.9926179 ], [ -101.3643396, 48.9926696 ], [ -101.5013, 50.45981 ], [ -101.6212076, 51.7454206 ], [ -101.7612, 53.24528 ], [ -101.8811143, 54.5308837 ], [ -102.0011, 55.81649 ], [ -102.0013, 57.27475 ], [ -102.001417, 58.4101818 ], [ -102.0016, 60.00006 ], [ -105.5009, 60.00006 ], [ -107.5005, 60.00006 ], [ -110.0, 60.00006 ], [ -109.9999727, 58.2813266 ], [ -109.9999727, 56.5625426 ], [ -109.9999727, 55.1875878 ], [ -109.9999727, 53.125078 ], [ -109.9999727, 51.4062682 ], [ -109.9993211, 48.9926179 ] ] ] } },
{ "type": "Feature", "properties": { "ID": "Rhode Island" }, "geometry": { "type": "Polygon", "coordinates": [ [ [ -71.8604238, 41.3205021 ], [ -71.4977107, 41.3662784 ], [ -71.2368583, 41.7095637 ], [ -71.3870789, 42.0158244 ], [ -71.8007996, 42.0109172 ], [ -71.8604238, 41.3205021 ] ] ] } },
{ "type": "Feature", "properties": { "ID": "Quebec" }, "geometry": { "type": "MultiPolygon", "coordinates": [ [ [ [ -74.7129614, 44.9992536 ], [ -73.3513409, 45.0046336 ], [ -71.5058481, 45.0137311 ], [ -71.3948881, 45.241529 ], [ -71.084952, 45.3042926 ], [ -70.7228361, 45.4709207 ], [ -70.2625282, 45.9230378 ], [ -70.3113625, 46.0718659 ], [ -70.0743227, 46.419545 ], [ -70.0077634, 46.7040754 ], [ -69.2676277, 47.4398445 ], [ -69.0635598, 47.2908093 ], [ -68.386828, 47.558286 ], [ -68.3778621, 47.928341 ], [ -67.6128442, 47.9975357 ], [ -67.3508964, 47.8495861 ], [ -66.843007, 47.9968122 ], [ -66.5153702, 48.1080997 ], [ -65.7838436, 48.1155867 ], [ -65.2855525, 48.0126407 ], [ -64.3290909, 48.4196231 ], [ -64.1621801, 48.6296247 ], [ -64.2211808, 48.8943546 ], [ -64.6133927, 49.1230329 ], [ -65.5657853, 49.2664656 ], [ -66.6220597, 49.122626 ], [ -68.2056372, 48.6419132 ], [ -69.0544327, 48.2323673 ], [ -70.5349015, 47.0105655 ], [ -71.1579484, 46.8408064 ], [ -71.3024796, 46.7451846 ], [ -71.7141821, 46.6321882 ], [ -71.8456925, 46.6682803 ], [ -72.4959611, 46.3605004 ], [ -72.7310278, 46.1766218 ], [ -73.1398006, 46.0583357 ], [ -73.4128312, 45.7515323 ], [ -73.5572811, 45.4142927 ], [ -74.7129614, 44.9992536 ] ] ], [ [ [ -64.4247127, 49.8084984 ], [ -63.9251603, 49.6748721 ], [ -63.5867814, 49.38996 ], [ -63.0933325, 49.2328962 ], [ -62.248199, 49.0679385 ], [ -61.8116349, 49.0690372 ], [ -61.8826391, 49.3544783 ], [ -62.5342505, 49.6046817 ], [ -63.3746639, 49.8294132 ], [ -64.1328019, 49.9501407 ], [ -64.4247127, 49.8084984 ] ] ], [ [ [ -79.5208227, 50.9654809 ], [ -79.5208227, 50.9428979 ], [ -79.5207995, 49.1116796 ], [ -79.5165104, 47.5657274 ], [ -79.4312959, 47.086997 ], [ -78.964141, 46.5330256 ], [ -78.6940283, 46.3365001 ], [ -77.6584067, 46.1838996 ], [ -77.138516, 45.8397863 ], [ -76.7973224, 45.8755464 ], [ -76.6474607, 45.5808357 ], [ -75.8819519, 45.3995031 ], [ -75.2835905, 45.5766499 ], [ -74.6436554, 45.6560766 ], [ -74.3935156, 45.5726708 ], [ -74.3461808, 45.2205671 ], [ -73.7554419, 45.6763777 ], [ -73.4954321, 45.7278913 ], [ -72.9944962, 46.2108015 ], [ -72.6025284, 46.301337 ], [ -72.2279354, 46.5533715 ], [ -71.8805232, 46.6906599 ], [ -71.3539933, 46.7389997 ], [ -70.9568579, 47.0206566 ], [ -70.7149552, 47.1175805 ], [ -70.4970597, 47.4292667 ], [ -70.2368872, 47.4955915 ], [ -69.9320369, 47.7730574 ], [ -69.7359513, 48.122504 ], [ -69.4466447, 48.29621 ], [ -69.0695695, 48.7562117 ], [ -68.1223852, 49.2713484 ], [ -67.3763322, 49.3392195 ], [ -67.1314591, 49.8312849 ], [ -66.5431209, 50.2161319 ], [ -66.1618546, 50.1957869 ], [ -65.2582902, 50.3222517 ], [ -64.8883357, 50.2744815 ], [ -63.7221574, 50.3042667 ], [ -63.4422094, 50.2228865 ], [ -62.8524471, 50.2942569 ], [ -61.8457739, 50.219794 ], [ -61.7178849, 50.100043 ], [ -60.8355607, 50.2563337 ], [ -60.0637101, 50.2539737 ], [ -59.4099015, 50.666612 ], [ -58.9932755, 50.7908389 ], [ -58.9477433, 51.041612 ], [ -58.453684, 51.3165958 ], [ -58.2340389, 51.2769229 ], [ -57.2499894, 51.5082869 ], [ -57.1003312, 51.4190128 ], [ -57.1009794, 52.0000821 ], [ -60.460826, 51.9999271 ], [ -62.7944303, 51.9998237 ], [ -63.6703975, 52.0357388 ], [ -63.7733886, 52.3351004 ], [ -64.3618215, 51.9669673 ], [ -64.2792767, 51.739969 ], [ -65.1838304, 51.7743627 ], [ -65.4589798, 52.0254365 ], [ -66.0780659, 52.16989 ], [ -66.3738515, 52.142375 ], [ -66.4082452, 52.5894928 ], [ -66.2878673, 52.8474453 ], [ -66.6249253, 52.9368689 ], [ -66.8656811, 52.6617195 ], [ -67.3024807, 52.8680816 ], [ -66.9826196, 53.1053979 ], [ -66.8897566, 53.414941 ], [ -67.3231169, 53.5662732 ], [ -67.8080678, 54.0340271 ], [ -67.7495985, 54.426115 ], [ -67.2612083, 54.5705685 ], [ -66.5879972, 55.255439 ], [ -66.2543225, 54.9981162 ], [ -65.6979998, 54.72281 ], [ -64.9406275, 54.9295205 ], [ -63.8985817, 54.601604 ], [ -63.8147808, 54.9404511 ], [ -63.5506258, 55.2264671 ], [ -63.738267, 55.4396128 ], [ -63.692723, 55.7529553 ], [ -64.0217456, 56.0898066 ], [ -64.1241166, 56.6895116 ], [ -63.743313, 57.2267398 ], [ -63.7649395, 57.5643936 ], [ -64.3896301, 58.1877147 ], [ -63.8181663, 58.4860428 ], [ -64.4139955, 58.9819815 ], [ -64.4918202, 59.4364241 ], [ -64.8934121, 59.5647432 ], [ -64.5314065, 60.3039013 ], [ -64.848785, 60.3657087 ], [ -65.1378068, 59.9002139 ], [ -65.546254, 59.7312686 ], [ -65.4067277, 59.4174258 ], [ -65.7426652, 59.2678897 ], [ -65.6424861, 59.0733096 ], [ -66.108632, 58.7791202 ], [ -67.0641984, 58.3929304 ], [ -67.6490372, 58.2517764 ], [ -68.786936, 58.9224714 ], [ -69.256337, 58.899156 ], [ -69.8339738, 58.6040714 ], [ -70.0344946, 58.8126081 ], [ -69.4516495, 58.8952091 ], [ -69.6714575, 59.4569766 ], [ -69.5898331, 59.8760847 ], [ -69.7697648, 59.9710554 ], [ -69.7197973, 60.6840274 ], [ -70.1102189, 61.060126 ], [ -70.6036678, 61.032823 ], [ -71.3950089, 61.1495222 ], [ -71.8552954, 61.4237735 ], [ -71.6520076, 61.6498477 ], [ -72.6214493, 62.1018741 ], [ -73.0621639, 62.1875675 ], [ -73.6707251, 62.4821231 ], [ -74.4168595, 62.2525089 ], [ -75.829742, 62.3133406 ], [ -76.7577205, 62.5108096 ], [ -77.4908341, 62.5883243 ], [ -78.1548966, 62.2973087 ], [ -78.0848283, 61.8880476 ], [ -77.7083634, 61.6162784 ], [ -77.8123673, 61.0880801 ], [ -78.1655167, 60.8683536 ], [ -77.2831111, 60.0265974 ], [ -77.46288, 59.6766218 ], [ -77.8811743, 59.4849307 ], [ -78.4737036, 58.7201602 ], [ -78.0314835, 58.388129 ], [ -77.6006974, 58.2713484 ], [ -77.0793351, 57.9614932 ], [ -76.5893449, 57.2713077 ], [ -76.5037329, 56.7837589 ], [ -76.6586808, 56.0729841 ], [ -77.1129044, 55.6753604 ], [ -77.7816056, 55.273505 ], [ -78.392242, 55.0275333 ], [ -79.6763403, 54.693793 ], [ -79.4639786, 54.3101667 ], [ -79.1293839, 54.1074893 ], [ -79.0563045, 53.6203474 ], [ -78.7830704, 52.8715274 ], [ -78.7855525, 52.6591251 ], [ -78.5214738, 52.4809431 ], [ -78.591298, 52.1061466 ], [ -78.8405656, 51.8422712 ], [ -78.8821508, 51.4032657 ], [ -79.346018, 51.6618106 ], [ -79.5208227, 51.4667016 ], [ -79.5208227, 50.9654809 ] ] ] ] } },
{ "type": "Feature", "properties": { "ID": "Prince Edward Island" }, "geometry": { "type": "Polygon", "coordinates": [ [ [ -61.9769588, 46.4546573 ], [ -63.1947322, 46.4311384 ], [ -63.8336482, 46.6123721 ], [ -64.2313126, 46.9033064 ], [ -64.4168188, 46.682766 ], [ -63.6277563, 46.2238223 ], [ -62.9973852, 46.1792667 ], [ -62.5764054, 46.2389997 ], [ -61.9769588, 46.4546573 ] ] ] } },
{ "type": "Feature", "properties": { "ID": "Pennsylvania" }, "geometry": { "type": "Polygon", "coordinates": [ [ [ -74.698993, 41.3562541 ], [ -75.0639344, 41.6157023 ], [ -75.078949, 41.8280803 ], [ -75.3389832, 41.9973918 ], [ -78.0941346, 41.9989787 ], [ -79.762909, 41.9998576 ], [ -79.7630066, 42.2685128 ], [ -80.5202332, 41.9844628 ], [ -80.5202332, 40.6467814 ], [ -80.5194031, 39.7214885 ], [ -79.4774353, 39.721757 ], [ -77.5156434, 39.7215129 ], [ -75.7886437, 39.7213184 ], [ -75.4244625, 39.8066136 ], [ -75.0235896, 40.0163028 ], [ -74.7393738, 40.1848674 ], [ -75.1821961, 40.5703898 ], [ -75.1395447, 40.9822062 ], [ -74.698993, 41.3562541 ] ] ] } },
{ "type": "Feature", "properties": { "ID": "Oregon" }, "geometry": { "type": "Polygon", "coordinates": [ [ [ -123.1800948, 46.1791021 ], [ -123.8669327, 46.1598575 ], [ -123.9710994, 45.1537133 ], [ -124.1510311, 43.8817406 ], [ -124.2770275, 43.4214549 ], [ -124.5477189, 42.8454451 ], [ -124.4145402, 42.662421 ], [ -124.4328136, 42.3293107 ], [ -124.2145214, 41.9995402 ], [ -122.0932801, 41.9995402 ], [ -120.0007508, 41.9995402 ], [ -118.6947449, 41.9995402 ], [ -117.0166199, 41.9995402 ], [ -117.0201844, 43.7850871 ], [ -116.8969422, 44.1859172 ], [ -117.1950623, 44.2977092 ], [ -117.2038025, 44.4824992 ], [ -116.8328064, 44.9198771 ], [ -116.4629578, 45.5819133 ], [ -116.8788269, 46.0014689 ], [ -119.0023621, 45.9995158 ], [ -119.5916932, 45.9211467 ], [ -120.2299012, 45.7370646 ], [ -121.1328797, 45.6241496 ], [ -121.7926453, 45.7213908 ], [ -122.2610535, 45.5663127 ], [ -122.7388611, 45.6628459 ], [ -122.9101746, 46.1078898 ], [ -123.1800948, 46.1791021 ] ] ] } },
{ "type": "Feature", "properties": { "ID": "Ontario" }, "geometry": { "type": "MultiPolygon", "coordinates": [ [ [ [ -81.7115038, 45.799934 ], [ -82.3096517, 45.9900932 ], [ -82.7598816, 45.8470322 ], [ -82.1742442, 45.6080085 ], [ -81.8051116, 45.5456033 ], [ -81.7115038, 45.799934 ] ] ], [ [ [ -79.5208227, 51.4667016 ], [ -79.7471411, 51.195502 ], [ -79.5208227, 50.9654809 ], [ -79.5208227, 51.4667016 ] ] ], [ [ [ -95.16057, 49.36949 ], [ -94.8272562, 49.292858 ], [ -94.5928519, 48.7264326 ], [ -93.8748854, 48.6362055 ], [ -93.7567789, 48.5165488 ], [ -93.2577396, 48.6303144 ], [ -92.6486037, 48.5362633 ], [ -92.3030951, 48.3109282 ], [ -92.043421, 48.334596 ], [ -91.4279288, 48.0364489 ], [ -90.9231534, 48.2271091 ], [ -90.7864693, 48.1004501 ], [ -90.1786252, 48.116444 ], [ -89.5817526, 47.9963331 ], [ -89.3317079, 48.1224669 ], [ -89.149055, 48.4839461 ], [ -88.1093609, 48.7114895 ], [ -88.271114, 48.9896636 ], [ -87.2930892, 48.7741891 ], [ -86.4566535, 48.7744835 ], [ -86.0767766, 48.1633835 ], [ -85.8592415, 47.9849989 ], [ -84.8435381, 47.9170008 ], [ -85.019715, 47.6064466 ], [ -84.5833202, 47.3050177 ], [ -84.7768646, 46.9876932 ], [ -84.4340776, 46.6936234 ], [ -84.4912986, 46.4574877 ], [ -84.1059436, 46.3463742 ], [ -82.9830096, 46.17672 ], [ -82.4001686, 46.1970312 ], [ -81.2612738, 45.9662497 ], [ -80.8930243, 45.9538864 ], [ -80.3821554, 45.5473695 ], [ -80.053645, 45.0799193 ], [ -79.8269846, 44.9433343 ], [ -80.1086911, 44.4752954 ], [ -81.0329945, 44.8061607 ], [ -81.2664252, 44.6448491 ], [ -81.7427064, 44.0840855 ], [ -81.7306374, 43.3823214 ], [ -82.152314, 43.0894291 ], [ -82.4163685, 43.0174198 ], [ -82.6446981, 42.557533 ], [ -82.4388775, 42.3390949 ], [ -82.7734224, 42.310836 ], [ -82.9476859, 42.343216 ], [ -83.0788251, 42.3034769 ], [ -83.1235685, 42.0721066 ], [ -82.6227079, 42.0379604 ], [ -81.9237403, 42.2637377 ], [ -81.5401838, 42.5716426 ], [ -81.229041, 42.6696658 ], [ -80.511234, 42.5722313 ], [ -80.2317353, 42.7776975 ], [ -79.2029327, 42.8801362 ], [ -79.0652311, 43.1057302 ], [ -79.0586315, 43.2782004 ], [ -79.3303923, 43.1901016 ], [ -79.774735, 43.3293358 ], [ -79.470804, 43.6481322 ], [ -79.088425, 43.8265168 ], [ -77.6007087, 44.0452294 ], [ -77.1163326, 43.8650785 ], [ -76.9737131, 44.0767264 ], [ -75.7914962, 44.4965127 ], [ -75.2702329, 44.8637743 ], [ -74.7129614, 44.9992536 ], [ -74.3461808, 45.2205671 ], [ -74.3935156, 45.5726708 ], [ -74.6436554, 45.6560766 ], [ -75.2835905, 45.5766499 ], [ -75.8819519, 45.3995031 ], [ -76.6474607, 45.5808357 ], [ -76.7973224, 45.8755464 ], [ -77.138516, 45.8397863 ], [ -77.6584067, 46.1838996 ], [ -78.6940283, 46.3365001 ], [ -78.964141, 46.5330256 ], [ -79.4312959, 47.086997 ], [ -79.5165104, 47.5657274 ], [ -79.5207995, 49.1116796 ], [ -79.5208227, 50.9428979 ], [ -80.1082658, 51.296088 ], [ -80.429799, 51.3571638 ], [ -80.5948787, 51.7113712 ], [ -80.9791154, 52.0018171 ], [ -81.3906144, 52.1277937 ], [ -81.5638322, 52.4562442 ], [ -82.3011775, 52.9675967 ], [ -82.1185197, 53.2772891 ], [ -82.1260473, 53.8122012 ], [ -82.4308976, 54.2282169 ], [ -82.2014054, 54.8339298 ], [ -82.4584855, 55.1411807 ], [ -82.8150936, 55.1468367 ], [ -83.9290665, 55.3265242 ], [ -84.6131486, 55.2451846 ], [ -85.126617, 55.3025577 ], [ -85.6826134, 55.5865842 ], [ -87.6223038, 56.0955671 ], [ -87.979563, 56.4428572 ], [ -88.947, 56.85322 ], [ -91.68626, 55.11062 ], [ -93.6201715, 53.7469005 ], [ -95.153773, 52.8213498 ], [ -95.15393, 51.58626 ], [ -95.16057, 49.36949 ] ] ] ] } },
{ "type": "Feature", "properties": { "ID": "Oklahoma" }, "geometry": { "type": "Polygon", "coordinates": [ [ [ -103.0007996, 36.9998088 ], [ -103.0002381, 36.5001994 ], [ -101.8075379, 36.5001506 ], [ -100.0023865, 36.4998576 ], [ -99.9992859, 34.575468 ], [ -99.6808045, 34.3946818 ], [ -99.2654969, 34.4115519 ], [ -99.1930359, 34.2322307 ], [ -98.4906922, 34.075175 ], [ -98.3432801, 34.1434611 ], [ -97.8007508, 33.8878459 ], [ -97.3717469, 33.8304973 ], [ -96.8555603, 33.8748332 ], [ -96.2027283, 33.763676 ], [ -95.9378846, 33.8955607 ], [ -95.2203064, 33.9629435 ], [ -94.8727478, 33.7559123 ], [ -94.4841004, 33.6474162 ], [ -94.4390809, 35.3862101 ], [ -94.6183289, 36.4998332 ], [ -94.6180359, 36.9998088 ], [ -97.1599549, 36.9998088 ], [ -99.0086121, 36.9998088 ], [ -100.3951355, 36.9998088 ], [ -102.0395691, 36.9998088 ], [ -103.0007996, 36.9998088 ] ] ] } },
{ "type": "Feature", "properties": { "ID": "Ohio" }, "geometry": { "type": "Polygon", "coordinates": [ [ [ -80.5202332, 40.6467814 ], [ -80.5202332, 41.9844628 ], [ -81.3484056, 41.7294668 ], [ -81.6722062, 41.5222345 ], [ -82.5048151, 41.3956579 ], [ -82.9256086, 41.4324534 ], [ -83.0956039, 41.619669 ], [ -83.4649531, 41.7330089 ], [ -84.8060753, 41.6968055 ], [ -84.8063416, 40.7242717 ], [ -84.8235291, 39.0974162 ], [ -84.444159, 39.1018107 ], [ -84.195575, 38.810551 ], [ -83.5342957, 38.7074015 ], [ -83.3050721, 38.6014445 ], [ -82.8863221, 38.7448283 ], [ -82.5894471, 38.4193156 ], [ -82.3316834, 38.4436076 ], [ -82.058368, 39.0032267 ], [ -81.2269471, 39.398466 ], [ -80.8752381, 39.6287883 ], [ -80.5202332, 40.6467814 ] ] ] } },
{ "type": "Feature", "properties": { "ID": "Nunavut" }, "geometry": { "type": "MultiPolygon", "coordinates": [ [ [ [ -80.7845353, 52.7230492 ], [ -80.7795304, 52.9487165 ], [ -81.1227921, 53.2022159 ], [ -81.8828019, 53.179877 ], [ -82.0626521, 53.0227725 ], [ -80.7845353, 52.7230492 ] ] ], [ [ [ -79.8301489, 55.898627 ], [ -79.4693497, 55.8793806 ], [ -79.0425512, 56.3659122 ], [ -79.737172, 56.1614444 ], [ -79.8301489, 55.898627 ] ] ], [ [ [ -64.9771622, 61.3790958 ], [ -64.7170304, 61.6634789 ], [ -65.4858292, 61.5993106 ], [ -64.9771622, 61.3790958 ] ] ], [ [ [ -81.9293107, 62.849921 ], [ -82.2571915, 62.9955508 ], [ -83.1188859, 62.8472354 ], [ -83.9069718, 62.4914005 ], [ -83.6730037, 62.145087 ], [ -83.1345923, 62.1765811 ], [ -81.9569393, 62.6976586 ], [ -81.9293107, 62.849921 ] ] ], [ [ [ -80.5126847, 63.6825219 ], [ -80.1963598, 63.7529158 ], [ -80.8887833, 64.122626 ], [ -81.6271867, 64.1236026 ], [ -81.771311, 64.5120303 ], [ -82.3659562, 64.7680118 ], [ -83.2083634, 64.9476993 ], [ -83.3976945, 65.1366234 ], [ -84.0984594, 65.2095401 ], [ -84.577382, 65.4894066 ], [ -85.0767309, 65.4563663 ], [ -85.2010392, 65.8092716 ], [ -85.6098157, 65.9105461 ], [ -86.0283911, 65.6650251 ], [ -86.1593318, 64.9394392 ], [ -86.4057511, 64.438544 ], [ -86.1928605, 64.1034203 ], [ -86.8959041, 63.9302432 ], [ -87.223785, 63.6601423 ], [ -85.6170141, 63.6748721 ], [ -85.6351619, 63.2431094 ], [ -85.2739152, 63.1233585 ], [ -84.59024, 63.3151309 ], [ -84.4053442, 63.554755 ], [ -83.6337784, 63.7709822 ], [ -83.6852921, 64.0140648 ], [ -82.5339249, 63.9730492 ], [ -82.074615, 63.6918399 ], [ -81.0188696, 63.4502628 ], [ -80.5126847, 63.6825219 ] ] ], [ [ [ -94.8031307, 60.0000675 ], [ -94.3515519, 60.8580997 ], [ -94.0068253, 61.237779 ], [ -93.9849747, 61.4579939 ], [ -93.3028865, 61.7518985 ], [ -93.5020646, 61.855821 ], [ -92.5934139, 62.2394473 ], [ -92.7183325, 62.4646671 ], [ -92.2608943, 62.5626081 ], [ -92.4539282, 62.7939314 ], [ -91.4419653, 62.7869327 ], [ -90.6436255, 63.0689151 ], [ -90.9745174, 63.5786807 ], [ -90.168365, 63.6577009 ], [ -89.8127335, 63.9601505 ], [ -89.1773982, 64.0385196 ], [ -88.7346085, 63.9723575 ], [ -88.0443009, 64.1843122 ], [ -86.9382218, 65.1419538 ], [ -87.0469458, 65.2379825 ], [ -89.0398657, 65.3281925 ], [ -89.8374731, 65.8309187 ], [ -89.6879777, 65.9468448 ], [ -88.5845841, 65.6452497 ], [ -88.2054744, 65.4050967 ], [ -87.3807674, 65.329698 ], [ -86.4746801, 65.7339542 ], [ -85.8566619, 66.1628297 ], [ -86.6205949, 66.3143985 ], [ -86.6204728, 66.5069441 ], [ -85.4160726, 66.5669806 ], [ -85.2678117, 66.2869327 ], [ -84.3817439, 66.1900495 ], [ -83.6907853, 66.1992048 ], [ -82.6334529, 66.5632999 ], [ -81.9549048, 66.9767927 ], [ -81.5274145, 66.9960391 ], [ -81.2379451, 67.4605167 ], [ -82.0882462, 67.8995222 ], [ -82.3696997, 68.3562686 ], [ -81.2665096, 68.6387393 ], [ -81.702504, 68.9075382 ], [ -81.337229, 69.1875675 ], [ -82.2372941, 69.2352156 ], [ -82.5755102, 69.6740583 ], [ -83.7540584, 69.7117374 ], [ -84.3398331, 69.8596866 ], [ -85.33316, 69.7913679 ], [ -85.534047, 69.4633243 ], [ -85.2199601, 69.1327986 ], [ -84.7672013, 69.0879581 ], [ -85.2247615, 68.7212995 ], [ -85.6681209, 68.7269962 ], [ -85.9017228, 68.0543887 ], [ -86.5292863, 67.6872012 ], [ -86.5019425, 67.3793806 ], [ -87.3277889, 67.1732852 ], [ -88.1529842, 67.680406 ], [ -88.3736466, 67.9758161 ], [ -87.7922257, 68.3312442 ], [ -88.0226131, 68.8086612 ], [ -89.3316951, 69.2494978 ], [ -89.6721899, 69.044501 ], [ -90.0001521, 68.3792585 ], [ -90.603505, 68.440782 ], [ -90.4465226, 68.8862979 ], [ -91.0335994, 69.2195499 ], [ -91.1099747, 69.5132917 ], [ -91.8027238, 69.513251 ], [ -92.4714249, 69.6976179 ], [ -91.5452368, 70.1449649 ], [ -92.249908, 70.6253523 ], [ -92.9077042, 70.902045 ], [ -92.9906307, 71.3571231 ], [ -94.5486954, 72.0021426 ], [ -95.2251684, 71.9495303 ], [ -95.6583146, 71.29149 ], [ -96.2117407, 71.3867862 ], [ -96.6164445, 70.825751 ], [ -96.1903377, 70.6247419 ], [ -96.5615128, 70.315253 ], [ -96.4863175, 70.0969913 ], [ -95.6502986, 69.7838809 ], [ -94.3221736, 69.452989 ], [ -93.4343969, 69.3567976 ], [ -94.1351619, 69.1327986 ], [ -94.6360978, 68.7560489 ], [ -93.7304581, 68.6118025 ], [ -94.860992, 68.0308699 ], [ -95.5820206, 67.8995222 ], [ -95.2556046, 67.2622745 ], [ -96.46524, 67.5495059 ], [ -96.2163794, 67.7803409 ], [ -96.3981014, 68.1713728 ], [ -97.2603654, 68.4686954 ], [ -98.1923722, 68.3076846 ], [ -98.448964, 68.0708682 ], [ -97.6408585, 68.0093855 ], [ -97.0611466, 67.680406 ], [ -97.5903214, 67.6029727 ], [ -98.3609513, 67.8113467 ], [ -98.9154354, 67.7116153 ], [ -100.7170304, 67.8469913 ], [ -101.529449, 67.680406 ], [ -102.7625626, 67.8151309 ], [ -103.3660783, 68.0185001 ], [ -104.4838761, 68.0339216 ], [ -104.6019588, 68.2353376 ], [ -105.5359594, 68.4498966 ], [ -105.4695939, 68.7219913 ], [ -106.1974992, 68.9444034 ], [ -107.2925919, 68.7014021 ], [ -108.2808325, 68.6215681 ], [ -108.8150529, 68.2742374 ], [ -108.3376359, 68.1550967 ], [ -106.5731502, 68.4202335 ], [ -105.6975805, 68.488837 ], [ -107.9416398, 67.8543155 ], [ -107.2464493, 67.0842146 ], [ -107.6586808, 66.7077091 ], [ -108.2149552, 67.0274112 ], [ -107.9925431, 67.2824568 ], [ -108.5991105, 67.6253116 ], [ -110.4208064, 67.948391 ], [ -112.4210099, 67.6824405 ], [ -113.858754, 67.6962344 ], [ -115.5338029, 67.9343936 ], [ -114.8370255, 68.2626407 ], [ -114.0567928, 68.3041853 ], [ -114.2010392, 68.5719262 ], [ -114.9877824, 68.8674177 ], [ -116.1604712, 68.9841169 ], [ -116.2081193, 68.8312035 ], [ -118.0408829, 69.0246036 ], [ -118.6663712, 69.2254906 ], [ -120.2786352, 69.4077823 ], [ -120.6808195, 69.5566691 ], [ -120.6808195, 68.015642 ], [ -119.7591, 67.72297 ], [ -116.5936, 66.7536 ], [ -114.4137085, 66.086044 ], [ -112.5039, 65.5013 ], [ -110.7058, 65.50086 ], [ -109.5798, 64.93273 ], [ -108.9729, 64.77817 ], [ -106.9259226, 64.6216373 ], [ -104.5823189, 64.436894 ], [ -101.9991, 64.2274 ], [ -102.0049052, 63.1806916 ], [ -102.0029, 61.22009 ], [ -102.0016, 60.00006 ], [ -99.30135, 60.00006 ], [ -96.6011006, 60.0000589 ], [ -94.8031307, 60.0000675 ] ] ], [ [ [ -95.3967993, 68.7560489 ], [ -95.8455298, 68.8906111 ], [ -96.2197973, 69.3139509 ], [ -96.893422, 69.4977481 ], [ -97.9251603, 69.8959415 ], [ -98.2193497, 69.7975935 ], [ -98.4111222, 69.3525251 ], [ -99.3093156, 69.1587589 ], [ -99.4172257, 68.8904483 ], [ -97.7605688, 68.6520857 ], [ -97.5620011, 68.5642764 ], [ -96.2958878, 68.4801293 ], [ -95.3967993, 68.7560489 ] ] ], [ [ [ -77.6448394, 63.1431696 ], [ -77.7032771, 63.4381778 ], [ -78.5317277, 63.3902042 ], [ -77.9407641, 63.0871488 ], [ -77.6448394, 63.1431696 ] ] ], [ [ [ -79.3277482, 62.0704613 ], [ -79.2657365, 62.2498233 ], [ -79.8307999, 62.4107934 ], [ -80.2149731, 62.1376585 ], [ -80.1803983, 61.7742566 ], [ -79.7502335, 61.5859236 ], [ -79.3277482, 62.0704613 ] ] ], [ [ [ -75.0700577, 68.0331892 ], [ -75.1376033, 68.2362735 ], [ -75.9112036, 68.3445499 ], [ -76.6888729, 68.2626407 ], [ -77.3226619, 67.7079939 ], [ -76.9815568, 67.2433129 ], [ -75.8892716, 67.258002 ], [ -75.0650529, 67.5524356 ], [ -75.0700577, 68.0331892 ] ] ], [ [ [ -72.8859757, 66.9330915 ], [ -73.4556372, 66.5506046 ], [ -74.3454077, 66.2258161 ], [ -74.4203589, 66.0834415 ], [ -73.7178442, 65.7746036 ], [ -73.4960424, 65.4939639 ], [ -74.17927, 65.5285098 ], [ -74.5029191, 65.3434919 ], [ -75.7573136, 65.2138126 ], [ -76.6768693, 65.4110782 ], [ -77.4356583, 65.4596215 ], [ -77.3128149, 65.2001407 ], [ -77.9636124, 65.0519473 ], [ -78.1847631, 64.5867374 ], [ -77.7578019, 64.342963 ], [ -76.7278947, 64.2961286 ], [ -75.8621313, 64.3776309 ], [ -75.7068579, 64.5792504 ], [ -74.7130835, 64.3820255 ], [ -74.5507299, 64.6310082 ], [ -73.4523413, 64.5914981 ], [ -72.3175756, 63.6788598 ], [ -71.5656225, 63.6908227 ], [ -71.7664689, 63.2841251 ], [ -71.3726294, 63.0485294 ], [ -70.2403051, 62.7540958 ], [ -69.6269425, 62.7910017 ], [ -69.4450577, 62.5535342 ], [ -68.5536596, 62.2497419 ], [ -67.4006242, 62.149807 ], [ -66.2744848, 61.8580997 ], [ -65.9300024, 62.1978214 ], [ -67.1979874, 62.8768985 ], [ -68.1469214, 63.1606306 ], [ -68.7603247, 63.554755 ], [ -68.4962052, 63.7403018 ], [ -67.8688859, 63.4636905 ], [ -67.5006811, 63.4428165 ], [ -66.5192358, 63.077338 ], [ -65.6658829, 62.9122582 ], [ -65.1696264, 62.5684268 ], [ -64.4843644, 63.2877872 ], [ -64.6761368, 63.7403018 ], [ -65.3073624, 64.1934268 ], [ -65.0810441, 64.4791934 ], [ -65.7260636, 64.5152042 ], [ -65.8240454, 64.8827579 ], [ -66.6493628, 64.9699161 ], [ -67.1688126, 65.2685408 ], [ -67.0602514, 65.4533552 ], [ -67.9269913, 65.6201033 ], [ -67.8100073, 65.878404 ], [ -67.1701147, 65.9325626 ], [ -67.3031714, 66.2807478 ], [ -66.9612931, 66.5408389 ], [ -66.4717911, 66.3440616 ], [ -65.5031225, 65.7667504 ], [ -64.902089, 65.2820499 ], [ -63.4052221, 65.0327823 ], [ -63.4975073, 65.3708357 ], [ -63.1601049, 65.6492374 ], [ -62.594187, 65.6640079 ], [ -61.954213, 66.0197615 ], [ -62.5385229, 66.2273624 ], [ -61.492299, 66.3674177 ], [ -61.2704565, 66.6048038 ], [ -62.0040991, 67.0368106 ], [ -62.9050187, 66.9730492 ], [ -63.8884985, 67.2416039 ], [ -64.2897436, 67.7294376 ], [ -64.7195532, 67.9851749 ], [ -66.2141007, 68.0050723 ], [ -67.0639542, 68.474921 ], [ -67.9312231, 68.528225 ], [ -68.1331681, 68.8372257 ], [ -67.6780493, 69.1771915 ], [ -66.6687719, 69.1845564 ], [ -67.2276098, 69.4643415 ], [ -68.0051163, 69.4619815 ], [ -68.5874731, 69.5910098 ], [ -68.0130509, 69.7760684 ], [ -67.1154679, 69.7286645 ], [ -67.8085424, 70.2637393 ], [ -68.3369034, 70.0688337 ], [ -69.4702042, 70.2481143 ], [ -68.4586076, 70.3729923 ], [ -68.3622534, 70.584296 ], [ -70.5164282, 70.9370792 ], [ -71.9531144, 70.7913272 ], [ -71.1170548, 71.2704532 ], [ -71.5818986, 71.5150821 ], [ -72.4726049, 71.6472842 ], [ -73.2538956, 71.3300235 ], [ -74.2626847, 71.8197696 ], [ -74.2368058, 72.0761173 ], [ -75.0631811, 72.1282413 ], [ -75.1983536, 72.497626 ], [ -77.6010229, 72.7558048 ], [ -79.283396, 72.3944359 ], [ -80.049021, 72.3978946 ], [ -80.5584611, 72.6275902 ], [ -80.642771, 73.1698266 ], [ -81.1335343, 73.2470564 ], [ -81.5283911, 73.7162133 ], [ -82.8311255, 73.7367211 ], [ -84.8366593, 73.3890648 ], [ -85.4635717, 73.1118839 ], [ -85.7024633, 72.634711 ], [ -85.0358374, 72.2547061 ], [ -85.5009253, 72.2144229 ], [ -86.1275529, 71.7942569 ], [ -86.4604386, 72.2033552 ], [ -86.2534074, 72.3945987 ], [ -86.6985571, 72.8161075 ], [ -86.0303442, 73.3024356 ], [ -84.9519751, 73.66767 ], [ -85.1057023, 73.8119978 ], [ -86.7141821, 73.8473982 ], [ -87.7644751, 73.7167423 ], [ -89.0512182, 73.2516951 ], [ -89.7532446, 72.6108259 ], [ -90.104685, 71.9163272 ], [ -89.8134253, 71.3290063 ], [ -88.0669653, 71.212836 ], [ -87.3585913, 70.9496117 ], [ -89.1263322, 71.0315616 ], [ -89.4490861, 70.9080264 ], [ -88.6940812, 70.4650333 ], [ -87.8525284, 70.2379825 ], [ -87.0314428, 70.4684919 ], [ -85.7829077, 69.9951846 ], [ -84.9519751, 70.0665551 ], [ -83.6728003, 69.9463565 ], [ -83.0516251, 70.0104841 ], [ -82.1258439, 69.8180606 ], [ -81.0715226, 70.0992699 ], [ -78.8880509, 69.8937849 ], [ -78.7669165, 70.1913923 ], [ -77.6825659, 70.1836612 ], [ -77.4909155, 69.8627383 ], [ -77.0384008, 69.6057803 ], [ -75.6874487, 69.2870548 ], [ -75.4966528, 68.9342309 ], [ -74.8788549, 68.8255069 ], [ -73.7280167, 68.3136661 ], [ -72.9883927, 68.1732852 ], [ -72.8574113, 67.8605411 ], [ -72.4361059, 67.5314802 ], [ -72.3509008, 67.1194522 ], [ -72.8859757, 66.9330915 ] ] ], [ [ [ -74.6402482, 67.8566755 ], [ -73.4094946, 67.7760277 ], [ -73.4129126, 67.9684105 ], [ -74.2769669, 68.0776228 ], [ -74.6402482, 67.8566755 ] ] ], [ [ [ -80.7476701, 73.7575544 ], [ -80.7950333, 73.2853458 ], [ -80.1638077, 73.2333845 ], [ -79.9486385, 72.8474796 ], [ -79.1754451, 72.7545841 ], [ -78.1708878, 72.898627 ], [ -76.3189591, 72.8167178 ], [ -76.2716365, 73.1021182 ], [ -77.2134904, 73.5108096 ], [ -78.1385392, 73.66885 ], [ -79.4503068, 73.6353214 ], [ -80.7476701, 73.7575544 ] ] ], [ [ [ -62.0313208, 82.1393904 ], [ -61.5788875, 82.4888777 ], [ -63.0654598, 82.5372989 ], [ -63.4470923, 82.8267276 ], [ -65.8515926, 82.8423526 ], [ -69.4833878, 83.0456404 ], [ -72.5916235, 83.1023624 ], [ -74.2000219, 83.0021426 ], [ -76.1354874, 83.053697 ], [ -78.4205623, 82.8723005 ], [ -79.3404842, 82.9755313 ], [ -81.5761613, 82.7912458 ], [ -82.7115779, 82.3814558 ], [ -85.7618709, 82.4674747 ], [ -86.9647518, 82.0514997 ], [ -88.6807348, 82.0584171 ], [ -91.7085262, 81.7343611 ], [ -89.8261613, 81.0130476 ], [ -88.1010636, 80.6807722 ], [ -86.1178279, 80.5368106 ], [ -84.3970434, 80.5099958 ], [ -81.2171118, 80.6276716 ], [ -80.352325, 80.4726423 ], [ -83.7878719, 80.2509219 ], [ -86.4377335, 80.3200137 ], [ -86.4498592, 79.7542178 ], [ -85.3215633, 79.6796736 ], [ -84.3296199, 79.1923689 ], [ -85.7573136, 78.8316511 ], [ -86.6098527, 78.8092716 ], [ -87.482452, 78.4519717 ], [ -87.4878637, 78.1271833 ], [ -88.180979, 77.8014591 ], [ -87.4745988, 77.1113956 ], [ -88.2936092, 77.1363386 ], [ -89.5371801, 76.8567569 ], [ -89.6567277, 76.5654158 ], [ -89.1701961, 76.4241804 ], [ -87.6299129, 76.3355574 ], [ -85.2490942, 76.3161075 ], [ -84.2350154, 76.4467634 ], [ -82.800852, 76.38996 ], [ -81.9352921, 76.4949812 ], [ -80.772491, 76.4199893 ], [ -80.6672257, 76.1640486 ], [ -78.1413468, 76.5271671 ], [ -77.7162166, 76.8219669 ], [ -78.8675024, 76.9244245 ], [ -79.4324031, 77.2385928 ], [ -78.2891333, 77.3775495 ], [ -77.7368058, 77.6008161 ], [ -77.9807023, 77.8167178 ], [ -75.5819393, 78.1130232 ], [ -74.7737524, 78.8348249 ], [ -75.7442928, 78.8971622 ], [ -74.4687394, 79.2271589 ], [ -75.0279842, 79.3732771 ], [ -71.1424048, 79.7894962 ], [ -68.2793676, 80.7598738 ], [ -64.6921281, 81.3908145 ], [ -64.3725887, 81.7249617 ], [ -62.0313208, 82.1393904 ] ] ], [ [ [ -90.3129777, 73.8710391 ], [ -90.9938859, 74.0059268 ], [ -92.1137589, 73.9843204 ], [ -93.2725724, 74.1779646 ], [ -95.2486466, 74.0099145 ], [ -95.6129451, 73.5963809 ], [ -95.5926814, 72.699449 ], [ -95.1357316, 72.4634464 ], [ -95.1452531, 71.9658878 ], [ -94.0877579, 72.063544 ], [ -93.4642228, 72.4634464 ], [ -93.4032283, 72.7943383 ], [ -92.3848771, 72.7099063 ], [ -91.8576554, 72.8479678 ], [ -90.3129777, 73.8710391 ] ] ], [ [ [ -93.4588924, 74.7499861 ], [ -93.499379, 75.2680118 ], [ -94.3939103, 75.6042341 ], [ -95.7914933, 75.501044 ], [ -96.604563, 75.0648461 ], [ -95.8975724, 74.8258731 ], [ -94.7241919, 74.6317813 ], [ -93.4588924, 74.7499861 ] ] ], [ [ [ -79.909047, 74.8139509 ], [ -79.3951717, 74.8762882 ], [ -79.5010473, 75.3919132 ], [ -81.1131486, 75.7791202 ], [ -82.3310441, 75.8435733 ], [ -83.9180802, 75.8145206 ], [ -86.1963598, 75.4153507 ], [ -87.1114803, 75.594794 ], [ -88.2453507, 75.4784203 ], [ -88.5799454, 75.6585147 ], [ -90.1882218, 76.0677758 ], [ -89.2975968, 76.3005232 ], [ -90.4478247, 76.4113223 ], [ -91.4410701, 76.693671 ], [ -92.6930232, 76.5960147 ], [ -93.7009171, 76.9209659 ], [ -95.7707413, 77.0767276 ], [ -96.851145, 76.9296329 ], [ -95.823313, 76.3991153 ], [ -94.8481339, 76.2692325 ], [ -93.128326, 76.3701846 ], [ -92.1845597, 75.8949242 ], [ -92.0043839, 75.60163 ], [ -92.5040177, 75.2180036 ], [ -91.620839, 74.7116153 ], [ -90.8941137, 74.760891 ], [ -89.9486385, 74.5327823 ], [ -89.1473689, 74.6078962 ], [ -87.6436255, 74.4583194 ], [ -84.2582902, 74.5064965 ], [ -83.4935197, 74.5778262 ], [ -81.7886857, 74.4584008 ], [ -80.1617326, 74.6237654 ], [ -79.909047, 74.8139509 ] ] ], [ [ [ -110.0037, 72.75544 ], [ -110.0037, 72.71044 ], [ -110.0037, 72.62731 ], [ -110.0037, 72.52379 ], [ -110.0037078, 72.4965744 ], [ -110.0037, 72.45812 ], [ -110.0, 70.00009 ], [ -112.5, 70.00009 ], [ -117.1237, 70.00115 ], [ -116.8558385, 69.6476354 ], [ -115.9748429, 69.3001977 ], [ -114.3972876, 69.2881534 ], [ -113.5839738, 69.2012393 ], [ -113.655507, 68.8004825 ], [ -113.3504939, 68.5915388 ], [ -112.5833227, 68.5096703 ], [ -111.2510473, 68.5196801 ], [ -109.6246232, 68.641669 ], [ -108.9516495, 68.7424177 ], [ -108.5394588, 68.9469669 ], [ -107.3348283, 69.0255801 ], [ -106.5838924, 69.5036075 ], [ -105.8858536, 69.1764591 ], [ -103.3831681, 68.782294 ], [ -101.9645076, 68.9696313 ], [ -101.7683813, 69.1229516 ], [ -102.054799, 69.4844425 ], [ -102.5822648, 69.7434757 ], [ -100.9643449, 69.6644555 ], [ -100.9957169, 70.1749535 ], [ -101.5822648, 70.1325137 ], [ -102.4092911, 70.4255232 ], [ -103.5377091, 70.5995141 ], [ -104.5911759, 71.0731876 ], [ -104.2823787, 71.3639591 ], [ -104.3802791, 71.600043 ], [ -105.0388891, 72.1139591 ], [ -105.3325089, 72.7511254 ], [ -105.8293351, 73.051337 ], [ -106.8233943, 73.3096378 ], [ -107.6620174, 73.3284366 ], [ -108.2983292, 73.1337751 ], [ -107.7177628, 72.3026798 ], [ -108.1883032, 71.9495303 ], [ -108.6630753, 72.3610294 ], [ -108.6334122, 72.5655785 ], [ -110.0037, 72.98505 ], [ -110.0037, 72.75544 ] ] ], [ [ [ -96.4137176, 72.3991153 ], [ -97.6607472, 73.0366885 ], [ -97.6682749, 73.4863142 ], [ -96.9564015, 73.7372908 ], [ -97.5704559, 73.8937035 ], [ -99.2184051, 73.7394473 ], [ -100.0013234, 73.9500186 ], [ -100.8858449, 73.8320987 ], [ -101.5615855, 73.4685733 ], [ -100.1111867, 73.0326602 ], [ -100.4312144, 72.7404239 ], [ -101.2962453, 72.7185733 ], [ -101.7628387, 73.0189883 ], [ -102.4847625, 73.0412458 ], [ -102.6142385, 72.6613223 ], [ -101.8401499, 72.3264835 ], [ -100.6365366, 72.1864688 ], [ -99.8643605, 71.8594425 ], [ -99.2350881, 71.3495954 ], [ -98.5414845, 71.2921817 ], [ -97.9698293, 71.6615258 ], [ -97.4612437, 71.617377 ], [ -96.559673, 71.8398298 ], [ -96.4137176, 72.3991153 ] ] ], [ [ [ -104.5628149, 73.4653181 ], [ -105.1671443, 73.7566592 ], [ -106.5995988, 73.7106387 ], [ -107.039296, 73.4844425 ], [ -106.1207169, 73.29267 ], [ -105.4857479, 72.9557559 ], [ -104.7365617, 73.1896426 ], [ -104.5628149, 73.4653181 ] ] ], [ [ [ -104.2571915, 75.0185001 ], [ -103.5858048, 75.1771508 ], [ -104.4032283, 75.4326033 ], [ -104.9064835, 75.1240909 ], [ -104.2571915, 75.0185001 ] ] ], [ [ [ -97.4987687, 75.4545352 ], [ -97.6651098, 76.4861514 ], [ -98.5079646, 76.636949 ], [ -100.2696427, 76.6495629 ], [ -100.9630428, 76.4802921 ], [ -102.0351456, 76.4127872 ], [ -101.5894669, 75.9245059 ], [ -102.2622778, 75.8698184 ], [ -102.7761124, 75.5449893 ], [ -100.223256, 75.6666934 ], [ -100.6757706, 75.3364932 ], [ -100.3301896, 75.0140648 ], [ -98.0350236, 75.0262719 ], [ -98.1166886, 75.2980004 ], [ -97.4987687, 75.4545352 ] ] ], [ [ [ -110.0037, 76.22641 ], [ -110.0037, 75.91144 ], [ -110.0037, 75.87869 ], [ -109.1020402, 75.7500675 ], [ -110.0037, 75.54466 ], [ -110.0037, 74.85262 ], [ -108.8242081, 75.0715193 ], [ -108.4166154, 74.9170596 ], [ -107.0051977, 74.9238142 ], [ -106.0089005, 75.0566267 ], [ -105.3904923, 75.659654 ], [ -105.7599178, 75.9901798 ], [ -107.857574, 76.0658633 ], [ -108.6158748, 76.4234887 ], [ -108.4507951, 76.7326114 ], [ -109.1844376, 76.8219262 ], [ -110.0037, 76.48615 ], [ -110.0037, 76.22641 ] ] ], [ [ [ -110.0037, 78.32901 ], [ -109.3466691, 78.5353458 ], [ -110.0037, 78.68692 ], [ -110.0037, 78.32901 ] ] ], [ [ [ -104.3945206, 76.0814883 ], [ -102.8376359, 76.0806339 ], [ -102.7266333, 76.3156192 ], [ -104.3120011, 76.2123884 ], [ -104.3945206, 76.0814883 ] ] ], [ [ [ -105.5319718, 79.2489688 ], [ -103.3840226, 78.7746036 ], [ -103.4971818, 78.5065372 ], [ -101.0360001, 78.1992048 ], [ -100.6100154, 77.8639591 ], [ -99.017242, 77.8937849 ], [ -99.8027238, 78.3084984 ], [ -99.5579321, 78.5987003 ], [ -101.6484269, 79.0810001 ], [ -102.6071671, 79.0764835 ], [ -103.7215877, 79.3633487 ], [ -105.5319718, 79.2489688 ] ] ], [ [ [ -93.4778947, 77.5586612 ], [ -93.6080216, 77.7814802 ], [ -95.5064998, 77.8107364 ], [ -95.9876196, 77.4790714 ], [ -93.4778947, 77.5586612 ] ] ], [ [ [ -97.0944718, 77.8343773 ], [ -95.0606583, 77.9726423 ], [ -95.3699438, 78.2467716 ], [ -94.8278702, 78.3637149 ], [ -97.4510392, 78.7971052 ], [ -98.355865, 78.7739119 ], [ -98.3597306, 78.4517276 ], [ -97.0944718, 77.8343773 ] ] ], [ [ [ -90.2360734, 77.2054711 ], [ -89.6571346, 77.3241641 ], [ -90.3041072, 77.6293806 ], [ -91.199615, 77.4078637 ], [ -90.2360734, 77.2054711 ] ] ], [ [ [ -96.7479549, 80.1400821 ], [ -96.542714, 79.8483747 ], [ -95.6459855, 79.3942732 ], [ -92.580393, 79.3847517 ], [ -92.6273494, 79.2454288 ], [ -94.2715551, 78.9682071 ], [ -92.9527482, 78.436713 ], [ -92.1163224, 78.2269555 ], [ -90.8841447, 78.1445987 ], [ -88.7700089, 78.1855329 ], [ -87.8587947, 78.6926944 ], [ -84.9186092, 79.2959659 ], [ -85.5637915, 79.5797794 ], [ -87.1887101, 79.6278344 ], [ -86.9712622, 79.8815779 ], [ -87.7005509, 80.4125837 ], [ -90.6392309, 80.5685082 ], [ -92.2369279, 81.2563337 ], [ -95.2318416, 81.0153262 ], [ -96.7479549, 80.1400821 ] ] ] ] } },
{ "type": "Feature", "properties": { "ID": "Nova Scotia" }, "geometry": { "type": "MultiPolygon", "coordinates": [ [ [ [ -64.2734234, 45.8356699 ], [ -64.6487931, 45.5590681 ], [ -64.3880509, 45.3672956 ], [ -65.7858781, 44.6963565 ], [ -66.1136775, 44.3433699 ], [ -66.2103165, 44.105699 ], [ -66.1216935, 43.743557 ], [ -65.4626359, 43.527574 ], [ -65.0344132, 43.712307 ], [ -64.5609432, 44.0799828 ], [ -64.3539119, 44.4561221 ], [ -63.9430232, 44.6205102 ], [ -63.7158911, 44.4561221 ], [ -62.5515031, 44.8675805 ], [ -61.0711564, 45.2239444 ], [ -61.4705298, 45.6830915 ], [ -61.8941544, 45.7037214 ], [ -62.4704484, 45.614488 ], [ -62.7385962, 45.7625186 ], [ -63.1898087, 45.7363956 ], [ -64.0427252, 45.9919811 ], [ -64.2734234, 45.8356699 ] ] ], [ [ [ -60.2077531, 45.7409122 ], [ -59.8620499, 45.9356957 ], [ -59.8821915, 46.1766625 ], [ -60.3509822, 46.3120792 ], [ -60.6213273, 46.1010196 ], [ -60.7300512, 45.7139346 ], [ -60.981923, 45.8207462 ], [ -60.42691, 46.284003 ], [ -60.3107804, 46.8544376 ], [ -60.6032609, 47.0336368 ], [ -61.094838, 46.4539249 ], [ -61.5411271, 46.0404727 ], [ -61.3348689, 45.5662296 ], [ -60.7268774, 45.5656192 ], [ -60.2077531, 45.7409122 ] ] ] ] } },
{ "type": "Feature", "properties": { "ID": "Northwest Territories" }, "geometry": { "type": "MultiPolygon", "coordinates": [ [ [ [ -120.6808195, 69.5566691 ], [ -121.4278, 69.76683 ], [ -122.951, 69.83857 ], [ -123.1776, 69.49592 ], [ -123.5447, 69.37702 ], [ -124.4385, 69.36961 ], [ -124.0718, 69.66584 ], [ -125.0323, 69.74726 ], [ -125.9386, 69.41401 ], [ -126.7018, 69.7674 ], [ -127.1365, 70.25288 ], [ -127.9283, 70.56708 ], [ -128.3104, 69.98941 ], [ -129.1737, 69.83234 ], [ -130.3245, 70.1402 ], [ -130.9429, 70.0788 ], [ -132.1389, 69.68793 ], [ -132.8873, 69.66108 ], [ -133.6319, 69.39916 ], [ -134.4101, 69.65693 ], [ -135.8379, 69.30907 ], [ -135.9906, 69.01594 ], [ -136.4449, 68.9099 ], [ -136.4448, 67.72558 ], [ -136.1894, 67.56425 ], [ -136.1622001, 67.0036624 ], [ -134.0301, 66.98661 ], [ -133.6006, 66.55935 ], [ -133.6118, 65.96187 ], [ -132.5615, 66.0293 ], [ -132.1822, 65.58354 ], [ -132.7134183, 65.228577 ], [ -132.3539, 65.069 ], [ -132.5691119, 64.7749612 ], [ -132.0538, 64.69641 ], [ -131.6194283, 64.3686553 ], [ -131.1456071, 64.42413 ], [ -130.7399471, 63.9734081 ], [ -130.098, 63.78231 ], [ -129.8228454, 63.4779345 ], [ -130.1294159, 63.316549 ], [ -129.7645027, 62.8515644 ], [ -129.1969405, 62.5071669 ], [ -129.1300195, 62.1160538 ], [ -128.5466, 62.12179 ], [ -127.9728, 61.68869 ], [ -127.1457479, 61.4651891 ], [ -126.8845235, 60.7818717 ], [ -125.8260351, 60.8831316 ], [ -125.3218, 60.78792 ], [ -124.5665, 60.93899 ], [ -124.4164054, 60.4793061 ], [ -123.8191034, 60.0000589 ], [ -120.0, 60.00006 ], [ -117.4999284, 60.0000589 ], [ -115.0, 60.00006 ], [ -113.1249499, 60.0000589 ], [ -110.0, 60.00006 ], [ -107.5005, 60.00006 ], [ -105.5009, 60.00006 ], [ -102.0016, 60.00006 ], [ -102.0029, 61.22009 ], [ -102.0049052, 63.1806916 ], [ -101.9991, 64.2274 ], [ -104.5823189, 64.436894 ], [ -106.9259226, 64.6216373 ], [ -108.9729, 64.77817 ], [ -109.5798, 64.93273 ], [ -110.7058, 65.50086 ], [ -112.5039, 65.5013 ], [ -114.4137085, 66.086044 ], [ -116.5936, 66.7536 ], [ -119.7591, 67.72297 ], [ -120.6808195, 68.015642 ], [ -120.6808195, 69.5566691 ] ], [ [ -111.1182, 62.69393 ], [ -111.0346, 62.39324 ], [ -111.6288, 61.95081 ], [ -112.2184, 61.61082 ], [ -112.7027, 61.44392 ], [ -113.3384, 61.45451 ], [ -113.7096, 61.26347 ], [ -113.762, 61.00561 ], [ -114.2638, 60.99737 ], [ -115.2628, 60.84783 ], [ -115.9431, 60.84371 ], [ -116.5371, 61.03269 ], [ -117.3042, 61.10863 ], [ -116.0023, 61.35502 ], [ -115.5437, 61.75211 ], [ -114.6342, 61.8575 ], [ -115.3413, 62.49273 ], [ -114.6223, 62.35497 ], [ -114.2412, 62.40384 ], [ -113.7411, 62.09122 ], [ -113.2188, 61.99909 ], [ -112.4391, 62.07945 ], [ -111.7287, 62.38205 ], [ -111.4604, 62.6932 ], [ -111.1182, 62.69393 ] ], [ [ -118.764, 65.7278 ], [ -119.7032, 65.79609 ], [ -120.0083, 65.57679 ], [ -119.5501, 65.42843 ], [ -120.0558, 65.19264 ], [ -120.8304, 65.60181 ], [ -121.5331, 65.38987 ], [ -121.7852, 65.03516 ], [ -122.224, 64.99777 ], [ -123.3389, 65.11258 ], [ -122.7316, 65.34336 ], [ -122.201, 65.85143 ], [ -121.395, 65.9524 ], [ -121.9071, 66.2497 ], [ -123.0445, 66.25294 ], [ -124.0442, 66.11194 ], [ -124.4557, 66.25971 ], [ -121.4639, 66.72392 ], [ -121.1628, 66.8717 ], [ -119.784, 67.04478 ], [ -119.3022, 66.83107 ], [ -120.1388, 66.60559 ], [ -120.14, 66.40837 ], [ -119.5573, 66.30181 ], [ -118.5866, 66.33713 ], [ -118.0521, 66.59735 ], [ -117.6133, 66.28267 ], [ -117.9173, 66.15698 ], [ -118.3675, 65.65509 ], [ -118.764, 65.7278 ] ] ], [ [ [ -115.4167, 73.4606 ], [ -115.3994, 73.56704 ], [ -117.4165, 74.23249 ], [ -120.1566, 74.279 ], [ -121.5808, 74.55585 ], [ -124.7557, 74.34858 ], [ -124.1453, 73.85106 ], [ -123.7738, 73.76561 ], [ -124.8599, 73.09032 ], [ -124.4904, 72.92512 ], [ -125.7521, 72.14769 ], [ -125.2323, 71.94131 ], [ -124.0646, 71.70038 ], [ -123.0999, 71.08462 ], [ -120.6352, 71.49144 ], [ -120.1967, 72.21703 ], [ -119.3402, 72.34675 ], [ -119.1639, 72.62983 ], [ -115.4167, 73.4606 ] ] ], [ [ [ -110.0037, 72.45812 ], [ -112.0773, 72.89802 ], [ -113.962, 73.12287 ], [ -114.5843, 73.38459 ], [ -117.3693, 72.91779 ], [ -118.5934, 72.4287 ], [ -118.1278, 72.22724 ], [ -119.0543, 71.93529 ], [ -119.0509, 71.62678 ], [ -118.3088, 71.4322 ], [ -117.5513, 71.37417 ], [ -116.1849, 71.50031 ], [ -115.9039, 71.3935 ], [ -118.3865, 71.0222 ], [ -117.5854, 70.60635 ], [ -116.2334, 70.63972 ], [ -115.5809, 70.58015 ], [ -113.9884, 70.71621 ], [ -112.144, 70.49388 ], [ -112.5863, 70.20002 ], [ -114.1847, 70.31574 ], [ -116.9651, 70.12906 ], [ -117.442, 69.98941 ], [ -116.8558385, 69.6476354 ], [ -117.1237, 70.00115 ], [ -112.5, 70.00009 ], [ -110.0, 70.00009 ], [ -110.0037, 72.45812 ] ] ], [ [ [ -117.8182, 75.84186 ], [ -118.6212, 75.92206 ], [ -119.409, 75.60163 ], [ -118.6139, 75.50373 ], [ -117.8182, 75.84186 ] ] ], [ [ [ -119.4685, 76.27875 ], [ -118.007, 76.40249 ], [ -115.8928, 76.69843 ], [ -116.2472, 77.19595 ], [ -115.4042, 77.31843 ], [ -116.4067, 77.5624 ], [ -117.2311, 77.28571 ], [ -118.8205, 77.36103 ], [ -121.2043, 76.67821 ], [ -121.5536, 76.437 ], [ -122.3806, 76.40851 ], [ -122.8617, 76.18236 ], [ -121.4368, 75.94428 ], [ -120.7174, 76.0268 ], [ -119.8629, 75.85912 ], [ -119.4685, 76.27875 ] ] ], [ [ [ -110.0037, 75.54466 ], [ -111.2743, 75.52717 ], [ -111.3614, 75.71524 ], [ -112.4325, 76.17084 ], [ -113.963, 76.19062 ], [ -114.2059, 76.47101 ], [ -115.5123, 76.4562 ], [ -115.8411, 76.18496 ], [ -116.7081, 75.89956 ], [ -117.6749, 75.29316 ], [ -115.7154, 74.97036 ], [ -111.0279, 75.17715 ], [ -111.5555, 75.01264 ], [ -112.7978, 74.98505 ], [ -114.4398, 74.68366 ], [ -113.693, 74.44448 ], [ -112.4374, 74.41352 ], [ -111.001, 74.61636 ], [ -110.0037, 74.85262 ], [ -110.0037, 75.54466 ] ] ], [ [ [ -110.0037, 78.09931 ], [ -112.2709, 78.01533 ], [ -113.2413, 77.90497 ], [ -113.1996, 77.52766 ], [ -112.1092, 77.32575 ], [ -110.2354, 77.50422 ], [ -110.0037, 77.9314 ], [ -110.0037, 78.09931 ] ] ], [ [ [ -110.0037, 78.68692 ], [ -110.4269, 78.76634 ], [ -113.2142, 78.40656 ], [ -111.7785, 78.27021 ], [ -110.0037, 78.32901 ], [ -110.0037, 78.68692 ] ] ] ] } },
{ "type": "Feature", "properties": { "ID": "North Dakota" }, "geometry": { "type": "Polygon", "coordinates": [ [ [ -101.3643396, 48.9926696 ], [ -104.0475744, 48.9926179 ], [ -104.0462586, 47.3006389 ], [ -104.0448914, 45.9420207 ], [ -101.2155457, 45.9419474 ], [ -99.351825, 45.9418742 ], [ -96.5563416, 45.9417521 ], [ -96.6016297, 46.3239299 ], [ -96.7946717, 46.6422648 ], [ -96.852948, 47.4882609 ], [ -97.129657, 48.1705607 ], [ -97.1009705, 48.6505168 ], [ -97.22609, 48.99267 ], [ -98.9138543, 48.9926696 ], [ -101.3643396, 48.9926696 ] ] ] } },
{ "type": "Feature", "properties": { "ID": "North Carolina" }, "geometry": { "type": "MultiPolygon", "coordinates": [ [ [ [ -78.5731583, 33.8826031 ], [ -77.9111222, 33.9581566 ], [ -77.8326717, 34.2070173 ], [ -77.2015275, 34.6507022 ], [ -76.6581925, 34.7218692 ], [ -76.4424943, 35.4039981 ], [ -76.15038, 35.347154 ], [ -75.7218318, 35.829169 ], [ -75.852854, 35.9799665 ], [ -76.195424, 35.9936384 ], [ -75.9163712, 36.4026553 ], [ -76.0317277, 36.550279 ], [ -77.8987488, 36.5422648 ], [ -80.0895935, 36.5397746 ], [ -81.6588562, 36.60955 ], [ -81.7404969, 36.4094523 ], [ -82.1987732, 36.1585246 ], [ -82.8782898, 35.9555705 ], [ -83.4992127, 35.5699748 ], [ -83.7280945, 35.5665568 ], [ -84.3005066, 35.2083537 ], [ -84.3246277, 34.9870646 ], [ -83.1147644, 35.0004435 ], [ -82.287201, 35.2058879 ], [ -81.0735291, 35.1542033 ], [ -80.7762391, 34.8257365 ], [ -79.6535096, 34.7957316 ], [ -78.5731583, 33.8826031 ] ] ], [ [ [ -76.0132544, 36.550157 ], [ -75.9728898, 36.4997012 ], [ -75.9089656, 36.5494245 ], [ -75.9429826, 36.549628 ], [ -75.9669221, 36.5498099 ], [ -76.0132544, 36.550157 ] ] ] ] } },
{ "type": "Feature", "properties": { "ID": "Newfoundland and Labrador" }, "geometry": { "type": "MultiPolygon", "coordinates": [ [ [ [ -52.6604712, 47.4457869 ], [ -52.8611548, 47.6083845 ], [ -53.2436417, 47.5925967 ], [ -53.0535783, 47.9325626 ], [ -53.2764786, 48.0164249 ], [ -53.6051326, 47.5393741 ], [ -53.8467911, 47.7067732 ], [ -53.6394751, 48.1693383 ], [ -53.0584611, 48.4358585 ], [ -53.414174, 48.6237654 ], [ -53.7744848, 48.5507673 ], [ -53.9239396, 48.91767 ], [ -53.453684, 49.2421736 ], [ -54.0410864, 49.4808617 ], [ -55.2228898, 49.2645531 ], [ -55.1556697, 49.5493025 ], [ -55.5823868, 49.4723575 ], [ -55.9386287, 49.6096866 ], [ -55.7226456, 49.9312198 ], [ -56.1487931, 50.1557071 ], [ -56.7253312, 49.690253 ], [ -56.7387589, 50.0268008 ], [ -55.8731176, 50.9173038 ], [ -55.4918514, 51.3883731 ], [ -55.5140682, 51.6039493 ], [ -56.1061906, 51.5289981 ], [ -56.7202042, 51.319322 ], [ -56.9772029, 50.8814965 ], [ -57.4568579, 50.483059 ], [ -57.6101782, 50.1656762 ], [ -58.1859025, 49.4426944 ], [ -58.1362199, 49.0948754 ], [ -58.4433488, 49.0567895 ], [ -58.7032365, 48.5545108 ], [ -58.5362036, 48.4535587 ], [ -59.3988338, 47.8803165 ], [ -59.111643, 47.5607771 ], [ -58.0977677, 47.6952172 ], [ -56.7774552, 47.5333926 ], [ -55.9684952, 47.7598331 ], [ -55.7741593, 47.4577497 ], [ -55.4378149, 47.4713809 ], [ -55.487172, 47.1402855 ], [ -55.8698624, 47.0751407 ], [ -55.8513077, 46.8709984 ], [ -55.2508846, 46.91885 ], [ -54.8660783, 47.3795841 ], [ -54.4583634, 47.4994164 ], [ -54.0132951, 47.8071964 ], [ -53.9105525, 47.3727481 ], [ -54.1504614, 47.0053165 ], [ -54.0503637, 46.8080508 ], [ -53.5725805, 47.1620548 ], [ -53.6228735, 46.6558292 ], [ -53.2113338, 46.6353214 ], [ -52.9412736, 46.7913272 ], [ -52.6604712, 47.4457869 ] ] ], [ [ [ -57.1003312, 51.4190128 ], [ -56.9665421, 51.4252383 ], [ -55.6848038, 52.1116804 ], [ -56.0003963, 52.5151228 ], [ -56.0593969, 52.7656925 ], [ -55.7468969, 53.145738 ], [ -56.0362443, 53.5804304 ], [ -57.15274, 53.7399356 ], [ -57.356923, 54.1394717 ], [ -58.0115861, 54.2397322 ], [ -58.2203263, 54.0637882 ], [ -58.8531388, 53.941962 ], [ -59.0768123, 53.6869978 ], [ -60.0417374, 53.48017 ], [ -60.1082658, 53.7576765 ], [ -59.5316463, 53.8216413 ], [ -58.9745174, 53.971503 ], [ -58.1861466, 54.358588 ], [ -57.6783341, 54.3774275 ], [ -57.3910213, 54.5019392 ], [ -57.8469946, 54.7387149 ], [ -58.6814673, 54.8185489 ], [ -59.0079646, 55.1536726 ], [ -59.8620499, 55.1408552 ], [ -60.2870988, 55.2333845 ], [ -60.3548478, 55.5751407 ], [ -60.7816056, 55.8596866 ], [ -61.3454484, 55.9693057 ], [ -61.8302303, 56.3768985 ], [ -61.8091935, 56.7885196 ], [ -61.3819067, 57.1210798 ], [ -61.8651017, 57.1706404 ], [ -61.889882, 57.6249861 ], [ -62.3050431, 58.0311954 ], [ -62.6613663, 58.1758487 ], [ -62.5786027, 58.5042178 ], [ -63.4422094, 59.1205508 ], [ -63.7281388, 59.5091413 ], [ -64.1478572, 59.6828474 ], [ -64.2205298, 60.0465762 ], [ -64.5314065, 60.3039013 ], [ -64.8934121, 59.5647432 ], [ -64.4918202, 59.4364241 ], [ -64.4139955, 58.9819815 ], [ -63.8181663, 58.4860428 ], [ -64.3896301, 58.1877147 ], [ -63.7649395, 57.5643936 ], [ -63.743313, 57.2267398 ], [ -64.1241166, 56.6895116 ], [ -64.0217456, 56.0898066 ], [ -63.692723, 55.7529553 ], [ -63.738267, 55.4396128 ], [ -63.5506258, 55.2264671 ], [ -63.8147808, 54.9404511 ], [ -63.8985817, 54.601604 ], [ -64.9406275, 54.9295205 ], [ -65.6979998, 54.72281 ], [ -66.2543225, 54.9981162 ], [ -66.5879972, 55.255439 ], [ -67.2612083, 54.5705685 ], [ -67.7495985, 54.426115 ], [ -67.8080678, 54.0340271 ], [ -67.3231169, 53.5662732 ], [ -66.8897566, 53.414941 ], [ -66.9826196, 53.1053979 ], [ -67.3024807, 52.8680816 ], [ -66.8656811, 52.6617195 ], [ -66.6249253, 52.9368689 ], [ -66.2878673, 52.8474453 ], [ -66.4082452, 52.5894928 ], [ -66.3738515, 52.142375 ], [ -66.0780659, 52.16989 ], [ -65.4589798, 52.0254365 ], [ -65.1838304, 51.7743627 ], [ -64.2792767, 51.739969 ], [ -64.3618215, 51.9669673 ], [ -63.7733886, 52.3351004 ], [ -63.6703975, 52.0357388 ], [ -62.7944303, 51.9998237 ], [ -60.460826, 51.9999271 ], [ -57.1009794, 52.0000821 ], [ -57.1003312, 51.4190128 ] ] ] ] } },
{ "type": "Feature", "properties": { "ID": "New York" }, "geometry": { "type": "MultiPolygon", "coordinates": [ [ [ [ -71.8648982, 41.0620792 ], [ -72.1089982, 41.0014102 ], [ -73.4856872, 40.9456257 ], [ -73.9085999, 40.7886774 ], [ -73.7073432, 40.5827943 ], [ -72.6052799, 40.8013303 ], [ -71.8648982, 41.0620792 ] ] ], [ [ [ -79.0586315, 43.2782004 ], [ -79.0652311, 43.1057302 ], [ -78.8675047, 42.8456956 ], [ -79.150683, 42.5810622 ], [ -79.7630066, 42.2685128 ], [ -79.762909, 41.9998576 ], [ -78.0941346, 41.9989787 ], [ -75.3389832, 41.9973918 ], [ -75.078949, 41.8280803 ], [ -75.0639344, 41.6157023 ], [ -74.698993, 41.3562541 ], [ -73.9071346, 40.9907901 ], [ -73.6428647, 41.0010655 ], [ -73.5446961, 41.294926 ], [ -73.4805359, 42.0545451 ], [ -73.2655157, 42.7456012 ], [ -73.2470398, 43.552006 ], [ -73.4385437, 44.0527629 ], [ -73.2947205, 44.4696818 ], [ -73.3513409, 45.0046336 ], [ -74.7129614, 44.9992536 ], [ -75.2702329, 44.8637743 ], [ -75.7914962, 44.4965127 ], [ -76.0538252, 44.2657081 ], [ -76.2784251, 43.8839179 ], [ -76.1681857, 43.6684433 ], [ -76.7127593, 43.3387555 ], [ -77.5380092, 43.2569223 ], [ -78.1065735, 43.3940959 ], [ -79.0586315, 43.2782004 ] ] ] ] } },
{ "type": "Feature", "properties": { "ID": "New Mexico" }, "geometry": { "type": "Polygon", "coordinates": [ [ [ -109.0474305, 31.3273913 ], [ -108.2148112, 31.3274429 ], [ -108.2148628, 31.3344709 ], [ -108.2148628, 31.4329662 ], [ -108.2149662, 31.4470739 ], [ -108.2151212, 31.7777514 ], [ -108.189283, 31.7776997 ], [ -108.1633414, 31.777648 ], [ -108.1375032, 31.7775447 ], [ -108.1116133, 31.7775447 ], [ -108.0857234, 31.7773896 ], [ -107.8787593, 31.7769245 ], [ -107.6976334, 31.7765628 ], [ -107.6717435, 31.7764595 ], [ -107.6458536, 31.7764595 ], [ -107.5940739, 31.7763044 ], [ -107.1541265, 31.7752192 ], [ -106.5171887, 31.773824 ], [ -106.5060524, 31.7702583 ], [ -106.5530701, 31.8121867 ], [ -106.5914978, 31.8272014 ], [ -106.6621766, 32.0002971 ], [ -104.8426697, 32.0009807 ], [ -103.0655945, 32.0016887 ], [ -103.0551453, 33.9479533 ], [ -103.0476746, 35.3381389 ], [ -103.0002381, 36.5001994 ], [ -103.0007996, 36.9998088 ], [ -104.323285, 36.9998088 ], [ -106.2126648, 36.9998088 ], [ -107.5351746, 36.9998088 ], [ -109.0466248, 36.9998088 ], [ -109.0468934, 35.2288127 ], [ -109.0471131, 33.4578166 ], [ -109.0472596, 32.3952189 ], [ -109.0473816, 31.6867717 ], [ -109.0474305, 31.5096721 ], [ -109.0474305, 31.3325724 ], [ -109.0474305, 31.3308635 ], [ -109.0474305, 31.3288615 ], [ -109.0474305, 31.3279094 ], [ -109.0474305, 31.3276896 ], [ -109.0474305, 31.3273913 ] ] ] } },
{ "type": "Feature", "properties": { "ID": "New Jersey" }, "geometry": { "type": "Polygon", "coordinates": [ [ [ -75.0235896, 40.0163028 ], [ -75.4401749, 39.7770043 ], [ -75.5316056, 39.4779727 ], [ -75.1593318, 39.1986352 ], [ -74.7457169, 39.0545108 ], [ -74.1675512, 39.6993676 ], [ -73.9723937, 40.3276503 ], [ -74.2826874, 40.4973188 ], [ -74.0319294, 40.7141809 ], [ -73.9071346, 40.9907901 ], [ -74.698993, 41.3562541 ], [ -75.1395447, 40.9822062 ], [ -75.1821961, 40.5703898 ], [ -74.7393738, 40.1848674 ], [ -75.0235896, 40.0163028 ] ] ] } },
{ "type": "Feature", "properties": { "ID": "New Hampshire" }, "geometry": { "type": "Polygon", "coordinates": [ [ [ -71.084952, 45.3042926 ], [ -71.3948881, 45.241529 ], [ -71.5058481, 45.0137311 ], [ -71.6780213, 44.4461223 ], [ -72.0422547, 44.2816935 ], [ -72.2135437, 43.7846232 ], [ -72.3978699, 43.5314006 ], [ -72.5554627, 42.8779582 ], [ -72.4668152, 42.7292765 ], [ -71.3063172, 42.7008586 ], [ -70.8142812, 42.8772954 ], [ -70.7440893, 43.0838077 ], [ -70.9726258, 43.3831096 ], [ -70.9578309, 43.5622111 ], [ -71.084952, 45.3042926 ] ] ] } },
{ "type": "Feature", "properties": { "ID": "New Brunswick" }, "geometry": { "type": "Polygon", "coordinates": [ [ [ -69.0635598, 47.2908093 ], [ -68.9062286, 47.1902215 ], [ -68.1970471, 47.3414009 ], [ -67.8051847, 47.0356314 ], [ -67.7728352, 45.8280565 ], [ -67.4499609, 45.6108088 ], [ -67.475024, 45.2823534 ], [ -67.1760148, 45.1786563 ], [ -66.745839, 45.0645206 ], [ -65.9094132, 45.2102725 ], [ -64.7562557, 45.6277937 ], [ -64.5854386, 45.8259138 ], [ -64.2734234, 45.8356699 ], [ -64.0427252, 45.9919811 ], [ -63.813059, 46.1402855 ], [ -64.5140275, 46.2394066 ], [ -64.9058325, 46.8868676 ], [ -64.9596248, 47.2942976 ], [ -64.8262833, 47.8154971 ], [ -65.20934, 47.8196882 ], [ -65.6288143, 47.6706404 ], [ -65.8178605, 47.9074161 ], [ -66.3858943, 48.0751407 ], [ -66.843007, 47.9968122 ], [ -67.3508964, 47.8495861 ], [ -67.6128442, 47.9975357 ], [ -68.3778621, 47.928341 ], [ -68.386828, 47.558286 ], [ -69.0635598, 47.2908093 ] ] ] } },
{ "type": "Feature", "properties": { "ID": "Nevada" }, "geometry": { "type": "Polygon", "coordinates": [ [ [ -114.0402039, 37.0031291 ], [ -114.0412781, 39.1892863 ], [ -114.0418885, 40.5946818 ], [ -114.0425476, 42.0000773 ], [ -115.7154969, 41.9997599 ], [ -117.0166199, 41.9995402 ], [ -118.6947449, 41.9995402 ], [ -120.0007508, 41.9995402 ], [ -120.000409, 40.350883 ], [ -120.0000184, 38.9992228 ], [ -118.8289002, 38.1817912 ], [ -117.3928894, 37.1401408 ], [ -116.1775818, 36.2104289 ], [ -114.6282166, 35.0035685 ], [ -114.7211853, 36.0927287 ], [ -114.5547791, 36.1605265 ], [ -114.1238953, 36.0458537 ], [ -114.0420105, 36.2197795 ], [ -114.0402039, 37.0031291 ] ] ] } },
{ "type": "Feature", "properties": { "ID": "Nebraska" }, "geometry": { "type": "Polygon", "coordinates": [ [ [ -104.0531189, 43.0003703 ], [ -104.0537293, 40.9998332 ], [ -102.0518006, 40.999589 ], [ -102.0512635, 40.0001017 ], [ -100.7668152, 40.0001017 ], [ -98.8804383, 40.0001017 ], [ -97.203656, 40.0001017 ], [ -95.3172547, 40.0001017 ], [ -95.7676453, 40.600468 ], [ -95.8791687, 41.3179973 ], [ -96.0821473, 41.5498088 ], [ -96.0642273, 41.7959514 ], [ -96.48266, 42.518339 ], [ -96.7088562, 42.6774943 ], [ -97.3011658, 42.887089 ], [ -98.0068787, 42.7840861 ], [ -98.4851014, 43.0001994 ], [ -101.4733094, 43.0003215 ], [ -104.0531189, 43.0003703 ] ] ] } },
{ "type": "Feature", "properties": { "ID": "Montana" }, "geometry": { "type": "Polygon", "coordinates": [ [ [ -114.0638401, 48.9925145 ], [ -116.0481631, 48.9925145 ], [ -116.0489441, 48.0036906 ], [ -115.7189148, 47.6997844 ], [ -115.5101258, 47.3127238 ], [ -115.3416687, 47.2685344 ], [ -114.3405457, 46.5308146 ], [ -114.5499207, 45.7835002 ], [ -114.3295838, 45.4833049 ], [ -113.9572693, 45.6926066 ], [ -113.7113953, 45.3047892 ], [ -113.1833435, 44.8044474 ], [ -112.9955262, 44.4652385 ], [ -112.3599305, 44.4713908 ], [ -111.502826, 44.5476115 ], [ -111.3079529, 44.7323527 ], [ -111.0513855, 44.4978801 ], [ -111.0507996, 45.0000285 ], [ -109.1506043, 45.0000285 ], [ -107.1922547, 45.0001017 ], [ -105.7778992, 45.0001017 ], [ -104.056659, 45.0001017 ], [ -104.0448914, 45.9420207 ], [ -104.0462586, 47.3006389 ], [ -104.0475744, 48.9926179 ], [ -106.6071832, 48.9926179 ], [ -108.3656288, 48.9926179 ], [ -109.9993211, 48.9926179 ], [ -111.4428829, 48.9926179 ], [ -114.0638401, 48.9925145 ] ] ] } },
{ "type": "Feature", "properties": { "ID": "Missouri" }, "geometry": { "type": "Polygon", "coordinates": [ [ [ -95.7676453, 40.600468 ], [ -95.3172547, 40.0001017 ], [ -94.8823426, 39.8209025 ], [ -95.0988221, 39.5302287 ], [ -94.8295838, 39.2172892 ], [ -94.617743, 39.1231486 ], [ -94.6180359, 36.9998088 ], [ -94.6183289, 36.4998332 ], [ -92.4247986, 36.4998332 ], [ -90.1621766, 36.4998332 ], [ -90.0674988, 36.2873576 ], [ -90.3733094, 35.9861857 ], [ -89.7238465, 36.0004924 ], [ -89.5598816, 36.5001506 ], [ -89.4943787, 36.5014201 ], [ -89.4244568, 36.4989543 ], [ -89.1406189, 36.73455 ], [ -89.1237, 36.9796428 ], [ -89.3271668, 37.0142131 ], [ -89.5233094, 37.2680217 ], [ -89.5495789, 37.6976603 ], [ -90.1108094, 38.0166545 ], [ -90.3820008, 38.3004924 ], [ -90.1964783, 38.6381633 ], [ -90.1835633, 38.8826945 ], [ -90.7026307, 38.9953898 ], [ -90.8195496, 39.3201213 ], [ -91.3550721, 39.7107951 ], [ -91.5189393, 40.1749064 ], [ -91.4418641, 40.3795207 ], [ -91.7306824, 40.6188029 ], [ -93.0949891, 40.5813029 ], [ -94.4783387, 40.5729533 ], [ -95.7676453, 40.600468 ] ] ] } },
{ "type": "Feature", "properties": { "ID": "Mississippi" }, "geometry": { "type": "Polygon", "coordinates": [ [ [ -89.5259904, 30.1927758 ], [ -88.9276424, 30.4422061 ], [ -88.4022156, 30.3878703 ], [ -88.4861512, 31.889506 ], [ -88.3084656, 33.233842 ], [ -88.0894226, 34.8920451 ], [ -88.1790711, 34.9978312 ], [ -90.3042176, 35.0000773 ], [ -90.593866, 34.6423381 ], [ -90.5939637, 34.4250529 ], [ -90.8211609, 34.2856486 ], [ -91.0454285, 33.814506 ], [ -91.1923279, 33.7080607 ], [ -91.1664734, 33.0143351 ], [ -91.1610047, 32.6253947 ], [ -90.9165467, 32.3398478 ], [ -91.4041687, 31.738383 ], [ -91.6573426, 31.0002238 ], [ -89.7352723, 31.0001017 ], [ -89.8460633, 30.6824992 ], [ -89.5259904, 30.1927758 ] ] ] } },
{ "type": "Feature", "properties": { "ID": "Minnesota" }, "geometry": { "type": "Polygon", "coordinates": [ [ [ -95.16057, 49.36949 ], [ -95.17711, 48.99267 ], [ -97.22609, 48.99267 ], [ -97.1009705, 48.6505168 ], [ -97.129657, 48.1705607 ], [ -96.852948, 47.4882609 ], [ -96.7946717, 46.6422648 ], [ -96.6016297, 46.3239299 ], [ -96.5563416, 45.9417521 ], [ -96.8630555, 45.6007609 ], [ -96.4536072, 45.2965617 ], [ -96.4535584, 43.5001262 ], [ -94.8275086, 43.5003459 ], [ -92.8762391, 43.5006389 ], [ -91.2501404, 43.5009562 ], [ -91.2950135, 43.9189738 ], [ -91.662616, 44.0732707 ], [ -92.1026062, 44.4369181 ], [ -92.8197937, 44.757841 ], [ -92.667743, 45.4454387 ], [ -92.8831971, 45.5761271 ], [ -92.7040955, 45.91309 ], [ -92.2925721, 46.0833293 ], [ -92.2915955, 46.6596721 ], [ -92.1112017, 46.7682387 ], [ -91.5110327, 47.1219232 ], [ -91.0123799, 47.4931164 ], [ -90.5328607, 47.7115346 ], [ -89.5817526, 47.9963331 ], [ -90.1786252, 48.116444 ], [ -90.7864693, 48.1004501 ], [ -90.9231534, 48.2271091 ], [ -91.4279288, 48.0364489 ], [ -92.043421, 48.334596 ], [ -92.3030951, 48.3109282 ], [ -92.6486037, 48.5362633 ], [ -93.2577396, 48.6303144 ], [ -93.7567789, 48.5165488 ], [ -93.8748854, 48.6362055 ], [ -94.5928519, 48.7264326 ], [ -94.8272562, 49.292858 ], [ -95.16057, 49.36949 ] ] ] } },
{ "type": "Feature", "properties": { "ID": "Michigan" }, "geometry": { "type": "MultiPolygon", "coordinates": [ [ [ [ -82.6446981, 42.557533 ], [ -82.4163685, 43.0174198 ], [ -82.6893814, 43.9213021 ], [ -82.9235481, 44.069956 ], [ -83.2669238, 43.9763482 ], [ -83.6788864, 43.6080987 ], [ -83.9254164, 43.8806798 ], [ -83.5924905, 44.0625969 ], [ -83.3533197, 44.3295851 ], [ -83.2873821, 44.7031332 ], [ -83.4600267, 44.9980861 ], [ -83.5102158, 45.3586821 ], [ -84.0961476, 45.5043924 ], [ -84.2239016, 45.6424491 ], [ -84.7745097, 45.799934 ], [ -85.0822674, 45.6312633 ], [ -85.0211868, 45.4390435 ], [ -85.3343903, 45.315705 ], [ -85.579154, 45.0613744 ], [ -86.0597035, 44.9224345 ], [ -86.2695851, 44.688415 ], [ -86.2675245, 44.3746229 ], [ -86.5183228, 44.0832024 ], [ -86.5429022, 43.6275267 ], [ -86.2223396, 42.9643243 ], [ -86.2192488, 42.709405 ], [ -86.3789414, 42.2552011 ], [ -86.8430881, 41.7595593 ], [ -84.8060753, 41.7582746 ], [ -84.8060753, 41.6968055 ], [ -83.4649531, 41.7330089 ], [ -83.1460873, 42.2328295 ], [ -83.1254818, 42.2684475 ], [ -83.0426183, 42.3408611 ], [ -82.8899905, 42.4032663 ], [ -82.8634978, 42.5575131 ], [ -82.6446981, 42.557533 ] ] ], [ [ [ -84.1059436, 46.3463742 ], [ -84.4912986, 46.4574877 ], [ -85.0557746, 46.5329006 ], [ -85.2003074, 46.7754567 ], [ -85.8605661, 46.708636 ], [ -86.4882976, 46.5535061 ], [ -87.3481353, 46.5167106 ], [ -87.7964518, 46.9011502 ], [ -88.3863575, 46.8543463 ], [ -88.6838125, 47.2281887 ], [ -88.9686098, 47.0188958 ], [ -89.3976455, 46.8637659 ], [ -89.794154, 46.8302084 ], [ -90.409406, 46.5890875 ], [ -90.1184998, 46.3406291 ], [ -89.1192322, 46.148173 ], [ -88.8372742, 46.0355998 ], [ -88.1152039, 45.924589 ], [ -87.8026062, 45.6870402 ], [ -87.599502, 45.1050051 ], [ -87.1735773, 45.6689419 ], [ -86.5243572, 45.761961 ], [ -86.2519232, 45.9544751 ], [ -85.6618704, 45.9847946 ], [ -85.3395416, 46.1093107 ], [ -84.8244044, 45.8802954 ], [ -84.6566169, 46.0563251 ], [ -84.0222622, 45.9641891 ], [ -84.1059436, 46.3463742 ] ] ] ] } },
{ "type": "Feature", "properties": { "ID": "Mexico" }, "geometry": { "type": "Polygon", "coordinates": [ [ [ -110.6885254, 31.3248535 ], [ -111.0419922, 31.3242188 ], [ -112.9389648, 31.9162598 ], [ -113.4131836, 32.0643066 ], [ -113.8874512, 32.2123047 ], [ -114.3617187, 32.3603027 ], [ -114.8359375, 32.5083008 ], [ -114.7879883, 32.5647949 ], [ -114.7247559, 32.715332 ], [ -116.2698242, 32.5976074 ], [ -116.8420898, 32.5547852 ], [ -117.1282715, 32.5333496 ], [ -116.847998, 31.9973633 ], [ -116.6208008, 31.8510742 ], [ -116.6621582, 31.5648926 ], [ -116.3334473, 31.2027832 ], [ -116.2962891, 30.9705078 ], [ -116.0621582, 30.8041504 ], [ -115.9958008, 30.4144531 ], [ -115.815625, 30.3036133 ], [ -115.6738281, 29.7563965 ], [ -114.9935059, 29.3844238 ], [ -114.1455078, 28.6054199 ], [ -114.0484863, 28.4261719 ], [ -114.3005859, 27.872998 ], [ -114.9935059, 27.7360352 ], [ -114.5398926, 27.4311035 ], [ -114.4452637, 27.2181641 ], [ -113.8409668, 26.9665039 ], [ -113.5985352, 26.7212891 ], [ -113.2057617, 26.8569824 ], [ -113.020752, 26.583252 ], [ -112.6583984, 26.316748 ], [ -112.3772461, 26.213916 ], [ -112.1738281, 25.9125977 ], [ -112.0557617, 25.4882324 ], [ -112.1285156, 25.0431152 ], [ -112.0725586, 24.8400391 ], [ -111.4193359, 24.3290039 ], [ -111.0361816, 24.1052734 ], [ -110.6299805, 23.7373047 ], [ -110.3626953, 23.6049316 ], [ -110.1806152, 23.3415039 ], [ -110.0860352, 23.0054688 ], [ -109.9234375, 22.8858887 ], [ -109.4580566, 23.2147461 ], [ -109.4208496, 23.480127 ], [ -110.0228027, 24.1746094 ], [ -110.5469727, 24.2141602 ], [ -110.7345215, 24.5898438 ], [ -110.6772461, 24.7885254 ], [ -111.0344238, 25.5269531 ], [ -111.2916016, 25.7897949 ], [ -111.3321289, 26.1254395 ], [ -111.5696777, 26.7076172 ], [ -112.009082, 26.9670898 ], [ -112.3291992, 27.5234375 ], [ -112.7340332, 27.8259766 ], [ -112.8708496, 28.4242188 ], [ -113.0936523, 28.5117676 ], [ -113.2055664, 28.7987793 ], [ -113.499707, 28.926709 ], [ -113.7554688, 29.3674805 ], [ -114.3726074, 29.8302246 ], [ -114.6497559, 30.2381348 ], [ -114.6333008, 30.5068848 ], [ -114.8818848, 31.1563965 ], [ -114.839502, 31.7985352 ], [ -114.5486816, 31.7335449 ], [ -114.1493164, 31.507373 ], [ -113.9477539, 31.6293457 ], [ -113.6234863, 31.3458984 ], [ -113.0467285, 31.179248 ], [ -113.1104492, 30.7933105 ], [ -112.8248047, 30.3001465 ], [ -112.7383789, 29.9854492 ], [ -112.2234863, 29.2694824 ], [ -112.1617676, 29.0188965 ], [ -111.6800781, 28.4705566 ], [ -111.4716797, 28.3839844 ], [ -111.1213867, 27.9669922 ], [ -110.5298828, 27.864209 ], [ -110.6154785, 27.6539063 ], [ -110.4777832, 27.3226562 ], [ -110.2771484, 27.162207 ], [ -109.9439941, 27.0793457 ], [ -109.7547852, 26.7029297 ], [ -109.4828613, 26.7103516 ], [ -109.199707, 26.3052246 ], [ -109.4256348, 26.0325684 ], [ -109.3849609, 25.7271484 ], [ -109.0288086, 25.4804688 ], [ -108.7509766, 25.4242188 ], [ -108.3736816, 25.1943359 ], [ -107.9511719, 24.6148926 ], [ -107.5119141, 24.4891602 ], [ -107.5272461, 24.3600586 ], [ -106.935498, 23.88125 ], [ -106.4022461, 23.1956055 ], [ -105.7917969, 22.6274902 ], [ -105.6455078, 22.3269043 ], [ -105.6491211, 21.9880859 ], [ -105.4314453, 21.6182617 ], [ -105.2086914, 21.4908203 ], [ -105.2370605, 21.1191895 ], [ -105.4923828, 20.7766113 ], [ -105.2601562, 20.5790527 ], [ -105.6694336, 20.3855957 ], [ -105.4820801, 19.9760742 ], [ -104.9384766, 19.309375 ], [ -103.9124512, 18.8284668 ], [ -103.4416016, 18.3253906 ], [ -102.6995605, 18.0628418 ], [ -101.8470703, 17.9222656 ], [ -101.600293, 17.6515625 ], [ -100.8478027, 17.2004883 ], [ -100.0245117, 16.9205078 ], [ -99.6906738, 16.7196289 ], [ -98.762207, 16.5347656 ], [ -98.5203125, 16.304834 ], [ -98.1389648, 16.2062988 ], [ -97.7547852, 15.9668457 ], [ -97.184668, 15.9092773 ], [ -96.5108398, 15.6519043 ], [ -96.2135742, 15.6930664 ], [ -95.4644043, 15.974707 ], [ -95.134375, 16.1769531 ], [ -94.9004395, 16.4174805 ], [ -94.6615234, 16.2019043 ], [ -94.3741699, 16.2847656 ], [ -93.9160645, 16.0535645 ], [ -92.8089355, 15.1385742 ], [ -92.2645508, 14.5677734 ], [ -92.0748047, 15.0742187 ], [ -92.1871582, 15.3208984 ], [ -91.7365723, 16.070166 ], [ -90.447168, 16.0727051 ], [ -90.4169922, 16.3910156 ], [ -90.7106934, 16.7081055 ], [ -90.9758301, 16.8678223 ], [ -91.4096191, 17.2558594 ], [ -90.9929687, 17.2524414 ], [ -90.9891602, 17.8164062 ], [ -89.1614746, 17.8148437 ], [ -89.0504395, 17.999707 ], [ -88.8063477, 17.9655273 ], [ -88.522998, 18.4458984 ], [ -88.2956543, 18.4724121 ], [ -88.1967773, 18.7196777 ], [ -87.8532227, 18.2689941 ], [ -87.7618164, 18.4461426 ], [ -87.4247559, 19.5833496 ], [ -87.4671875, 20.1021484 ], [ -87.2212402, 20.5072754 ], [ -86.8646973, 20.8850586 ], [ -86.7717773, 21.1505371 ], [ -86.8240723, 21.4216797 ], [ -87.0347656, 21.5922363 ], [ -87.2508789, 21.4469727 ], [ -88.1316406, 21.6158691 ], [ -88.8787109, 21.4141113 ], [ -89.8197754, 21.2746094 ], [ -90.353125, 21.0094238 ], [ -90.4841309, 20.5563477 ], [ -90.5070801, 19.9118652 ], [ -90.6931641, 19.7298828 ], [ -90.7392578, 19.3522461 ], [ -91.3430664, 18.9005859 ], [ -91.2752441, 18.6244629 ], [ -91.5339844, 18.456543 ], [ -91.8029785, 18.4706055 ], [ -91.9737793, 18.7158691 ], [ -92.7101074, 18.6116699 ], [ -92.8847656, 18.4686523 ], [ -93.5523438, 18.4304688 ], [ -94.1890137, 18.1952637 ], [ -94.5461914, 18.1748535 ], [ -94.7981445, 18.5145996 ], [ -95.1818359, 18.7007324 ], [ -95.8210938, 18.7546387 ], [ -95.984668, 19.0537598 ], [ -96.2895508, 19.34375 ], [ -96.4560547, 19.8697754 ], [ -97.1214355, 20.6149902 ], [ -97.6375488, 21.6036621 ], [ -97.8578125, 22.6245117 ], [ -97.7452148, 22.9423828 ], [ -97.7658691, 23.3061523 ], [ -97.6676758, 24.3899902 ], [ -97.5070801, 25.0145508 ], [ -97.2249023, 25.5854492 ], [ -97.1462402, 25.9614746 ], [ -97.2817871, 25.9416016 ], [ -97.3386719, 25.9111816 ], [ -97.3497559, 25.8847656 ], [ -97.3581543, 25.8705078 ], [ -97.4402832, 25.8908203 ], [ -97.5872559, 25.9841797 ], [ -97.801416, 26.042041 ], [ -98.0828125, 26.0644531 ], [ -98.2750488, 26.1111816 ], [ -98.378125, 26.182373 ], [ -98.598291, 26.2378418 ], [ -98.6914062, 26.2764648 ], [ -98.7652344, 26.3404297 ], [ -98.8731934, 26.38125 ], [ -99.0152832, 26.3989746 ], [ -99.1077637, 26.4469238 ], [ -99.1720703, 26.5641602 ], [ -99.2299316, 26.7619141 ], [ -99.3024414, 26.8847168 ], [ -99.4435547, 27.0366699 ], [ -99.456543, 27.0566895 ], [ -99.4577148, 27.0816895 ], [ -99.4402344, 27.1701172 ], [ -99.455127, 27.2336914 ], [ -99.5100586, 27.340332 ], [ -99.5053223, 27.5483398 ], [ -99.5953125, 27.6358887 ], [ -99.754248, 27.7299316 ], [ -99.8896484, 27.8672852 ], [ -100.001416, 28.0478516 ], [ -100.1119629, 28.1729492 ], [ -100.2960449, 28.3276855 ], [ -100.3317383, 28.5025391 ], [ -100.549707, 28.8213379 ], [ -100.6363281, 28.9728027 ], [ -100.6586426, 29.0685547 ], [ -100.7545898, 29.1825195 ], [ -100.9241211, 29.3146973 ], [ -101.0163086, 29.4006836 ], [ -101.038623, 29.4603027 ], [ -101.0389648, 29.4604004 ], [ -101.3035156, 29.634082 ], [ -101.3803711, 29.7425781 ], [ -101.4403809, 29.7768555 ], [ -101.5092773, 29.7731445 ], [ -101.5446289, 29.7835449 ], [ -101.5463867, 29.8080566 ], [ -101.5687012, 29.8092285 ], [ -101.6116211, 29.7869629 ], [ -101.7523437, 29.7824707 ], [ -101.990918, 29.7957031 ], [ -102.2689453, 29.8711914 ], [ -102.6149414, 29.7523437 ], [ -102.7341797, 29.6439453 ], [ -102.8919922, 29.2164063 ], [ -103.0899902, 29.0418945 ], [ -103.1683105, 28.9981934 ], [ -103.2577148, 29.001123 ], [ -103.4229492, 29.0707031 ], [ -103.6639648, 29.2068848 ], [ -103.8529297, 29.2910645 ], [ -103.9897461, 29.3231445 ], [ -104.1105957, 29.3861328 ], [ -104.2155273, 29.4798828 ], [ -104.312207, 29.5424316 ], [ -104.4006348, 29.5737305 ], [ -104.5040039, 29.6776855 ], [ -104.6222168, 29.8542969 ], [ -104.6813477, 29.9905273 ], [ -104.6813477, 30.134375 ], [ -104.8358887, 30.4476562 ], [ -104.9178711, 30.5833496 ], [ -104.9788086, 30.6459473 ], [ -105.2758301, 30.8072754 ], [ -105.5140137, 30.9807617 ], [ -105.8126953, 31.2410156 ], [ -106.0240723, 31.3977539 ], [ -106.1480469, 31.4509277 ], [ -106.2557129, 31.5446777 ], [ -106.4532227, 31.770166 ], [ -106.6730469, 31.7713379 ], [ -106.8928711, 31.7724609 ], [ -107.5523437, 31.7758789 ], [ -107.7722168, 31.7770508 ], [ -107.992041, 31.7781738 ], [ -108.2118164, 31.7793457 ], [ -108.2125, 31.6668457 ], [ -108.2131836, 31.5543945 ], [ -108.2144531, 31.3294434 ], [ -108.5678711, 31.3288086 ], [ -108.9213379, 31.328125 ], [ -109.2747559, 31.3274414 ], [ -109.6282227, 31.3268066 ], [ -109.9816406, 31.3261719 ], [ -110.6885254, 31.3248535 ] ] ] } },
{ "type": "Feature", "properties": { "ID": "Massachusetts" }, "geometry": { "type": "Polygon", "coordinates": [ [ [ -71.2368583, 41.7095637 ], [ -71.193961, 41.6768615 ], [ -71.1218969, 41.5130069 ], [ -70.5331111, 41.8162296 ], [ -70.8613989, 42.5469425 ], [ -70.8142812, 42.8772954 ], [ -71.3063172, 42.7008586 ], [ -72.4668152, 42.7292765 ], [ -73.2655157, 42.7456012 ], [ -73.4805359, 42.0545451 ], [ -71.8007996, 42.0109172 ], [ -71.3870789, 42.0158244 ], [ -71.2368583, 41.7095637 ] ] ] } },
{ "type": "Feature", "properties": { "ID": "Maryland" }, "geometry": { "type": "Polygon", "coordinates": [ [ [ -77.119781, 38.9340641 ], [ -76.9093145, 38.8929751 ], [ -77.045638, 38.7006964 ], [ -77.2670415, 38.4940795 ], [ -76.9221743, 38.2915932 ], [ -76.3205066, 38.1387761 ], [ -76.5516658, 38.7755801 ], [ -76.398549, 39.0143904 ], [ -76.4244686, 39.3236758 ], [ -76.1749568, 39.3162296 ], [ -76.1453751, 38.6650251 ], [ -76.2210994, 38.3438988 ], [ -75.6478584, 37.9657166 ], [ -75.3773751, 38.0151984 ], [ -75.0838924, 38.4535994 ], [ -75.6937015, 38.4603535 ], [ -75.7886437, 39.7213184 ], [ -77.5156434, 39.7215129 ], [ -79.4774353, 39.721757 ], [ -79.4879334, 39.2098674 ], [ -78.7451844, 39.5754191 ], [ -78.1329773, 39.7013469 ], [ -77.7346863, 39.3310588 ], [ -77.119781, 38.9340641 ] ] ] } },
{ "type": "Feature", "properties": { "ID": "Manitoba" }, "geometry": { "type": "Polygon", "coordinates": [ [ [ -101.3643396, 48.9926696 ], [ -98.9138543, 48.9926696 ], [ -97.22609, 48.99267 ], [ -95.17711, 48.99267 ], [ -95.16057, 49.36949 ], [ -95.15393, 51.58626 ], [ -95.153773, 52.8213498 ], [ -93.6201715, 53.7469005 ], [ -91.68626, 55.11062 ], [ -88.947, 56.85322 ], [ -89.82702, 56.97602 ], [ -90.58552, 57.22993 ], [ -91.03112, 57.26463 ], [ -92.2235, 57.02147 ], [ -93.12849, 58.52839 ], [ -93.18952, 58.75971 ], [ -93.71744, 58.79218 ], [ -94.39948, 58.71247 ], [ -94.80744, 59.01813 ], [ -94.71841, 59.36669 ], [ -94.8031307, 60.0000675 ], [ -96.6011006, 60.0000589 ], [ -99.30135, 60.00006 ], [ -102.0016, 60.00006 ], [ -102.001417, 58.4101818 ], [ -102.0013, 57.27475 ], [ -102.0011, 55.81649 ], [ -101.8811143, 54.5308837 ], [ -101.7612, 53.24528 ], [ -101.6212076, 51.7454206 ], [ -101.5013, 50.45981 ], [ -101.3643396, 48.9926696 ] ], [ [ -96.38673, 51.3431 ], [ -96.34994, 50.77616 ], [ -96.65048, 50.39996 ], [ -96.96957, 50.55892 ], [ -96.92071, 51.09378 ], [ -96.61192, 51.34546 ], [ -96.82548, 51.72107 ], [ -97.22582, 51.78347 ], [ -97.47941, 52.13082 ], [ -98.03223, 51.94596 ], [ -98.21797, 52.30568 ], [ -98.7883, 52.70218 ], [ -99.25296, 53.20849 ], [ -98.96124, 53.85668 ], [ -97.95672, 53.87434 ], [ -97.43511, 52.94739 ], [ -97.19756, 52.68423 ], [ -97.08909, 52.24092 ], [ -96.7828, 51.75757 ], [ -96.38673, 51.3431 ] ] ] } },
{ "type": "Feature", "properties": { "ID": "Maine" }, "geometry": { "type": "Polygon", "coordinates": [ [ [ -69.0635598, 47.2908093 ], [ -69.2676277, 47.4398445 ], [ -70.0077634, 46.7040754 ], [ -70.0743227, 46.419545 ], [ -70.3113625, 46.0718659 ], [ -70.2625282, 45.9230378 ], [ -70.7228361, 45.4709207 ], [ -71.084952, 45.3042926 ], [ -70.9578309, 43.5622111 ], [ -70.9726258, 43.3831096 ], [ -70.7440893, 43.0838077 ], [ -70.2391251, 43.7000593 ], [ -69.9858292, 43.862779 ], [ -69.2634171, 43.9299177 ], [ -68.9866023, 44.4211693 ], [ -68.756215, 44.3344587 ], [ -68.2698055, 44.4860701 ], [ -67.8996069, 44.4221052 ], [ -67.2243953, 44.6442325 ], [ -66.977325, 44.8155378 ], [ -67.1760148, 45.1786563 ], [ -67.475024, 45.2823534 ], [ -67.4499609, 45.6108088 ], [ -67.7728352, 45.8280565 ], [ -67.8051847, 47.0356314 ], [ -68.1970471, 47.3414009 ], [ -68.9062286, 47.1902215 ], [ -69.0635598, 47.2908093 ] ] ] } },
{ "type": "Feature", "properties": { "ID": "Louisiana" }, "geometry": { "type": "Polygon", "coordinates": [ [ [ -93.7984212, 29.9856066 ], [ -93.7393798, 29.7372475 ], [ -93.1995929, 29.7728112 ], [ -92.2764931, 29.5338364 ], [ -91.9844458, 29.8319766 ], [ -91.6846818, 29.7531192 ], [ -91.5343318, 29.534003 ], [ -91.219838, 29.4044457 ], [ -91.2285864, 29.2385928 ], [ -90.705922, 29.1195336 ], [ -90.5620011, 29.3007266 ], [ -90.0802303, 29.1747094 ], [ -89.9077042, 29.4770369 ], [ -89.1881404, 29.030463 ], [ -89.0231827, 29.1474063 ], [ -89.668365, 29.521796 ], [ -89.4567765, 29.8292504 ], [ -89.838938, 29.9953474 ], [ -90.3391007, 30.0660668 ], [ -90.2224015, 30.3876 ], [ -89.7084041, 30.175279 ], [ -89.5259904, 30.1927758 ], [ -89.8460633, 30.6824992 ], [ -89.7352723, 31.0001017 ], [ -91.6573426, 31.0002238 ], [ -91.4041687, 31.738383 ], [ -90.9165467, 32.3398478 ], [ -91.1610047, 32.6253947 ], [ -91.1664734, 33.0143351 ], [ -93.147284, 33.0117717 ], [ -94.0412537, 33.0109416 ], [ -94.0432312, 31.9981974 ], [ -93.5147644, 31.0420451 ], [ -93.7524109, 30.3926799 ], [ -93.7984212, 29.9856066 ] ] ] } },
{ "type": "Feature", "properties": { "ID": "Kentucky" }, "geometry": { "type": "Polygon", "coordinates": [ [ [ -89.1237, 36.9796428 ], [ -89.1406189, 36.73455 ], [ -89.4244568, 36.4989543 ], [ -88.042743, 36.4986369 ], [ -87.8332703, 36.644218 ], [ -86.464032, 36.6625773 ], [ -86.0668152, 36.6344767 ], [ -83.7303406, 36.5857707 ], [ -83.6674744, 36.604008 ], [ -83.137201, 36.7499553 ], [ -82.6325867, 37.1639201 ], [ -81.9652283, 37.538676 ], [ -82.2964539, 37.688383 ], [ -82.6311951, 38.1528605 ], [ -82.5894471, 38.4193156 ], [ -82.8863221, 38.7448283 ], [ -83.3050721, 38.6014445 ], [ -83.5342957, 38.7074015 ], [ -84.195575, 38.810551 ], [ -84.444159, 39.1018107 ], [ -84.8235291, 39.0974162 ], [ -84.8194031, 38.7893107 ], [ -85.1859803, 38.6937297 ], [ -85.8159119, 38.2890178 ], [ -86.0319764, 37.9939982 ], [ -86.4161316, 38.1152385 ], [ -86.5358582, 37.9286418 ], [ -86.8188172, 37.9952189 ], [ -87.0867127, 37.8054484 ], [ -87.4266297, 37.9464152 ], [ -88.045282, 37.8067424 ], [ -88.1230652, 37.4746135 ], [ -88.4650086, 37.4088908 ], [ -88.4842957, 37.072465 ], [ -88.9069764, 37.2202189 ], [ -89.1237, 36.9796428 ] ] ] } },
{ "type": "Feature", "properties": { "ID": "Kansas" }, "geometry": { "type": "Polygon", "coordinates": [ [ [ -102.0512635, 40.0001017 ], [ -102.0443543, 38.2186564 ], [ -102.0395691, 36.9998088 ], [ -100.3951355, 36.9998088 ], [ -99.0086121, 36.9998088 ], [ -97.1599549, 36.9998088 ], [ -94.6180359, 36.9998088 ], [ -94.617743, 39.1231486 ], [ -94.8295838, 39.2172892 ], [ -95.0988221, 39.5302287 ], [ -94.8823426, 39.8209025 ], [ -95.3172547, 40.0001017 ], [ -97.203656, 40.0001017 ], [ -98.8804383, 40.0001017 ], [ -100.7668152, 40.0001017 ], [ -102.0512635, 40.0001017 ] ] ] } },
{ "type": "Feature", "properties": { "ID": "Iowa" }, "geometry": { "type": "Polygon", "coordinates": [ [ [ -96.4535584, 43.5001262 ], [ -96.4553894, 43.1217326 ], [ -96.6379578, 42.7510539 ], [ -96.48266, 42.518339 ], [ -96.0642273, 41.7959514 ], [ -96.0821473, 41.5498088 ], [ -95.8791687, 41.3179973 ], [ -95.7676453, 40.600468 ], [ -94.4783387, 40.5729533 ], [ -93.0949891, 40.5813029 ], [ -91.7306824, 40.6188029 ], [ -91.4418641, 40.3795207 ], [ -90.9666443, 40.9462443 ], [ -91.082367, 41.1897502 ], [ -90.9915223, 41.4336467 ], [ -90.3463318, 41.6053752 ], [ -90.1696961, 42.1164592 ], [ -90.6412781, 42.5117717 ], [ -91.0454773, 42.7420939 ], [ -91.2501404, 43.5009562 ], [ -92.8762391, 43.5006389 ], [ -94.8275086, 43.5003459 ], [ -96.4535584, 43.5001262 ] ] ] } },
{ "type": "Feature", "properties": { "ID": "Indiana" }, "geometry": { "type": "Polygon", "coordinates": [ [ [ -84.8235291, 39.0974162 ], [ -84.8063416, 40.7242717 ], [ -84.8060753, 41.6968055 ], [ -84.8060753, 41.7582746 ], [ -86.8430881, 41.7595593 ], [ -87.2919117, 41.6279112 ], [ -87.5210389, 41.7275168 ], [ -87.5326844, 39.3616252 ], [ -87.6632996, 39.1565715 ], [ -87.5112244, 38.763383 ], [ -88.0454041, 38.0517131 ], [ -88.045282, 37.8067424 ], [ -87.4266297, 37.9464152 ], [ -87.0867127, 37.8054484 ], [ -86.8188172, 37.9952189 ], [ -86.5358582, 37.9286418 ], [ -86.4161316, 38.1152385 ], [ -86.0319764, 37.9939982 ], [ -85.8159119, 38.2890178 ], [ -85.1859803, 38.6937297 ], [ -84.8194031, 38.7893107 ], [ -84.8235291, 39.0974162 ] ] ] } },
{ "type": "Feature", "properties": { "ID": "Illinois" }, "geometry": { "type": "Polygon", "coordinates": [ [ [ -91.4418641, 40.3795207 ], [ -91.5189393, 40.1749064 ], [ -91.3550721, 39.7107951 ], [ -90.8195496, 39.3201213 ], [ -90.7026307, 38.9953898 ], [ -90.1835633, 38.8826945 ], [ -90.1964783, 38.6381633 ], [ -90.3820008, 38.3004924 ], [ -90.1108094, 38.0166545 ], [ -89.5495789, 37.6976603 ], [ -89.5233094, 37.2680217 ], [ -89.3271668, 37.0142131 ], [ -89.1237, 36.9796428 ], [ -88.9069764, 37.2202189 ], [ -88.4842957, 37.072465 ], [ -88.4650086, 37.4088908 ], [ -88.1230652, 37.4746135 ], [ -88.045282, 37.8067424 ], [ -88.0454041, 38.0517131 ], [ -87.5112244, 38.763383 ], [ -87.6632996, 39.1565715 ], [ -87.5326844, 39.3616252 ], [ -87.5210389, 41.7275168 ], [ -87.822503, 42.279339 ], [ -87.8042453, 42.4917999 ], [ -90.6412781, 42.5117717 ], [ -90.1696961, 42.1164592 ], [ -90.3463318, 41.6053752 ], [ -90.9915223, 41.4336467 ], [ -91.082367, 41.1897502 ], [ -90.9666443, 40.9462443 ], [ -91.4418641, 40.3795207 ] ] ] } },
{ "type": "Feature", "properties": { "ID": "Idaho" }, "geometry": { "type": "Polygon", "coordinates": [ [ [ -116.0481631, 48.9925145 ], [ -117.0381511, 48.9925145 ], [ -117.0414918, 47.4202547 ], [ -117.0368348, 46.3632609 ], [ -116.8788269, 46.0014689 ], [ -116.4629578, 45.5819133 ], [ -116.8328064, 44.9198771 ], [ -117.2038025, 44.4824992 ], [ -117.1950623, 44.2977092 ], [ -116.8969422, 44.1859172 ], [ -117.0201844, 43.7850871 ], [ -117.0166199, 41.9995402 ], [ -115.7154969, 41.9997599 ], [ -114.0425476, 42.0000773 ], [ -112.3593934, 41.9999064 ], [ -111.0502381, 41.9998332 ], [ -111.0507019, 43.0927287 ], [ -111.0513855, 44.4978801 ], [ -111.3079529, 44.7323527 ], [ -111.502826, 44.5476115 ], [ -112.3599305, 44.4713908 ], [ -112.9955262, 44.4652385 ], [ -113.1833435, 44.8044474 ], [ -113.7113953, 45.3047892 ], [ -113.9572693, 45.6926066 ], [ -114.3295838, 45.4833049 ], [ -114.5499207, 45.7835002 ], [ -114.3405457, 46.5308146 ], [ -115.3416687, 47.2685344 ], [ -115.5101258, 47.3127238 ], [ -115.7189148, 47.6997844 ], [ -116.0489441, 48.0036906 ], [ -116.0481631, 48.9925145 ] ] ] } },
{ "type": "Feature", "properties": { "ID": "Hawaii" }, "geometry": { "type": "MultiPolygon", "coordinates": [ [ [ [ -154.8299048, 19.4640567 ], [ -155.0871412, 19.8603798 ], [ -155.3323128, 20.0467214 ], [ -155.8672422, 20.263132 ], [ -155.8240833, 20.0200924 ], [ -156.0601639, 19.7312206 ], [ -155.8855305, 19.334157 ], [ -155.8781299, 19.0290722 ], [ -155.6829324, 18.9328864 ], [ -155.502797, 19.1376814 ], [ -154.9823005, 19.339244 ], [ -154.8299048, 19.4640567 ] ] ], [ [ [ -156.048423, 20.6508879 ], [ -156.2983292, 20.9527042 ], [ -156.4816716, 20.9043971 ], [ -156.4076532, 20.5872067 ], [ -156.048423, 20.6508879 ] ] ], [ [ [ -157.6588841, 21.2938334 ], [ -157.9624325, 21.7050125 ], [ -158.2276003, 21.483047 ], [ -158.094309, 21.2936059 ], [ -157.6588841, 21.2938334 ] ] ], [ [ [ -159.3186943, 22.0575598 ], [ -159.3997199, 22.2354947 ], [ -159.7165337, 22.157514 ], [ -159.7597937, 21.9785334 ], [ -159.4373153, 21.8687692 ], [ -159.3186943, 22.0575598 ] ] ] ] } },
{ "type": "Feature", "properties": { "ID": "Georgia" }, "geometry": { "type": "Polygon", "coordinates": [ [ [ -81.5000301, 30.712185 ], [ -81.499257, 30.9682071 ], [ -81.2698868, 31.2748477 ], [ -81.3638993, 31.41583 ], [ -81.1962784, 31.7175967 ], [ -80.8902889, 32.0326602 ], [ -81.0778992, 32.0871135 ], [ -81.2007508, 32.48455 ], [ -81.4057557, 32.6242961 ], [ -81.5176209, 33.0395549 ], [ -81.7597351, 33.1559367 ], [ -81.9239441, 33.4585734 ], [ -82.5705262, 33.9678019 ], [ -82.8572937, 34.4606486 ], [ -83.3554871, 34.7084269 ], [ -83.1147644, 35.0004435 ], [ -84.3246277, 34.9870646 ], [ -85.6056824, 34.9852092 ], [ -85.1986268, 32.9443644 ], [ -84.9007264, 32.2608683 ], [ -85.1439148, 31.8239543 ], [ -85.0425476, 31.5353312 ], [ -85.110199, 31.2715373 ], [ -85.0065857, 31.0001017 ], [ -84.8670105, 30.7203654 ], [ -82.2398377, 30.5646525 ], [ -81.9090516, 30.8185099 ], [ -81.5000301, 30.712185 ] ] ] } },
{ "type": "Feature", "properties": { "ID": "Florida" }, "geometry": { "type": "Polygon", "coordinates": [ [ [ -87.4196192, 30.4796322 ], [ -87.4473364, 30.3131371 ], [ -87.4462859, 30.2982236 ], [ -87.156809, 30.4745141 ], [ -86.3648169, 30.3807641 ], [ -85.6708878, 30.1229516 ], [ -85.3565161, 29.8887393 ], [ -85.3078507, 29.6934268 ], [ -84.8866268, 29.7300479 ], [ -84.2696427, 30.0926781 ], [ -84.0240372, 30.1065941 ], [ -83.6805721, 29.9212914 ], [ -83.4047745, 29.5316837 ], [ -83.0239152, 29.1747501 ], [ -82.8492326, 29.1821964 ], [ -82.6443986, 28.9003767 ], [ -82.6642146, 28.4479434 ], [ -82.8423966, 27.828518 ], [ -82.3138322, 26.8493513 ], [ -81.8559464, 26.4488793 ], [ -81.8008927, 26.0986189 ], [ -81.3216854, 25.7827009 ], [ -81.0865372, 25.1214053 ], [ -80.42691, 25.2217471 ], [ -80.3068742, 25.6182315 ], [ -80.1292618, 25.8878848 ], [ -80.0382381, 26.811184 ], [ -80.3809708, 27.6660831 ], [ -80.7382706, 28.3734805 ], [ -80.6094458, 28.6101749 ], [ -80.9221085, 29.0683048 ], [ -81.2558488, 29.7894555 ], [ -81.5000301, 30.712185 ], [ -81.9090516, 30.8185099 ], [ -82.2398377, 30.5646525 ], [ -84.8670105, 30.7203654 ], [ -85.0065857, 31.0001017 ], [ -87.5936463, 30.9997111 ], [ -87.4196192, 30.4796322 ] ] ] } },
{ "type": "Feature", "properties": { "ID": "Delaware" }, "geometry": { "type": "Polygon", "coordinates": [ [ [ -75.0838924, 38.4535994 ], [ -75.0577286, 38.4534366 ], [ -75.0439754, 38.4538028 ], [ -75.1663267, 38.7943824 ], [ -75.3937899, 39.055551 ], [ -75.605214, 39.6166853 ], [ -75.4244625, 39.8066136 ], [ -75.7886437, 39.7213184 ], [ -75.6937015, 38.4603535 ], [ -75.0838924, 38.4535994 ] ] ] } },
{ "type": "Feature", "properties": { "ID": "Connecticut" }, "geometry": { "type": "Polygon", "coordinates": [ [ [ -73.6428647, 41.0010655 ], [ -72.779449, 41.2701684 ], [ -71.8604238, 41.3205021 ], [ -71.8007996, 42.0109172 ], [ -73.4805359, 42.0545451 ], [ -73.5446961, 41.294926 ], [ -73.6428647, 41.0010655 ] ] ] } },
{ "type": "Feature", "properties": { "ID": "Colorado" }, "geometry": { "type": "Polygon", "coordinates": [ [ [ -104.0537293, 40.9998332 ], [ -106.8480164, 40.9998332 ], [ -109.0463318, 40.9998332 ], [ -109.0464539, 39.7498088 ], [ -109.0466004, 38.3747599 ], [ -109.0466248, 36.9998088 ], [ -107.5351746, 36.9998088 ], [ -106.2126648, 36.9998088 ], [ -104.323285, 36.9998088 ], [ -103.0007996, 36.9998088 ], [ -102.0395691, 36.9998088 ], [ -102.0443543, 38.2186564 ], [ -102.0512635, 40.0001017 ], [ -102.0518006, 40.999589 ], [ -104.0537293, 40.9998332 ] ] ] } },
{ "type": "Feature", "properties": { "ID": "California" }, "geometry": { "type": "Polygon", "coordinates": [ [ [ -124.2145214, 41.9995402 ], [ -124.0621554, 41.435876 ], [ -124.2138447, 40.7014025 ], [ -124.409202, 40.4438177 ], [ -124.3635098, 40.2614809 ], [ -123.8540188, 39.8335143 ], [ -123.8249242, 39.3472956 ], [ -123.6483066, 38.849535 ], [ -122.9745352, 38.2661942 ], [ -122.9211119, 38.0348713 ], [ -122.1463097, 37.5789684 ], [ -122.5204719, 37.5314215 ], [ -122.404457, 37.194526 ], [ -121.7898118, 36.806199 ], [ -121.946309, 36.4918914 ], [ -121.8956288, 36.3139287 ], [ -121.4899796, 35.9822452 ], [ -121.2691459, 35.6642106 ], [ -120.8710967, 35.4053084 ], [ -120.6448868, 35.1393904 ], [ -120.6478342, 34.5856756 ], [ -120.4726814, 34.450273 ], [ -119.6171596, 34.4205272 ], [ -118.9368075, 34.0432003 ], [ -118.5440568, 34.0388858 ], [ -118.3913881, 33.835941 ], [ -118.0905362, 33.7309772 ], [ -117.5088442, 33.3352053 ], [ -117.3221612, 33.1085006 ], [ -117.2574764, 32.7017276 ], [ -117.1663712, 32.669501 ], [ -117.1370066, 32.6157607 ], [ -117.1321915, 32.5680606 ], [ -117.1261287, 32.5394962 ], [ -117.1251215, 32.5316695 ], [ -115.7940643, 32.6319628 ], [ -115.2792895, 32.6708235 ], [ -114.9851989, 32.6931218 ], [ -114.8380761, 32.7042064 ], [ -114.7645406, 32.7098392 ], [ -114.7242846, 32.7128364 ], [ -114.4737488, 32.985258 ], [ -114.6967469, 33.0893596 ], [ -114.7173768, 33.4166057 ], [ -114.5358582, 33.5618693 ], [ -114.5221863, 33.9414348 ], [ -114.1273865, 34.2796672 ], [ -114.3637879, 34.4670451 ], [ -114.6282166, 35.0035685 ], [ -116.1775818, 36.2104289 ], [ -117.3928894, 37.1401408 ], [ -118.8289002, 38.1817912 ], [ -120.0000184, 38.9992228 ], [ -120.000409, 40.350883 ], [ -120.0007508, 41.9995402 ], [ -122.0932801, 41.9995402 ], [ -124.2145214, 41.9995402 ] ] ] } },
{ "type": "Feature", "properties": { "ID": "British Columbia" }, "geometry": { "type": "MultiPolygon", "coordinates": [ [ [ [ -129.0569962, 52.7410342 ], [ -128.6056209, 52.6112328 ], [ -128.5387264, 53.0197208 ], [ -129.0781144, 53.3028018 ], [ -129.1898087, 53.0233422 ], [ -129.0569962, 52.7410342 ] ] ], [ [ [ -131.2015275, 52.1383731 ], [ -131.4143774, 52.4536807 ], [ -131.6607967, 52.5424258 ], [ -131.8524064, 52.8671736 ], [ -131.6130265, 53.0563419 ], [ -131.9039607, 53.2407087 ], [ -132.5043839, 53.040432 ], [ -131.380035, 52.2029483 ], [ -131.2015275, 52.1383731 ] ] ], [ [ [ -132.6984757, 53.278876 ], [ -132.4695532, 53.1519229 ], [ -132.0078833, 53.2535668 ], [ -131.8705135, 53.7829044 ], [ -131.6932674, 53.9918887 ], [ -132.2967423, 54.1122908 ], [ -133.0405167, 54.1645369 ], [ -133.1443986, 53.896918 ], [ -132.6984757, 53.278876 ] ] ], [ [ [ -130.0372615, 53.8501651 ], [ -129.9330949, 53.6003279 ], [ -129.567535, 53.2153181 ], [ -129.336536, 53.3606145 ], [ -130.0372615, 53.8501651 ] ] ], [ [ [ -123.3570451, 48.4005801 ], [ -123.3900447, 48.6204288 ], [ -123.8133846, 49.1185977 ], [ -124.1591691, 49.3104516 ], [ -124.7947485, 49.4725609 ], [ -124.8820695, 49.724921 ], [ -125.1783341, 49.9249942 ], [ -125.4361873, 50.3136254 ], [ -127.1985571, 50.6212833 ], [ -127.5051977, 50.7733422 ], [ -128.0769751, 50.8703067 ], [ -128.3198136, 50.6098087 ], [ -127.9155167, 50.466254 ], [ -127.7752986, 50.2328555 ], [ -127.1419165, 49.8666446 ], [ -126.649729, 49.8980167 ], [ -126.5726619, 49.4142927 ], [ -126.0764868, 49.3837344 ], [ -125.7358292, 49.053046 ], [ -125.3662817, 48.9873721 ], [ -125.1851701, 48.8009708 ], [ -124.6653947, 48.5732283 ], [ -123.6539201, 48.3142764 ], [ -123.3570451, 48.4005801 ] ] ], [ [ [ -122.7530168, 48.9925145 ], [ -121.3343204, 48.9925145 ], [ -119.3560433, 48.9925145 ], [ -117.0381511, 48.9925145 ], [ -116.0481631, 48.9925145 ], [ -114.0638401, 48.9925145 ], [ -114.7382881, 49.5809274 ], [ -114.6248325, 49.7802176 ], [ -114.7751076, 50.3541361 ], [ -115.5280074, 50.7924556 ], [ -115.6203532, 50.9702225 ], [ -116.0181067, 51.1424342 ], [ -116.6849652, 51.8093961 ], [ -117.5908014, 52.1304101 ], [ -117.9919913, 52.484652 ], [ -118.2112544, 52.3667264 ], [ -118.4172109, 52.8262074 ], [ -118.8502335, 53.1832915 ], [ -119.2777527, 53.2081737 ], [ -119.7567415, 53.4146211 ], [ -120.001016, 53.8228132 ], [ -119.9999566, 55.7117418 ], [ -119.9999566, 57.7081575 ], [ -120.0, 60.00006 ], [ -123.8191034, 60.0000589 ], [ -126.1991906, 60.0000589 ], [ -130.0072786, 60.0000589 ], [ -132.3873659, 60.0000589 ], [ -135.7194364, 60.0000589 ], [ -139.0602066, 60.0000589 ], [ -137.6113631, 59.239331 ], [ -137.4231058, 58.9077233 ], [ -136.4665492, 59.2878034 ], [ -136.2584999, 59.6215815 ], [ -135.4827592, 59.7924755 ], [ -135.0161985, 59.5434468 ], [ -135.0957544, 59.4188549 ], [ -134.3980192, 59.0519522 ], [ -134.2221901, 58.8427143 ], [ -133.4630892, 58.4622208 ], [ -132.5524471, 57.4990754 ], [ -132.0318587, 57.0284065 ], [ -132.1073838, 56.8587527 ], [ -131.100546, 56.4076692 ], [ -130.0715391, 56.084123 ], [ -130.0196184, 55.9079519 ], [ -130.1306046, 55.7362735 ], [ -129.9579158, 55.273505 ], [ -130.4582413, 54.3486189 ], [ -130.112172, 54.1593285 ], [ -130.1047257, 53.9470889 ], [ -129.3349503, 53.396918 ], [ -129.2283423, 53.6327172 ], [ -128.7755428, 53.5556094 ], [ -128.8754777, 53.3062198 ], [ -128.5467423, 53.1359724 ], [ -128.4778947, 52.8683129 ], [ -128.1255997, 52.7528344 ], [ -128.2429907, 52.5587833 ], [ -127.8005265, 52.256293 ], [ -127.2835994, 52.2376977 ], [ -127.8495988, 51.9201114 ], [ -127.8736873, 51.6734073 ], [ -127.664296, 51.3981387 ], [ -127.7770076, 51.1672224 ], [ -127.4290258, 50.9431013 ], [ -127.0217993, 50.8219262 ], [ -126.1788631, 50.8532169 ], [ -126.2422583, 50.501044 ], [ -125.7032771, 50.4379337 ], [ -125.3910213, 50.4972598 ], [ -124.605214, 50.2328555 ], [ -124.7321671, 49.9542911 ], [ -124.1709692, 49.7809919 ], [ -123.9637752, 49.5211449 ], [ -123.5545955, 49.38996 ], [ -123.0905061, 48.9925145 ], [ -123.0353084, 48.9924991 ], [ -122.7530168, 48.9925145 ] ] ] ] } },
{ "type": "Feature", "properties": { "ID": "Arkansas" }, "geometry": { "type": "Polygon", "coordinates": [ [ [ -91.1664734, 33.0143351 ], [ -91.1923279, 33.7080607 ], [ -91.0454285, 33.814506 ], [ -90.8211609, 34.2856486 ], [ -90.5939637, 34.4250529 ], [ -90.593866, 34.6423381 ], [ -90.3042176, 35.0000773 ], [ -90.0845887, 35.1889689 ], [ -90.1030701, 35.385551 ], [ -89.7238465, 36.0004924 ], [ -90.3733094, 35.9861857 ], [ -90.0674988, 36.2873576 ], [ -90.1621766, 36.4998332 ], [ -92.4247986, 36.4998332 ], [ -94.6183289, 36.4998332 ], [ -94.4390809, 35.3862101 ], [ -94.4841004, 33.6474162 ], [ -94.047284, 33.5541545 ], [ -94.0412537, 33.0109416 ], [ -93.147284, 33.0117717 ], [ -91.1664734, 33.0143351 ] ] ] } },
{ "type": "Feature", "properties": { "ID": "Arizona" }, "geometry": { "type": "Polygon", "coordinates": [ [ [ -114.7242846, 32.7128364 ], [ -114.7511564, 32.65222 ], [ -114.7588045, 32.6448302 ], [ -114.7815421, 32.6280612 ], [ -114.8026778, 32.5944974 ], [ -114.7942028, 32.574111 ], [ -114.7955464, 32.5522261 ], [ -114.8094474, 32.5113242 ], [ -114.8221081, 32.5002396 ], [ -113.9616955, 32.2341318 ], [ -113.552444, 32.107602 ], [ -113.1432183, 31.9810464 ], [ -112.3247153, 31.727987 ], [ -111.0671177, 31.3336441 ], [ -109.9662805, 31.3272362 ], [ -109.4536503, 31.3273396 ], [ -109.4109139, 31.3273396 ], [ -109.3682291, 31.3273396 ], [ -109.3255186, 31.3273396 ], [ -109.2400716, 31.3273396 ], [ -109.0474305, 31.3273913 ], [ -109.0474305, 31.3276896 ], [ -109.0474305, 31.3279094 ], [ -109.0474305, 31.3288615 ], [ -109.0474305, 31.3308635 ], [ -109.0474305, 31.3325724 ], [ -109.0474305, 31.5096721 ], [ -109.0473816, 31.6867717 ], [ -109.0472596, 32.3952189 ], [ -109.0471131, 33.4578166 ], [ -109.0468934, 35.2288127 ], [ -109.0466248, 36.9998088 ], [ -111.2313172, 37.0012492 ], [ -112.4797059, 37.0020793 ], [ -114.0402039, 37.0031291 ], [ -114.0420105, 36.2197795 ], [ -114.1238953, 36.0458537 ], [ -114.5547791, 36.1605265 ], [ -114.7211853, 36.0927287 ], [ -114.6282166, 35.0035685 ], [ -114.3637879, 34.4670451 ], [ -114.1273865, 34.2796672 ], [ -114.5221863, 33.9414348 ], [ -114.5358582, 33.5618693 ], [ -114.7173768, 33.4166057 ], [ -114.6967469, 33.0893596 ], [ -114.4737488, 32.985258 ], [ -114.7242846, 32.7128364 ] ] ] } },
{ "type": "Feature", "properties": { "ID": "Alberta" }, "geometry": { "type": "Polygon", "coordinates": [ [ [ -114.0638401, 48.9925145 ], [ -111.4428829, 48.9926179 ], [ -109.9993211, 48.9926179 ], [ -109.9999727, 51.4062682 ], [ -109.9999727, 53.125078 ], [ -109.9999727, 55.1875878 ], [ -109.9999727, 56.5625426 ], [ -109.9999727, 58.2813266 ], [ -110.0, 60.00006 ], [ -113.1249499, 60.0000589 ], [ -115.0, 60.00006 ], [ -117.4999284, 60.0000589 ], [ -120.0, 60.00006 ], [ -119.9999566, 57.7081575 ], [ -119.9999566, 55.7117418 ], [ -120.001016, 53.8228132 ], [ -119.7567415, 53.4146211 ], [ -119.2777527, 53.2081737 ], [ -118.8502335, 53.1832915 ], [ -118.4172109, 52.8262074 ], [ -118.2112544, 52.3667264 ], [ -117.9919913, 52.484652 ], [ -117.5908014, 52.1304101 ], [ -116.6849652, 51.8093961 ], [ -116.0181067, 51.1424342 ], [ -115.6203532, 50.9702225 ], [ -115.5280074, 50.7924556 ], [ -114.7751076, 50.3541361 ], [ -114.6248325, 49.7802176 ], [ -114.7382881, 49.5809274 ], [ -114.0638401, 48.9925145 ] ] ] } },
{ "type": "Feature", "properties": { "ID": "Alaska" }, "geometry": { "type": "MultiPolygon", "coordinates": [ [ [ [ -132.0024308, 54.7654483 ], [ -131.9942928, 55.2681339 ], [ -132.7364396, 55.9965681 ], [ -133.0628149, 56.0523135 ], [ -133.3852433, 55.709296 ], [ -133.0630997, 55.6234805 ], [ -133.2129614, 55.2792016 ], [ -132.6085506, 55.1192081 ], [ -132.5794165, 54.9544132 ], [ -132.0024308, 54.7654483 ] ] ], [ [ [ -130.9792374, 55.4855411 ], [ -130.9687394, 55.7011173 ], [ -131.2802628, 55.9651553 ], [ -131.6706437, 55.8395043 ], [ -131.8102921, 55.47663 ], [ -131.192006, 55.1857364 ], [ -130.9792374, 55.4855411 ] ] ], [ [ [ -133.4647111, 57.0245629 ], [ -133.6966447, 56.8320173 ], [ -133.6594132, 56.4641788 ], [ -133.1479386, 56.4621036 ], [ -132.9339493, 56.6415876 ], [ -132.9803768, 56.9350447 ], [ -133.4647111, 57.0245629 ] ] ], [ [ [ -133.9089249, 56.4348005 ], [ -133.8011775, 56.7770043 ], [ -134.175852, 56.9220238 ], [ -134.357574, 56.6765811 ], [ -133.9089249, 56.4348005 ] ] ], [ [ [ -134.6425675, 56.5704613 ], [ -134.6161189, 56.728461 ], [ -134.9947811, 57.3977725 ], [ -135.3811743, 57.5536156 ], [ -135.6732072, 57.3496768 ], [ -135.3102921, 57.0473494 ], [ -135.3675431, 56.8289249 ], [ -135.0528458, 56.5378279 ], [ -134.6425675, 56.5704613 ] ] ], [ [ [ -134.6146134, 57.0101993 ], [ -133.8649796, 57.3551293 ], [ -133.9378556, 57.618557 ], [ -134.3122452, 57.9794376 ], [ -134.7978409, 58.112779 ], [ -134.6535538, 57.598212 ], [ -134.4638566, 57.3943546 ], [ -134.6146134, 57.0101993 ] ] ], [ [ [ -152.3281144, 57.4653995 ], [ -152.4863175, 57.910712 ], [ -153.1918839, 57.8052432 ], [ -153.9246313, 57.8104923 ], [ -154.6147355, 57.5265567 ], [ -154.8100073, 57.3465844 ], [ -154.5285538, 56.9916446 ], [ -153.9625138, 56.7482364 ], [ -153.2532853, 57.2367211 ], [ -152.6922094, 57.2832706 ], [ -152.3281144, 57.4653995 ] ] ], [ [ [ -152.0479223, 58.1962751 ], [ -152.4768774, 58.361477 ], [ -153.0416967, 58.3055688 ], [ -152.804921, 57.9915225 ], [ -152.0479223, 58.1962751 ] ] ], [ [ [ -163.1270646, 54.695502 ], [ -163.5716447, 55.0570336 ], [ -164.5473527, 54.8827579 ], [ -164.8452856, 54.4234887 ], [ -164.4055883, 54.4359805 ], [ -164.1326798, 54.6232364 ], [ -163.1270646, 54.695502 ] ] ], [ [ [ -166.4094132, 53.6557071 ], [ -166.4557999, 53.8961449 ], [ -166.7538956, 54.016018 ], [ -167.1634008, 53.8573673 ], [ -166.6563615, 53.5023868 ], [ -166.4094132, 53.6557071 ] ] ], [ [ [ -165.6922501, 59.9029809 ], [ -165.6844376, 60.2997908 ], [ -166.4592179, 60.3871524 ], [ -167.1898087, 60.0277774 ], [ -166.2440079, 59.8078474 ], [ -165.6922501, 59.9029809 ] ] ], [ [ [ -139.0602066, 60.0000589 ], [ -139.101608, 60.3466019 ], [ -139.6283459, 60.3340962 ], [ -140.01579, 60.1873868 ], [ -141.0011562, 60.3210737 ], [ -141.002293, 62.6535928 ], [ -141.0031457, 64.548671 ], [ -141.0042309, 66.8811384 ], [ -141.0050061, 68.4847098 ], [ -141.0055639, 69.6509464 ], [ -142.2709041, 69.8560245 ], [ -143.2356665, 70.1182315 ], [ -144.9415584, 69.9779727 ], [ -145.8801977, 70.1749535 ], [ -147.1236873, 70.1675479 ], [ -148.3814184, 70.3124861 ], [ -149.3444718, 70.5100772 ], [ -151.979685, 70.4487165 ], [ -152.4561661, 70.5558536 ], [ -152.5458471, 70.8875186 ], [ -153.3024389, 70.9286563 ], [ -154.5388077, 70.8261579 ], [ -155.1093237, 71.1503767 ], [ -155.5937394, 71.0697289 ], [ -156.8172094, 71.3063419 ], [ -157.2311906, 71.0713565 ], [ -158.0430395, 70.8368594 ], [ -159.3568009, 70.7601993 ], [ -160.8606665, 70.3473168 ], [ -162.0149633, 70.2773298 ], [ -162.9497778, 69.7904727 ], [ -163.1557511, 69.3593611 ], [ -163.622548, 69.1192081 ], [ -164.3464249, 68.9293887 ], [ -166.2367651, 68.8748233 ], [ -166.2399796, 68.5642764 ], [ -166.5481665, 68.3588321 ], [ -165.4372046, 68.0602481 ], [ -164.1514786, 67.619615 ], [ -163.6883032, 67.1032169 ], [ -162.4354956, 66.9910342 ], [ -161.8351538, 67.0549991 ], [ -161.8682755, 66.7062849 ], [ -161.6071671, 66.4539249 ], [ -161.9156388, 66.0424258 ], [ -163.6804907, 66.0785994 ], [ -163.8904923, 66.1676293 ], [ -163.9863989, 66.6122501 ], [ -164.7180883, 66.5563419 ], [ -165.8899633, 66.2410342 ], [ -167.3459367, 65.8985863 ], [ -168.0810034, 65.5914981 ], [ -167.3985545, 65.4010815 ], [ -166.3101307, 65.3121883 ], [ -166.7495102, 65.0620105 ], [ -166.3902075, 64.898505 ], [ -166.1896867, 64.5851911 ], [ -165.0355118, 64.4483096 ], [ -164.3418676, 64.5900333 ], [ -162.6071671, 64.5067813 ], [ -162.0808813, 64.7210961 ], [ -161.4221899, 64.7743594 ], [ -161.0350236, 64.5077579 ], [ -160.7915747, 63.7465274 ], [ -161.1862687, 63.5055606 ], [ -162.0869848, 63.452338 ], [ -163.0939835, 63.0573591 ], [ -164.1453751, 63.2621524 ], [ -164.5790909, 63.1405704 ], [ -165.133046, 62.5156925 ], [ -165.7055558, 62.1166039 ], [ -165.6090796, 61.8513044 ], [ -166.1999406, 61.5945499 ], [ -164.6691381, 60.825751 ], [ -165.3142798, 60.580878 ], [ -164.9889624, 60.341376 ], [ -164.2005509, 60.0343285 ], [ -164.0983374, 59.8336856 ], [ -163.6149389, 59.8008487 ], [ -162.5258276, 59.997504 ], [ -162.3749487, 60.176337 ], [ -161.713938, 59.5013695 ], [ -161.9741105, 59.1314151 ], [ -161.7173755, 58.7548429 ], [ -161.3574694, 58.7262453 ], [ -160.3521691, 59.0706594 ], [ -159.9114801, 58.7758008 ], [ -159.3849544, 58.755824 ], [ -159.0512589, 58.4247094 ], [ -158.7700089, 58.5184594 ], [ -158.793894, 58.8163516 ], [ -158.1536759, 58.6139997 ], [ -157.084462, 58.8866641 ], [ -157.061879, 58.726223 ], [ -157.5026749, 58.4636905 ], [ -157.7096655, 57.568671 ], [ -158.3124487, 57.3148868 ], [ -158.9450171, 56.8429223 ], [ -159.7457169, 56.5793318 ], [ -160.3687231, 56.2768415 ], [ -160.5207413, 55.9352074 ], [ -160.8203833, 55.7391625 ], [ -161.1242163, 55.9612491 ], [ -161.8262833, 55.8798689 ], [ -162.2269995, 55.6979027 ], [ -163.0411271, 55.0993513 ], [ -162.8776342, 54.9389509 ], [ -162.4164933, 55.0978865 ], [ -161.9566137, 55.1257185 ], [ -161.6207983, 55.6129825 ], [ -161.2791642, 55.3548852 ], [ -160.4775284, 55.494615 ], [ -159.830393, 55.8527286 ], [ -159.6252335, 55.8126895 ], [ -158.3183081, 56.1747094 ], [ -158.3550512, 56.4711368 ], [ -157.9134415, 56.653876 ], [ -157.1894018, 56.7762719 ], [ -156.346018, 57.1778018 ], [ -156.3388566, 57.415432 ], [ -155.3943986, 57.7257348 ], [ -155.0231421, 58.0255801 ], [ -154.5831193, 58.0249698 ], [ -154.1657202, 58.2167829 ], [ -153.8994034, 58.6166853 ], [ -153.4388322, 58.733588 ], [ -153.3316137, 58.9337833 ], [ -153.7115372, 59.0707462 ], [ -154.1983536, 59.0769717 ], [ -154.0763647, 59.381171 ], [ -153.5732316, 59.6421573 ], [ -153.0552872, 59.7101505 ], [ -152.7379044, 59.9083926 ], [ -152.3400773, 60.4761417 ], [ -151.7469376, 60.9168155 ], [ -151.1547745, 61.0644392 ], [ -150.6336157, 61.2986514 ], [ -149.6179907, 60.994615 ], [ -150.0437719, 60.9168155 ], [ -150.452504, 61.0342471 ], [ -151.0714819, 60.7853458 ], [ -151.4654435, 60.1876895 ], [ -151.8828833, 59.7865258 ], [ -151.2733048, 59.5599633 ], [ -151.8940324, 59.4128279 ], [ -151.7415258, 59.167141 ], [ -150.3262426, 59.4759789 ], [ -149.7385962, 59.8908552 ], [ -149.3411352, 60.0224063 ], [ -148.4019669, 59.9913598 ], [ -147.9418839, 60.4430606 ], [ -148.3064673, 60.8956973 ], [ -147.3646134, 60.8912621 ], [ -146.8155411, 61.0318057 ], [ -146.511464, 60.8185896 ], [ -145.6917618, 60.6566837 ], [ -145.9387536, 60.4560662 ], [ -144.9145402, 60.381171 ], [ -143.9186092, 59.9970157 ], [ -142.798492, 60.1123721 ], [ -140.3227433, 59.7012393 ], [ -139.6210831, 59.8902855 ], [ -139.4733781, 59.7175967 ], [ -139.8570044, 59.5462914 ], [ -138.1848852, 59.0255801 ], [ -137.5185441, 58.5647647 ], [ -136.5983781, 58.2230492 ], [ -135.8411352, 58.5283878 ], [ -135.0528458, 58.3092716 ], [ -134.4979549, 58.3539493 ], [ -133.5728654, 57.7160505 ], [ -133.3914689, 57.3351505 ], [ -132.4794816, 56.7428246 ], [ -132.4768774, 56.6044783 ], [ -131.9713029, 56.3564314 ], [ -131.9435115, 56.0069034 ], [ -132.2615454, 55.7396508 ], [ -131.9614152, 55.501044 ], [ -131.7359106, 55.8867048 ], [ -131.4143774, 56.0101993 ], [ -131.1651912, 55.9405785 ], [ -130.889882, 55.7152774 ], [ -130.8731583, 55.3420271 ], [ -131.0576066, 55.1986758 ], [ -130.9342342, 54.824449 ], [ -130.3653865, 54.907294 ], [ -129.9892472, 55.284003 ], [ -130.1736548, 55.7494978 ], [ -130.0196184, 55.9079519 ], [ -130.0715391, 56.084123 ], [ -131.100546, 56.4076692 ], [ -132.1073838, 56.8587527 ], [ -132.0318587, 57.0284065 ], [ -132.5524471, 57.4990754 ], [ -133.4630892, 58.4622208 ], [ -134.2221901, 58.8427143 ], [ -134.3980192, 59.0519522 ], [ -135.0957544, 59.4188549 ], [ -135.0161985, 59.5434468 ], [ -135.4827592, 59.7924755 ], [ -136.2584999, 59.6215815 ], [ -136.4665492, 59.2878034 ], [ -137.4231058, 58.9077233 ], [ -137.6113631, 59.239331 ], [ -139.0602066, 60.0000589 ] ] ], [ [ [ -135.9774064, 57.4971378 ], [ -135.5462947, 57.4660505 ], [ -135.6280411, 57.7060408 ], [ -135.0568742, 57.4666202 ], [ -134.8138729, 57.4974633 ], [ -134.9247941, 58.0274926 ], [ -135.8135473, 58.2743594 ], [ -136.4052628, 58.1339379 ], [ -136.3948462, 57.8856876 ], [ -135.9774064, 57.4971378 ] ] ], [ [ [ -169.0185034, 63.1813419 ], [ -170.2973527, 63.6955427 ], [ -170.9369604, 63.571682 ], [ -171.5043432, 63.6532657 ], [ -171.8528947, 63.5211856 ], [ -171.4393204, 63.3197696 ], [ -170.8561499, 63.4603539 ], [ -169.7161759, 63.0248477 ], [ -169.0185034, 63.1813419 ] ] ] ] } },
{ "type": "Feature", "properties": { "ID": "Alabama" }, "geometry": { "type": "Polygon", "coordinates": [ [ [ -88.4022156, 30.3878703 ], [ -87.9165747, 30.4233259 ], [ -87.5901587, 30.2753767 ], [ -87.4196192, 30.4796322 ], [ -87.5936463, 30.9997111 ], [ -85.0065857, 31.0001017 ], [ -85.110199, 31.2715373 ], [ -85.0425476, 31.5353312 ], [ -85.1439148, 31.8239543 ], [ -84.9007264, 32.2608683 ], [ -85.1986268, 32.9443644 ], [ -85.6056824, 34.9852092 ], [ -88.1790711, 34.9978312 ], [ -88.0894226, 34.8920451 ], [ -88.3084656, 33.233842 ], [ -88.4861512, 31.889506 ], [ -88.4022156, 30.3878703 ] ] ] } }
]
}
